sample_id,cohort,controller,candidate_id,safe,task_success,acquisition_time_s,position_rmse_3d_m,orientation_rmse_deg,ramp_peak_position_error_m,ramp_steady_state_position_error_m,total_acceleration_effort,max_abs_command_m_s2,max_command_step_m_s2,max_thrust_N,max_abs_torque_Nm,max_cutter_angular_speed_rad_s,safety_failure_reasons,solve_time_p95_ms,amplitude_saturation_fraction,slew_activity_fraction,directional_stratum
v5d_calm_00,NORMAL_CALM,paper_incremental_mpc,paper_a_001,True,False,,20.4349145389273,6.470454163614052,11.026344471347187,32.082246779787816,58.066005675022836,2.0,0.2034334444465606,138.87800098193605,1.317439223892142,0.22477257128020212,[],1.486,0.3278008298755187,0.0,not_applicable
v5d_moderate_00,NORMAL_CONSTANT,paper_incremental_mpc,paper_a_001,True,False,,34.796421727628655,7.592418375198751,32.0975173845817,55.429857429724294,69.22074024722725,2.0,0.19631468276478187,138.8859365529635,1.3245100325509351,0.23917369345250658,[],1.4398,0.5062240663900415,0.0,aligned
v5d_calm_06,NORMAL_CALM,paper_incremental_mpc,paper_a_001,True,False,,20.96898535003603,6.486014824718342,11.358811774627974,32.952805373416645,58.6232574863044,2.0,0.14824503968974018,138.72462525067505,1.3049459281763263,0.22327408144192354,[],1.4812,0.24896265560165975,0.0,not_applicable
v5d_moderate_06,NORMAL_CONSTANT,paper_incremental_mpc,paper_a_001,True,False,,35.25729361397914,7.617895827601722,32.477274309555014,56.14157390621106,69.62616877958314,2.0,0.1536840627589386,138.9621589726809,1.3106632280232537,0.23917369345250658,[],1.4322,0.43983402489626555,0.0,opposed
v5d_calm_12,NORMAL_CALM,paper_incremental_mpc,paper_a_001,True,False,,19.571542867267503,6.281175784945389,7.829810071116957,30.206407901804052,54.20225812068437,2.0,0.25,139.77473617276792,1.2770837645452078,0.2418297594397498,[],1.577,0.16597510373443983,0.0,not_applicable
v5d_moderate_12,NORMAL_CONSTANT,paper_incremental_mpc,paper_a_001,True,False,,36.136423064389234,7.636074414608879,32.69544483695636,57.5965144041487,71.01493353578766,2.0,0.25,139.16359759237736,1.2556326266783868,0.23917369345250658,[],1.4869,0.29045643153526973,0.004149377593360996,cross
v5d_strong_preexisting_aligned_00,STRONG_PREEXISTING,paper_incremental_mpc,paper_a_001,True,False,,42.23543845933034,8.122691594272728,41.4436050444963,66.86102832553321,71.65320696543682,2.0,0.2101644940152471,138.59137047290739,1.3155903997081104,0.2874283934522264,[],1.5157,0.5352697095435685,0.0,aligned
v5d_strong_preexisting_aligned_01,STRONG_PREEXISTING,paper_incremental_mpc,paper_a_001,True,False,,40.05286723445784,8.15168363856337,41.17889895576214,63.32688574561349,64.74408342007125,2.0,0.25,138.75783497928433,1.3573835197943827,0.29083370434803446,[],1.2141,0.27800829875518673,0.0,aligned
v5d_strong_preexisting_opposed_00,STRONG_PREEXISTING,paper_incremental_mpc,paper_a_001,True,False,,42.65217548276835,8.131129747406973,41.78775881780945,67.49572222071433,72.10568577691286,2.0,0.14989071837143042,138.63428549553797,1.310846381636751,0.2874283934522264,[],1.3149,0.5684647302904564,0.0,opposed
v5d_strong_preexisting_opposed_01,STRONG_PREEXISTING,paper_incremental_mpc,paper_a_001,True,False,,41.18850824283291,8.12174180606797,41.58203088528395,65.08560677523623,68.8440907054251,2.0,0.25,143.72074738482334,1.3226621719081009,0.29083370434803446,[],1.3302,0.4149377593360996,0.004149377593360996,opposed
v5d_strong_preexisting_cross_00,STRONG_PREEXISTING,paper_incremental_mpc,paper_a_001,True,False,,43.355122080862905,8.13413208214269,41.90903975027455,68.68704442093703,73.56538411873102,2.0,0.24999999999999997,138.8272509832196,1.268232572447404,0.2874283934522264,[],1.3284,0.31950207468879666,0.004149377593360996,cross
v5d_strong_preexisting_cross_01,STRONG_PREEXISTING,paper_incremental_mpc,paper_a_001,True,False,,44.718785146098234,8.10295729592249,42.57035015748247,70.94033385505794,75.44282573423868,2.0,0.24044572354930188,138.65645112540898,1.2323074882974008,0.29083370434803446,[],1.1691,0.48132780082987553,0.0,cross
v5d_strong_simultaneous_aligned_00,STRONG_SIMULTANEOUS,paper_incremental_mpc,paper_a_001,True,False,,23.163570910630163,7.639515944707826,12.620132499218993,36.44159525403227,58.15903320021613,2.0,0.2034334444465606,138.65388813489773,1.304449985122047,0.2801686551516642,[],1.3844,0.14937759336099585,0.0,aligned
v5d_strong_simultaneous_aligned_01,STRONG_SIMULTANEOUS,paper_incremental_mpc,paper_a_001,True,False,,17.49788985549056,7.687802303698813,10.015817231750056,27.626439522221112,50.23272907022519,2.0,0.25,139.03781359726057,1.3236353849966234,0.28136393415703187,[],1.1231,0.25311203319502074,0.0,aligned
v5d_strong_simultaneous_aligned_02,STRONG_SIMULTANEOUS,paper_incremental_mpc,paper_a_001,True,False,,21.565110055612035,7.659005796482073,11.839442598166407,33.8930969125371,56.41223689369214,2.0,0.2201854370916813,138.16934795737436,1.309473837757539,0.27913650180987326,[],1.204,0.22821576763485477,0.0,aligned
v5d_strong_simultaneous_aligned_03,STRONG_SIMULTANEOUS,paper_incremental_mpc,paper_a_001,True,False,,25.200160870835525,7.575987575431878,13.487755041740344,39.71836031511237,59.886465314139144,2.0,0.1694472090553196,138.5598843314679,1.2464613742591786,0.2964049827957756,[],1.1717,0.22406639004149378,0.0,aligned
v5d_strong_simultaneous_opposed_00,STRONG_SIMULTANEOUS,paper_incremental_mpc,paper_a_001,True,False,,26.263773563682083,7.767357377460837,16.953266419663507,41.76364658787102,61.076855196910984,2.0,0.14824503968974018,138.33682839701123,1.2673596243600243,0.26949866941870043,[],1.1361,0.35684647302904565,0.0,opposed
v5d_strong_simultaneous_opposed_01,STRONG_SIMULTANEOUS,paper_incremental_mpc,paper_a_001,True,False,,23.30371776409185,7.826969581928572,15.71735088201337,37.11312597189149,57.6624184069194,2.0,0.24999999999999997,140.4134538063809,1.303500391216139,0.28829080085113307,[],1.2599,0.45228215767634855,0.004149377593360996,opposed
v5d_strong_simultaneous_opposed_02,STRONG_SIMULTANEOUS,paper_incremental_mpc,paper_a_001,True,False,,23.866776567230065,7.833419068259712,16.418667525820897,38.0536771699264,58.01927003581771,2.0,0.25,139.15733023000362,1.3071157714030583,0.25601804916327486,[],1.2871,0.3651452282157676,0.0,opposed
v5d_strong_simultaneous_opposed_03,STRONG_SIMULTANEOUS,paper_incremental_mpc,paper_a_001,True,False,,27.811082240820294,7.765605794584834,18.102965641979598,44.28953372229107,62.56983965030733,2.0,0.14387177433153475,139.11804741618025,1.1972692918085872,0.26276777494880627,[],1.297,0.4024896265560166,0.0,opposed
v5d_strong_simultaneous_cross_00,STRONG_SIMULTANEOUS,paper_incremental_mpc,paper_a_001,True,False,,26.389811392366116,7.672359872457558,15.773759015605318,41.83866993021269,61.38904900196734,2.0,0.25,138.86859487291915,1.260934752649886,0.29950673006020245,[],1.2803,0.23236514522821577,0.0,cross
v5d_strong_simultaneous_cross_01,STRONG_SIMULTANEOUS,paper_incremental_mpc,paper_a_001,True,False,,29.005924254595175,7.643061346662508,18.026163824406083,46.18380390318909,63.708720024644315,2.0,0.24044572354869392,138.60806609368348,1.2231805857829146,0.30247583406231454,[],1.0962,0.24896265560165975,0.0,cross
v5d_strong_simultaneous_cross_02,STRONG_SIMULTANEOUS,paper_incremental_mpc,paper_a_001,True,False,,20.291054409016837,7.784639390700664,13.379898433292002,32.32809164162757,53.34261816945969,2.0,0.25,139.30494093875186,1.3235588299607577,0.2811594949117205,[],1.4603,0.3278008298755187,0.004149377593360996,cross
v5d_strong_simultaneous_cross_03,STRONG_SIMULTANEOUS,paper_incremental_mpc,paper_a_001,True,False,,26.579985775473123,7.657329974092402,15.671477113798158,42.12673080974383,61.49746758090788,2.0,0.25,139.65610464211298,1.2531482070887703,0.2889959999178227,[],1.2478,0.1908713692946058,0.008298755186721992,cross
v5d_calm_00,NORMAL_CALM,paper_incremental_mpc,paper_a_002,True,False,,10.31840087693368,5.529641136945406,2.2757906035451816,14.828070493096282,41.764121497577825,2.0,0.11381380180615716,139.07226097837807,1.1730192606901795,0.1669874195458237,[],1.0653,0.14522821576763487,0.0,not_applicable
v5d_moderate_00,NORMAL_CONSTANT,paper_incremental_mpc,paper_a_002,True,False,,25.12365147904944,7.086913211586927,21.01347052731068,40.32676068351928,57.14502294592986,2.0,0.11327933587647454,138.76816237573317,1.1609125827400506,0.15999641419136448,[],0.9976,0.21161825726141079,0.0,aligned
v5d_calm_06,NORMAL_CALM,paper_incremental_mpc,paper_a_002,True,False,,10.86688608396776,5.550727161045583,2.519998268370221,15.712981665635615,42.516137368223355,2.0,0.09780251686381347,139.67657203770307,1.1638850167923442,0.16413449410728817,[],1.003,0.11203319502074689,0.0,not_applicable
v5d_moderate_06,NORMAL_CONSTANT,paper_incremental_mpc,paper_a_002,True,False,,25.698072274727785,7.1140764995229615,21.608263262895306,41.21789528149223,57.88329192280174,2.0,0.10005851530191423,138.77236427079384,1.1435697421114377,0.1662401243383143,[],1.0301,0.2157676348547718,0.0,opposed
v5d_calm_12,NORMAL_CALM,paper_incremental_mpc,paper_a_002,True,False,,11.314418285938439,5.097790066847943,2.8780262924391757,16.50290193621468,38.991321480335685,2.0,0.20254727261794042,138.95456106969942,1.1524361113012738,0.1317022666827968,[],1.0519,0.11618257261410789,0.0,not_applicable
v5d_moderate_12,NORMAL_CONSTANT,paper_incremental_mpc,paper_a_002,True,False,,26.17947054112872,7.0634581531400125,21.33274926664937,41.938696953915766,59.223257120342446,2.0,0.20308173854762324,138.7618670881442,1.1113668685923985,0.1587542252471263,[],0.9954,0.22406639004149378,0.0,cross
v5d_strong_preexisting_aligned_00,STRONG_PREEXISTING,paper_incremental_mpc,paper_a_002,True,False,,34.67910681072958,7.687820139004456,32.95227057984655,55.37741752968588,61.7946625531185,2.0,0.11254323930165853,138.45090407855884,1.1607570977471955,0.16071773747797446,[],0.9113,0.5228215767634855,0.0,aligned
v5d_strong_preexisting_aligned_01,STRONG_PREEXISTING,paper_incremental_mpc,paper_a_002,True,False,,33.70441295733608,7.725325582406795,32.932439066584124,53.89953749306031,52.620185325732194,2.0,0.17036821371369643,138.0927767072434,1.1717396781559704,0.15962218184591084,[],0.9578,0.45643153526970953,0.0,aligned
v5d_strong_preexisting_opposed_00,STRONG_PREEXISTING,paper_incremental_mpc,paper_a_002,True,False,,35.02973232158612,7.689763765221109,33.2726851572452,55.89852681172826,62.2828231789219,2.0,0.09917234055988478,138.4480609481202,1.1618640764918426,0.15882132637322643,[],1.0859,0.4066390041493776,0.0,opposed
v5d_strong_preexisting_opposed_01,STRONG_PREEXISTING,paper_incremental_mpc,paper_a_002,True,False,,34.198521036662584,7.70074777528157,33.239834223451055,54.61688998572602,57.948912293007524,2.0,0.25,138.64946831829337,1.163457238019066,0.16415362785135265,[],0.9188,0.4066390041493776,0.004149377593360996,opposed
v5d_strong_preexisting_cross_00,STRONG_PREEXISTING,paper_incremental_mpc,paper_a_002,True,False,,35.49280430785571,7.686883831877355,33.20715248049121,56.64213506331751,63.90152909010448,2.0,0.20389826193974447,138.51215560943112,1.147560143319365,0.15809251207928063,[],0.859,0.44813278008298757,0.0,cross
v5d_strong_preexisting_cross_01,STRONG_PREEXISTING,paper_incremental_mpc,paper_a_002,True,False,,36.537402593713765,7.665459391975925,33.48372296485193,58.30771101233912,65.95257163416807,2.0,0.10479310636777073,138.31088359462814,1.1068021528157201,0.16094228193689092,[],0.9398,0.42738589211618255,0.0,cross
v5d_strong_simultaneous_aligned_00,STRONG_SIMULTANEOUS,paper_incremental_mpc,paper_a_002,True,False,,16.87875422391345,7.1716156791039225,8.0556811048114,26.228054046997006,48.96316813253528,2.0,0.11381380180615716,138.1885176945394,1.134675208935573,0.16514444299619413,[],0.9316,0.27385892116182575,0.0,aligned
v5d_strong_simultaneous_aligned_01,STRONG_SIMULTANEOUS,paper_incremental_mpc,paper_a_002,True,False,,14.362161488381549,7.257283835904014,7.496190271290642,22.65172741216323,39.57403733015554,2.0,0.16690871588134484,138.13353162067222,1.1808701491632603,0.15760978742758558,[],0.9809,0.17012448132780084,0.0,aligned
v5d_strong_simultaneous_aligned_02,STRONG_SIMULTANEOUS,paper_incremental_mpc,paper_a_002,True,False,,15.870401013676334,7.209072199097538,7.876224093351895,24.77464278013888,46.84263206993725,2.0,0.12319252857142383,138.4672944797104,1.115355874119671,0.15966523898329085,[],1.0126,0.17842323651452283,0.0,aligned
v5d_strong_simultaneous_aligned_03,STRONG_SIMULTANEOUS,paper_incremental_mpc,paper_a_002,True,False,,18.557992684795586,7.101272871845016,8.212045341510649,28.69164493149294,51.395266635136394,2.0,0.10258294614070795,138.2586537548731,1.1246602511805814,0.17685150044010864,[],0.9837,0.26141078838174275,0.0,aligned
v5d_strong_simultaneous_opposed_00,STRONG_SIMULTANEOUS,paper_incremental_mpc,paper_a_002,True,False,,18.620089550710436,7.247099604834654,10.12804247002705,29.222691902169228,50.83300756466972,2.0,0.09723929127290853,138.26486175035768,1.1284539607460493,0.1649920119736322,[],0.9733,0.23651452282157676,0.0,opposed
v5d_strong_simultaneous_opposed_01,STRONG_SIMULTANEOUS,paper_incremental_mpc,paper_a_002,True,False,,16.589442172123405,7.291768392054577,9.498882412128589,26.225858055765165,46.276313690838094,2.0,0.25,138.68122281955667,1.1454933257365496,0.1597870734148485,[],0.6856,0.13692946058091288,0.004149377593360996,opposed
v5d_strong_simultaneous_opposed_02,STRONG_SIMULTANEOUS,paper_incremental_mpc,paper_a_002,True,False,,17.315455891845684,7.330290152507581,10.348708741017491,27.459901640198506,46.958713211902534,2.0,0.16879819990215894,138.85328668867487,1.1307351878934153,0.15925435035330024,[],0.8975,0.16597510373443983,0.0,opposed
v5d_strong_simultaneous_opposed_03,STRONG_SIMULTANEOUS,paper_incremental_mpc,paper_a_002,True,False,,19.912349648908272,7.226438862625723,10.865629300283489,31.25252200130967,52.606990211050025,2.0,0.09987315745228176,138.7274828138856,1.092872385774361,0.16950536074166805,[],0.8442,0.22406639004149378,0.0,opposed
v5d_strong_simultaneous_cross_00,STRONG_SIMULTANEOUS,paper_incremental_mpc,paper_a_002,True,False,,18.741692378767176,7.1683719996177,9.061111340310886,29.155271058420805,51.577371681503664,2.0,0.20254727261794042,138.49089211835758,1.1345529385361663,0.1727841837385606,[],0.8465,0.2821576763485477,0.0,cross
v5d_strong_simultaneous_cross_01,STRONG_SIMULTANEOUS,paper_incremental_mpc,paper_a_002,True,False,,21.04731259593426,7.16366690156948,10.487357917741043,32.873206334022974,54.09731150929255,2.0,0.10195117630988104,138.2014448838424,1.094065970313975,0.1826757621688968,[],0.8768,0.21161825726141079,0.0,cross
v5d_strong_simultaneous_cross_02,STRONG_SIMULTANEOUS,paper_incremental_mpc,paper_a_002,True,False,,15.019556268023962,7.293905337485821,8.210272125348421,23.751306395370392,41.26899819492467,2.0,0.25,138.75084835885798,1.1436629511459746,0.15379592708265644,[],0.7791,0.11618257261410789,0.004149377593360996,cross
v5d_strong_simultaneous_cross_03,STRONG_SIMULTANEOUS,paper_incremental_mpc,paper_a_002,True,False,,18.94041804543293,7.139029634203719,8.923720559659825,29.41470952844162,51.84621556725883,2.0,0.25,138.4239598062278,1.1291001615400342,0.1742041925773228,[],0.8758,0.27800829875518673,0.004149377593360996,cross
v5d_calm_00,NORMAL_CALM,paper_incremental_mpc,paper_a_003,True,False,,24.43621540308369,6.662136578187108,14.833163585396715,38.754058778747556,62.6994527956821,2.0,0.2499990384080338,139.038446158365,1.3657007045846385,0.2408679044253445,[],1.6675,0.2033195020746888,0.0,not_applicable
v5d_moderate_00,NORMAL_CONSTANT,paper_incremental_mpc,paper_a_003,True,False,,37.87254512174026,7.697263384908906,34.98455454802862,60.236864514044804,72.91052037714877,2.0,0.24818503210254034,139.15301025798726,1.3633386135549481,0.2551121323968716,[],1.4227,0.2946058091286307,0.0,aligned
v5d_calm_06,NORMAL_CALM,paper_incremental_mpc,paper_a_003,True,False,,24.97121451982535,6.668425668372771,15.22304249465476,39.63638086818491,63.2281505281372,2.0,0.1881311791328315,138.83822442428655,1.3503520016373554,0.23844265010535493,[],1.9397,0.17427385892116182,0.0,not_applicable
v5d_moderate_06,NORMAL_CONSTANT,paper_incremental_mpc,paper_a_003,True,False,,38.35712018089993,7.726884442730601,35.4047132975886,60.992888770966196,73.33908842191654,2.0,0.19092764761612158,139.25514604646335,1.348121725756434,0.2551121323968716,[],1.6046,0.29045643153526973,0.0,opposed
v5d_calm_12,NORMAL_CALM,paper_incremental_mpc,paper_a_003,True,False,,22.59307637620321,6.305326715645402,10.719339668773689,35.37292420475239,56.54460271774076,2.0,0.25,140.04012160463012,1.329257651620092,0.24355875526512843,[],1.4542,0.1950207468879668,0.004149377593360996,not_applicable
v5d_moderate_12,NORMAL_CONSTANT,paper_incremental_mpc,paper_a_003,True,False,,39.337471058250124,7.746221589908489,35.80451355851519,62.63963718405628,74.80432044529184,2.0,0.25,139.46915979872526,1.3167854746660195,0.2551121323968716,[],1.8106,0.24066390041493776,0.004149377593360996,cross
v5d_strong_preexisting_aligned_00,STRONG_PREEXISTING,paper_incremental_mpc,paper_a_003,True,False,,44.732344082448996,8.22128827098708,43.59351315795522,70.74802196392483,75.04419882974057,2.0,0.25,138.83903446498624,1.3720085682856622,0.2924673517326989,[],1.7024,0.4854771784232365,0.004149377593360996,aligned
v5d_strong_preexisting_aligned_01,STRONG_PREEXISTING,paper_incremental_mpc,paper_a_003,True,False,,41.91162612304722,8.235626190732367,42.94753447888857,66.09460777936872,69.02209319693647,2.0,0.2499999999913936,138.99385888632156,1.43103267076726,0.29760356535554827,[],2.0907,0.33195020746887965,0.0,aligned
v5d_strong_preexisting_opposed_00,STRONG_PREEXISTING,paper_incremental_mpc,paper_a_003,True,False,,45.17228655281442,8.222689406448518,43.973471608360136,71.42580015557317,75.47527031315587,2.0,0.1685100408561759,138.9378149764114,1.36024597105291,0.2924673517326989,[],1.7382,0.5394190871369294,0.0,opposed
v5d_strong_preexisting_opposed_01,STRONG_PREEXISTING,paper_incremental_mpc,paper_a_003,True,False,,43.42694899834241,8.226635988164915,43.48806712582539,68.50591110409555,72.57949911050903,2.0,0.25,145.27097759993973,1.4016787839644296,0.29760356535554827,[],1.7557,0.35269709543568467,0.0,opposed
v5d_strong_preexisting_cross_00,STRONG_PREEXISTING,paper_incremental_mpc,paper_a_003,True,False,,45.9763991983606,8.222286105103496,44.248195126840606,72.80134029179492,77.00161019326151,2.0,0.25,139.24872690751096,1.3242021558628465,0.2924673517326989,[],1.728,0.22821576763485477,0.0,cross
v5d_strong_preexisting_cross_01,STRONG_PREEXISTING,paper_incremental_mpc,paper_a_003,True,False,,47.26363652142097,8.198909714334611,45.01189867400013,74.94103794598517,78.96589456119419,2.0,0.25,139.0657395288771,1.5053983426098074,0.29760356535554827,[],1.4605,0.33195020746887965,0.004149377593360996,cross
v5d_strong_simultaneous_aligned_00,STRONG_SIMULTANEOUS,paper_incremental_mpc,paper_a_003,True,False,,25.06905326052883,7.734803104925343,13.319783875811863,39.48920311257936,60.471838753896755,2.0,0.2499990384080338,140.25295550449127,1.3660891418206875,0.3120003789878716,[],1.4637,0.0995850622406639,0.0,aligned
v5d_strong_simultaneous_aligned_01,STRONG_SIMULTANEOUS,paper_incremental_mpc,paper_a_003,True,True,1.6050000000000004,13.750088808929588,7.373168641030986,3.1531195378706176,20.275124501744965,48.59198099619298,2.0,0.24999617673168645,138.4289529700447,1.4704838676188283,0.2779672799250652,[],1.3379,0.24066390041493776,0.0,aligned
v5d_strong_simultaneous_aligned_02,STRONG_SIMULTANEOUS,paper_incremental_mpc,paper_a_003,True,False,,23.080983594607112,7.7207164394513645,11.713567673167274,36.174462219650934,58.666926114135734,2.0,0.24999999999999997,139.62725596155659,1.4154360651724605,0.30991916475474884,[],1.8586,0.13278008298755187,0.004149377593360996,aligned
v5d_strong_simultaneous_aligned_03,STRONG_SIMULTANEOUS,paper_incremental_mpc,paper_a_003,True,False,,26.91786145347302,7.6055647615865904,14.491608741149465,42.5528859508026,61.554615136258704,2.0,0.25,140.06812792150112,1.3330426756888267,0.29512355171684346,[],1.9876,0.14107883817427386,0.004149377593360996,aligned
v5d_strong_simultaneous_opposed_00,STRONG_SIMULTANEOUS,paper_incremental_mpc,paper_a_003,True,False,,29.54591747076446,7.896648131530552,19.681640620692495,47.15303463866964,64.78436360328757,2.0,0.1881311791328315,138.2842357078676,1.323576850301593,0.34591831144008645,[],1.4834,0.24066390041493776,0.0,opposed
v5d_strong_simultaneous_opposed_01,STRONG_SIMULTANEOUS,paper_incremental_mpc,paper_a_003,True,False,,26.27097843744961,7.982533187868935,17.87583293695932,41.87186279799215,61.705684384738504,2.0,0.25,141.89151272647533,1.3428598575941393,0.3286886903268496,[],1.5237,0.3070539419087137,0.008298755186721992,opposed
v5d_strong_simultaneous_opposed_02,STRONG_SIMULTANEOUS,paper_incremental_mpc,paper_a_003,True,False,,26.705204401708805,7.988741143475163,18.394510958128585,42.59143304714607,61.90809594586665,2.0,0.24999615098428737,139.00887081189185,1.3764895387668112,0.342349799926081,[],1.456,0.1037344398340249,0.0,opposed
v5d_strong_simultaneous_opposed_03,STRONG_SIMULTANEOUS,paper_incremental_mpc,paper_a_003,True,False,,31.17501173165146,7.912484306019211,21.100475150376532,49.8464498704431,66.31673753802869,2.0,0.2423130417041499,139.25813769677978,1.284893701179754,0.3700139375852003,[],1.6245,0.27800829875518673,0.0,opposed
v5d_strong_simultaneous_cross_00,STRONG_SIMULTANEOUS,paper_incremental_mpc,paper_a_003,True,False,,29.578872782178703,7.76802098789688,18.58541117341246,47.14073989774504,64.94591267733479,2.0,0.25,139.81863759037552,1.3202618870565317,0.31079909109136805,[],1.5923,0.17842323651452283,0.004149377593360996,cross
v5d_strong_simultaneous_cross_01,STRONG_SIMULTANEOUS,paper_incremental_mpc,paper_a_003,True,False,,31.977263991940887,7.746726375594551,20.938363609141735,51.150684956192954,67.29252626461368,2.0,0.25,138.8855368818774,1.525199633861121,0.30113460519344143,[],1.6109,0.23236514522821577,0.004149377593360996,cross
v5d_strong_simultaneous_cross_02,STRONG_SIMULTANEOUS,paper_incremental_mpc,paper_a_003,True,False,,22.577860867320503,7.879957458042343,14.753216610117855,35.88775921785045,57.54517271349074,2.0,0.25,139.21486160216452,1.3973387201637086,0.31717125517560063,[],1.7131,0.26556016597510373,0.008298755186721992,cross
v5d_strong_simultaneous_cross_03,STRONG_SIMULTANEOUS,paper_incremental_mpc,paper_a_003,True,False,,29.78567904660492,7.769290488215782,18.562707942082653,47.47342777831556,65.08822521821692,2.0,0.25,141.2201341876381,1.3435497245333548,0.329706001286386,[],1.3449,0.34439834024896265,0.008298755186721992,cross
v5d_calm_00,NORMAL_CALM,paper_incremental_mpc,paper_a_004,True,False,,14.048279693529322,6.2911575733396425,5.417023667333309,21.459171738707035,49.69021237058128,2.0,0.12150088224521371,138.8776541365235,1.2350711436374642,0.21528894208933866,[],1.3515,0.21161825726141079,0.0,not_applicable
v5d_moderate_00,NORMAL_CONSTANT,paper_incremental_mpc,paper_a_004,True,False,,30.89425155635141,7.467660664381486,28.845564853042728,49.36457909148777,63.327107807935704,2.0,0.12256698712295844,138.55823869886433,1.2419407658995936,0.21377477689388047,[],1.3781,0.17427385892116182,0.0,aligned
v5d_calm_06,NORMAL_CALM,paper_incremental_mpc,paper_a_004,True,False,,14.513667799303303,6.302775626609239,5.649330142015125,22.19283246144729,50.34753219062473,2.0,0.11963702827188638,138.58516264727672,1.2314069449877423,0.21321061299370436,[],1.5537,0.17012448132780084,0.0,not_applicable
v5d_moderate_06,NORMAL_CONSTANT,paper_incremental_mpc,paper_a_004,True,False,,31.26172808072891,7.475671245018254,29.163953905047077,49.91615200026503,63.77220582691449,2.0,0.12256698712295844,138.57561293195664,1.2434554014667387,0.21322229886641492,[],1.1965,0.21991701244813278,0.0,opposed
v5d_calm_12,NORMAL_CALM,paper_incremental_mpc,paper_a_004,True,False,,13.260654816938727,5.907862005394827,3.2926600485734054,19.507971829386488,46.32682133734566,2.0,0.14027173336278123,139.37056894314912,1.2280357944790607,0.21655220505830206,[],1.2101,0.3070539419087137,0.0,not_applicable
v5d_moderate_12,NORMAL_CONSTANT,paper_incremental_mpc,paper_a_004,True,False,,31.809885485898594,7.478586127377116,29.116198745021986,50.7925631015118,65.22856734113056,2.0,0.14146532789589317,138.69089583174755,1.223206649719764,0.2129335783203427,[],1.3413,0.3941908713692946,0.0,cross
v5d_strong_preexisting_aligned_00,STRONG_PREEXISTING,paper_incremental_mpc,paper_a_004,True,False,,39.15956699409807,8.00777382971428,39.046670174289,62.10625534727043,66.26047452598041,2.0,0.12743091547464092,138.63819649171361,1.2223242656539006,0.21900320393313483,[],1.1688,0.4854771784232365,0.0,aligned
v5d_strong_preexisting_aligned_01,STRONG_PREEXISTING,paper_incremental_mpc,paper_a_004,True,False,,38.12081853491323,8.035514989593878,39.01858424448785,60.48371963652611,58.01776125344685,2.0,0.12817189352094016,138.59761065736404,1.2469658607073804,0.2219524302763889,[],1.2442,0.38589211618257263,0.0,aligned
v5d_strong_preexisting_opposed_00,STRONG_PREEXISTING,paper_incremental_mpc,paper_a_004,True,False,,39.49623315579502,8.014244427057637,39.3489731536315,62.602052005249924,66.71952403526294,2.0,0.12743091547464092,138.60468950232965,1.2231874681962194,0.21900320393313483,[],1.2748,0.4730290456431535,0.0,opposed
v5d_strong_preexisting_opposed_01,STRONG_PREEXISTING,paper_incremental_mpc,paper_a_004,True,False,,38.7048689001812,8.004356060058452,39.36955735216232,61.34221874048496,62.860251980946174,2.0,0.2125738102946464,138.63670158902858,1.2496412823275211,0.2219524302763889,[],1.2432,0.34024896265560167,0.0,opposed
v5d_strong_preexisting_cross_00,STRONG_PREEXISTING,paper_incremental_mpc,paper_a_004,True,False,,39.90748888042782,8.011878397611127,39.26750398652073,63.287148276918295,68.19362142888899,2.0,0.1435808892077877,138.52678547007957,1.2173809010207248,0.21900320393313483,[],1.1376,0.4605809128630705,0.0,cross
v5d_strong_preexisting_cross_01,STRONG_PREEXISTING,paper_incremental_mpc,paper_a_004,True,False,,40.83455186109919,7.981381960918717,39.539729076227026,64.7851338627766,70.01602439360889,2.0,0.12817189352094016,138.7354298429148,1.1878912913226582,0.2219524302763889,[],1.2799,0.6016597510373444,0.0,cross
v5d_strong_simultaneous_aligned_00,STRONG_SIMULTANEOUS,paper_incremental_mpc,paper_a_004,True,False,,20.048924367796978,7.568579795205158,11.762518158800663,31.653849704775887,53.508602956796224,2.0,0.12477789073018308,138.76799710126437,1.1996683820153091,0.2387472421816859,[],1.1243,0.2074688796680498,0.0,aligned
v5d_strong_simultaneous_aligned_01,STRONG_SIMULTANEOUS,paper_incremental_mpc,paper_a_004,True,False,,17.522053471274663,7.609566005626139,11.14745968690047,27.99386642427438,45.12247079042183,2.0,0.1298002448294011,138.62086295944638,1.2511482651559394,0.24330737174503334,[],1.3326,0.23651452282157676,0.0,aligned
v5d_strong_simultaneous_aligned_02,STRONG_SIMULTANEOUS,paper_incremental_mpc,paper_a_004,True,False,,19.09920266025836,7.597014102340857,11.584764880092512,30.260131663408494,51.664818676629245,2.0,0.1313806880484618,139.02206520629036,1.2056878335524117,0.2387456538859055,[],1.1535,0.35684647302904565,0.0,aligned
v5d_strong_simultaneous_aligned_03,STRONG_SIMULTANEOUS,paper_incremental_mpc,paper_a_004,True,False,,21.579962374366087,7.490594103011502,11.851900629665725,33.921157735951475,55.75996839924955,2.0,0.13248757777457554,138.96115086593045,1.166068423302056,0.24828580750159637,[],1.0178,0.24066390041493776,0.0,aligned
v5d_strong_simultaneous_opposed_00,STRONG_SIMULTANEOUS,paper_incremental_mpc,paper_a_004,True,False,,21.77275627111969,7.629900510477902,13.956207665007646,34.5703736055246,55.21348273400074,2.0,0.12741156409899101,138.89568739949985,1.1906581754525494,0.22297792759237328,[],1.1805,0.43983402489626555,0.0,opposed
v5d_strong_simultaneous_opposed_01,STRONG_SIMULTANEOUS,paper_incremental_mpc,paper_a_004,True,False,,19.989862298139144,7.66205823821382,13.488764556272434,31.923514531411207,51.293014307836415,2.0,0.21086286620694455,138.51821190317784,1.2461317571989703,0.2160665671963791,[],1.1802,0.2863070539419087,0.0,opposed
v5d_strong_simultaneous_opposed_02,STRONG_SIMULTANEOUS,paper_incremental_mpc,paper_a_004,True,False,,20.436165256202997,7.681921716209005,14.027112629992068,32.669010457060416,51.75565357745083,2.0,0.12814074993644953,139.04092526412884,1.2266747072258293,0.22733794828315393,[],1.2176,0.3070539419087137,0.0,opposed
v5d_strong_simultaneous_opposed_03,STRONG_SIMULTANEOUS,paper_incremental_mpc,paper_a_004,True,False,,22.89302455050567,7.611254784247469,14.549114089233672,36.320677196437295,56.75382272680744,2.0,0.1298437210235499,138.95054035031228,1.1567571838168296,0.2381274740196274,[],0.8213,0.25311203319502074,0.0,opposed
v5d_strong_simultaneous_cross_00,STRONG_SIMULTANEOUS,paper_incremental_mpc,paper_a_004,True,False,,21.922114476382596,7.562095074295609,12.963391692398929,34.622981574198946,55.95090682598808,2.0,0.14027173336278123,138.47191382971965,1.1799428290551377,0.22559130082766546,[],1.0319,0.26141078838174275,0.0,cross
v5d_strong_simultaneous_cross_01,STRONG_SIMULTANEOUS,paper_incremental_mpc,paper_a_004,True,False,,23.85548595522077,7.532918823779094,14.060770295176823,37.70583777907995,58.11814844320519,2.0,0.12847949536999215,138.9432055225058,1.147713048247173,0.22535923398348828,[],1.1823,0.24896265560165975,0.0,cross
v5d_strong_simultaneous_cross_02,STRONG_SIMULTANEOUS,paper_incremental_mpc,paper_a_004,True,False,,18.457067312443307,7.654528195489797,12.256213382054645,29.5421819626285,46.88875663136478,2.0,0.2022508218657422,138.74523372548833,1.2479512029851956,0.23002437357195504,[],1.0026,0.2821576763485477,0.0,cross
v5d_strong_simultaneous_cross_03,STRONG_SIMULTANEOUS,paper_incremental_mpc,paper_a_004,True,False,,22.101590870663493,7.543152320774912,12.820453386150666,34.863889739803476,56.23435950359247,2.0,0.1955078554407774,138.98307212408946,1.151296513833344,0.23687645481054728,[],0.8216,0.22821576763485477,0.0,cross
v5d_calm_00,NORMAL_CALM,paper_incremental_mpc,paper_a_005,True,False,,24.27285513087669,6.663172527786856,14.713345414721562,38.4879367506449,62.45013029088393,2.0,0.24999999959601563,138.91827716865558,1.331221171873144,0.24391083720520632,[],1.38,0.26556016597510373,0.0,not_applicable
v5d_moderate_00,NORMAL_CONSTANT,paper_incremental_mpc,paper_a_005,True,False,,37.66334921144498,7.694152600890367,34.78699754436924,59.91263957673448,72.60042296593905,2.0,0.25,139.00458289871705,1.3320691061412187,0.25935500082885793,[],1.2295,0.35269709543568467,0.004149377593360996,aligned
v5d_calm_06,NORMAL_CALM,paper_incremental_mpc,paper_a_005,True,False,,24.865163045939482,6.673661466607934,15.153335060943116,39.46469548544636,63.025993639918,2.0,0.2475986021880404,138.70028472381833,1.3142479935898492,0.24275488103459095,[],1.1827,0.27800829875518673,0.0,not_applicable
v5d_moderate_06,NORMAL_CONSTANT,paper_incremental_mpc,paper_a_005,True,False,,38.17142347001433,7.728534070260389,35.217756503284924,60.70699936843309,73.04675320652628,2.0,0.25,139.11764523468588,1.3112573324586119,0.25935500082885793,[],1.2219,0.5477178423236515,0.004149377593360996,opposed
v5d_calm_12,NORMAL_CALM,paper_incremental_mpc,paper_a_005,True,False,,23.571204862988303,6.441560626121144,11.733269471269713,37.068325324306684,59.0739997307428,2.0,0.25,140.02332767074833,1.2681453561414957,0.26746999023952184,[],1.2401,0.16597510373443983,0.004149377593360996,not_applicable
v5d_moderate_12,NORMAL_CONSTANT,paper_incremental_mpc,paper_a_005,True,False,,39.21311832767277,7.750668910082393,35.64644165645684,62.453608687593835,74.6461129979254,2.0,0.25000000000000006,139.35313465907555,1.2681812638967365,0.25935500082885793,[],1.2179,0.5767634854771784,0.004149377593360996,cross
v5d_strong_preexisting_aligned_00,STRONG_PREEXISTING,paper_incremental_mpc,paper_a_005,True,False,,44.5697226879616,8.220336340903241,43.45361481123583,70.4969684346185,74.76789079224407,2.0,0.25,138.69613244584488,1.3474039375766815,0.29553172282109147,[],1.1434,0.2946058091286307,0.004149377593360996,aligned
v5d_strong_preexisting_aligned_01,STRONG_PREEXISTING,paper_incremental_mpc,paper_a_005,True,False,,41.72727420112927,8.23663155445681,42.822689614953084,65.81412364992102,68.55820041831177,2.0,0.25,138.89029062430876,1.4167637738071548,0.3000562625670254,[],1.2577,0.2987551867219917,0.004149377593360996,aligned
v5d_strong_preexisting_opposed_00,STRONG_PREEXISTING,paper_incremental_mpc,paper_a_005,True,False,,45.027266867691345,8.223923738462485,43.83886325411535,71.20409187189661,75.23040825701275,2.0,0.22834723806707996,138.8040842625414,1.3274562256066973,0.29553172282109147,[],1.2044,0.6141078838174274,0.0,opposed
v5d_strong_preexisting_opposed_01,STRONG_PREEXISTING,paper_incremental_mpc,paper_a_005,True,False,,43.226272803773185,8.22665130486433,43.351678933080365,68.1938218058347,72.30518156974524,2.0,0.25,147.2726138745715,1.4003860943324735,0.3000562625670254,[],1.2359,0.4190871369294606,0.004149377593360996,opposed
v5d_strong_preexisting_cross_00,STRONG_PREEXISTING,paper_incremental_mpc,paper_a_005,True,False,,45.882853252529266,8.224064708183114,44.13512898787339,72.66460061522814,76.90645288262014,2.0,0.25,139.24881165075163,1.2769323992832096,0.29553172282109147,[],1.2693,0.43568464730290457,0.008298755186721992,cross
v5d_strong_preexisting_cross_01,STRONG_PREEXISTING,paper_incremental_mpc,paper_a_005,True,False,,47.266939420400924,8.198552429370858,44.945734390570955,74.96608124214215,79.08876756505067,2.0,0.25,139.04956264817477,1.6058331696984898,0.3000562625670254,[],1.2019,0.5435684647302904,0.004149377593360996,cross
v5d_strong_simultaneous_aligned_00,STRONG_SIMULTANEOUS,paper_incremental_mpc,paper_a_005,True,False,,24.965439164824627,7.746071859189402,13.276783711818581,39.32290096318988,60.29820642929799,2.0,0.24999999959601563,140.09561912395864,1.327512185821829,0.3182917273600237,[],1.3031,0.25311203319502074,0.0,aligned
v5d_strong_simultaneous_aligned_01,STRONG_SIMULTANEOUS,paper_incremental_mpc,paper_a_005,True,False,,14.4001332670209,7.398133465043361,4.141172608822664,21.55757916109434,49.21294226523984,2.0,0.25,138.77274566783097,1.4737233332783795,0.2564687880032585,[],1.1971,0.2157676348547718,0.004149377593360996,aligned
v5d_strong_simultaneous_aligned_02,STRONG_SIMULTANEOUS,paper_incremental_mpc,paper_a_005,True,False,,22.936813399566383,7.736121733279196,11.672303489535523,35.94735450925329,58.477263177704245,2.0,0.24999999974601364,139.42422950431268,1.4059821281149802,0.31782874913262354,[],1.1863,0.3112033195020747,0.0,aligned
v5d_strong_simultaneous_aligned_03,STRONG_SIMULTANEOUS,paper_incremental_mpc,paper_a_005,True,False,,26.81446161296582,7.5909702070899545,14.37174008072279,42.377418498256326,61.320891741051895,2.0,0.25,140.07862099027042,1.286742287253158,0.28893865042930766,[],1.27,0.14107883817427386,0.004149377593360996,aligned
v5d_strong_simultaneous_opposed_00,STRONG_SIMULTANEOUS,paper_incremental_mpc,paper_a_005,True,False,,29.429938109040997,7.9015417007184015,19.603412857709746,46.96531311447383,64.57903989632995,2.0,0.2475986021880404,138.16861702486435,1.2795027385320727,0.3463442101498335,[],1.2113,0.35684647302904565,0.0,opposed
v5d_strong_simultaneous_opposed_01,STRONG_SIMULTANEOUS,paper_incremental_mpc,paper_a_005,True,False,,25.925033674866466,7.988050721326802,17.598919084579855,41.313273750825665,61.37117527287187,2.0,0.24999999999999997,143.83125482243486,1.3291771094448213,0.3254645690218029,[],0.9462,0.2821576763485477,0.004149377593360996,opposed
v5d_strong_simultaneous_opposed_02,STRONG_SIMULTANEOUS,paper_incremental_mpc,paper_a_005,True,False,,26.54650148805788,7.99530047706563,18.40273002471213,42.35028479820377,61.66069442630813,2.0,0.25,138.9623008189627,1.373815432476768,0.3453977279399538,[],1.1363,0.34854771784232363,0.004149377593360996,opposed
v5d_strong_simultaneous_opposed_03,STRONG_SIMULTANEOUS,paper_incremental_mpc,paper_a_005,True,False,,31.160007520460997,7.915975068891587,21.11472550322422,49.82486149896585,66.2079496093087,2.0,0.25,139.14213585535353,1.2150969749284273,0.3722969237911662,[],1.4444,0.33195020746887965,0.004149377593360996,opposed
v5d_strong_simultaneous_cross_00,STRONG_SIMULTANEOUS,paper_incremental_mpc,paper_a_005,True,False,,29.46764251222612,7.781080287775024,18.42721266919841,46.95279678956234,64.82005422383764,2.0,0.25,139.82054442219157,1.2816533389398708,0.32142927628004864,[],1.0433,0.3775933609958506,0.004149377593360996,cross
v5d_strong_simultaneous_cross_01,STRONG_SIMULTANEOUS,paper_incremental_mpc,paper_a_005,True,False,,32.12838365968464,7.743108192370892,21.07207295705291,51.40320067132125,67.494161461178,2.0,0.25,139.04122677901415,1.6494995150422884,0.3015245811556834,[],1.1471,0.25311203319502074,0.004149377593360996,cross
v5d_strong_simultaneous_cross_02,STRONG_SIMULTANEOUS,paper_incremental_mpc,paper_a_005,True,False,,22.077811095258554,7.903989242763463,14.29548602283897,35.07606303128737,57.01856707539616,2.0,0.24999999565726289,139.14233734271392,1.3854634585036125,0.3305653127601428,[],1.0663,0.35269709543568467,0.0,cross
v5d_strong_simultaneous_cross_03,STRONG_SIMULTANEOUS,paper_incremental_mpc,paper_a_005,True,False,,29.631435656031957,7.776023992617121,18.338303707065926,47.2119779640936,64.96253503129242,2.0,0.25,143.16085311993484,1.2649280891213468,0.34024014216217535,[],1.132,0.2821576763485477,0.004149377593360996,cross
v5d_calm_00,NORMAL_CALM,paper_incremental_mpc,paper_a_006,True,False,,23.17757405518973,6.636736496008625,13.761617608565428,36.67036475698174,61.39843974347692,2.0,0.24999709417770144,138.9477161214486,1.3524182902864337,0.24670734395843694,[],1.2239,0.35269709543568467,0.0,not_applicable
v5d_moderate_00,NORMAL_CONSTANT,paper_incremental_mpc,paper_a_006,True,False,,37.34898585302691,7.696488135258646,34.84766248738231,59.36690832675452,72.07567034939552,2.0,0.24999997976813013,138.88095442811647,1.3845856379118582,0.25836524464214566,[],1.1889,0.5103734439834025,0.0,aligned
v5d_calm_06,NORMAL_CALM,paper_incremental_mpc,paper_a_006,True,False,,23.743533282561938,6.6460906697516,14.1630055454542,37.600582432871036,61.94638105629697,2.0,0.25,138.59697892274812,1.3481675180387735,0.24456819938080937,[],1.1049,0.3817427385892116,0.004149377593360996,not_applicable
v5d_moderate_06,NORMAL_CONSTANT,paper_incremental_mpc,paper_a_006,True,False,,37.829762577825626,7.7246262027004535,35.25111115689318,60.11402521426769,72.50500141163205,2.0,0.24999999999999997,138.97308511298803,1.3695419304851122,0.25836524464214566,[],1.3049,0.5103734439834025,0.004149377593360996,opposed
v5d_calm_12,NORMAL_CALM,paper_incremental_mpc,paper_a_006,True,False,,22.304507152627533,6.440522489825835,10.475380336309934,34.90694514909862,57.919510115028146,2.0,0.25,139.83034506864539,1.3124286413732082,0.26772217995786796,[],1.4538,0.2033195020746888,0.004149377593360996,not_applicable
v5d_moderate_12,NORMAL_CONSTANT,paper_incremental_mpc,paper_a_006,True,False,,38.72248120445617,7.742887264849482,35.55495959912679,61.61191145421061,73.87992268294698,2.0,0.25,139.17790624202502,1.310243887911482,0.25836524464214566,[],1.244,0.5020746887966805,0.008298755186721992,cross
v5d_strong_preexisting_aligned_00,STRONG_PREEXISTING,paper_incremental_mpc,paper_a_006,True,False,,44.360016909083875,8.22072137317125,43.601538135142235,70.1002808694058,74.2095372727394,2.0,0.24999999965330194,138.5902609041616,1.3697984717658196,0.2869953141828569,[],1.2664,0.5601659751037344,0.0,aligned
v5d_strong_preexisting_aligned_01,STRONG_PREEXISTING,paper_incremental_mpc,paper_a_006,True,False,,41.78398574762813,8.233818830366069,43.123836476693846,65.86672760153674,67.84032442567934,2.0,0.25,138.77112561609883,1.4175325682761075,0.29249069651610865,[],1.1087,0.4149377593360996,0.004149377593360996,aligned
v5d_strong_preexisting_opposed_00,STRONG_PREEXISTING,paper_incremental_mpc,paper_a_006,True,False,,44.797148022201306,8.221247977151872,43.96840989337084,70.77134349565344,74.63734074720884,2.0,0.25,138.6672762380514,1.3671658163847946,0.2869953141828569,[],1.1542,0.5518672199170125,0.004149377593360996,opposed
v5d_strong_preexisting_opposed_01,STRONG_PREEXISTING,paper_incremental_mpc,paper_a_006,True,False,,43.147701497892974,8.228565854457942,43.597278705298,68.0193769061607,71.62109039636613,2.0,0.25,146.41648013756088,1.3861556015785819,0.29249069651610865,[],1.2859,0.4066390041493776,0.008298755186721992,opposed
v5d_strong_preexisting_cross_00,STRONG_PREEXISTING,paper_incremental_mpc,paper_a_006,True,False,,45.529527337406996,8.21854000966119,44.16892022296235,72.02497230122526,76.04994703222431,2.0,0.25000000000000006,138.88378059458606,1.3077035818917715,0.2869953141828569,[],1.1218,0.5477178423236515,0.008298755186721992,cross
v5d_strong_preexisting_cross_01,STRONG_PREEXISTING,paper_incremental_mpc,paper_a_006,True,False,,46.80907389956651,8.193752419781205,44.873389444363916,74.14937115304711,77.84044172955562,2.0,0.25,138.68150727615713,1.3181815181218435,0.29249069651610865,[],1.1597,0.5394190871369294,0.004149377593360996,cross
v5d_strong_simultaneous_aligned_00,STRONG_SIMULTANEOUS,paper_incremental_mpc,paper_a_006,True,False,,25.033537894243757,7.738581286479411,13.971861018300862,39.51259926075301,60.40211869664515,2.0,0.24999709417770144,139.2162182669633,1.357589105370598,0.2873888509078972,[],1.1253,0.4107883817427386,0.0,aligned
v5d_strong_simultaneous_aligned_01,STRONG_SIMULTANEOUS,paper_incremental_mpc,paper_a_006,True,False,,17.88432023177844,7.716475854729119,9.483659002553422,28.022201662992618,52.15952516092103,2.0,0.25,139.21103203650867,1.3447290041314317,0.29480428290453226,[],1.0991,0.36099585062240663,0.004149377593360996,aligned
v5d_strong_simultaneous_aligned_02,STRONG_SIMULTANEOUS,paper_incremental_mpc,paper_a_006,True,False,,23.282870356996735,7.749961960267932,12.83431381464041,36.65168783130949,58.71014446037049,2.0,0.24999696177072686,138.4442410152168,1.3800046264860102,0.2889138803776902,[],1.2225,0.3775933609958506,0.0,aligned
v5d_strong_simultaneous_aligned_03,STRONG_SIMULTANEOUS,paper_incremental_mpc,paper_a_006,True,False,,26.899171401755808,7.667872966016502,14.940040154570731,42.56225622437832,61.76220318004834,2.0,0.25,139.10500112505758,1.2958047985280352,0.30958461119417824,[],1.2153,0.24896265560165975,0.004149377593360996,aligned
v5d_strong_simultaneous_opposed_00,STRONG_SIMULTANEOUS,paper_incremental_mpc,paper_a_006,True,False,,28.608585411831715,7.887815533923843,19.046264275424342,45.62193997248166,63.72976422946351,2.0,0.25,138.17406140486213,1.3302371829891846,0.3358398012280282,[],0.976,0.4979253112033195,0.004149377593360996,opposed
v5d_strong_simultaneous_opposed_01,STRONG_SIMULTANEOUS,paper_incremental_mpc,paper_a_006,True,False,,25.35549415818804,7.966831288975083,17.371662397416447,40.418202802450764,60.49708112333933,2.0,0.25,143.12943710169563,1.3511939807819582,0.30632183584300227,[],1.114,0.36929460580912865,0.008298755186721992,opposed
v5d_strong_simultaneous_opposed_02,STRONG_SIMULTANEOUS,paper_incremental_mpc,paper_a_006,True,False,,25.917735220331814,7.971850030007968,18.086328618138012,41.354050449500185,60.81987581686387,2.0,0.24999999999999997,139.02897077072885,1.3701002540451905,0.33199138877143664,[],1.0892,0.38589211618257263,0.004149377593360996,opposed
v5d_strong_simultaneous_opposed_03,STRONG_SIMULTANEOUS,paper_incremental_mpc,paper_a_006,True,False,,30.14188001188742,7.895392287381197,20.319912406144596,48.146196192950306,65.14039558288063,2.0,0.25,139.13121072999783,1.2495062450420469,0.36062268434174255,[],1.1211,0.37344398340248963,0.004149377593360996,opposed
v5d_strong_simultaneous_cross_00,STRONG_SIMULTANEOUS,paper_incremental_mpc,paper_a_006,True,False,,28.678613032707464,7.774833314561754,17.92801534656481,45.65263888955545,63.94510009407203,2.0,0.25,139.15188407104296,1.2991274388407936,0.3101914748762148,[],1.026,0.43568464730290457,0.004149377593360996,cross
v5d_strong_simultaneous_cross_01,STRONG_SIMULTANEOUS,paper_incremental_mpc,paper_a_006,True,False,,31.107866128822483,7.75225543160176,20.222520479507388,49.70382978358254,66.14193567432115,2.0,0.24999999999999997,138.66522718045425,1.3217157001584159,0.2952614894212903,[],1.03,0.44813278008298757,0.004149377593360996,cross
v5d_strong_simultaneous_cross_02,STRONG_SIMULTANEOUS,paper_incremental_mpc,paper_a_006,True,False,,21.961725716094488,7.883879524379456,14.649221701357936,34.970436678091524,56.342694134835035,2.0,0.25,139.19904574712692,1.3853572889361947,0.31787126967746904,[],1.1741,0.3360995850622407,0.012448132780082987,cross
v5d_strong_simultaneous_cross_03,STRONG_SIMULTANEOUS,paper_incremental_mpc,paper_a_006,True,False,,28.787872351587495,7.771522438592505,17.781378052309325,45.81697950434537,63.98569309115533,2.0,0.25,142.59449975411565,1.3206336716317435,0.32394949584997484,[],1.2608,0.44398340248962653,0.012448132780082987,cross
v5d_calm_00,NORMAL_CALM,paper_incremental_mpc,paper_a_007,True,False,,16.3705803077589,6.275942837438508,7.059712894021237,25.250304397281898,52.60830013324604,2.0,0.11501889967260825,138.72130778800047,1.2344283508428588,0.20652518053585264,[],1.2387,0.22821576763485477,0.0,not_applicable
v5d_moderate_00,NORMAL_CONSTANT,paper_incremental_mpc,paper_a_007,True,False,,30.908881961623756,7.437269082427158,27.84677146732403,49.41312565637201,64.55100630669223,2.0,0.11937605760280356,138.91820454249915,1.2279928660013348,0.2107734413723585,[],1.29,0.5103734439834025,0.0,aligned
v5d_calm_06,NORMAL_CALM,paper_incremental_mpc,paper_a_007,True,False,,16.884431200497072,6.2915995561527005,7.345845315713125,26.076046868257478,53.236477599732964,2.0,0.11228515719781096,139.1347066365643,1.2123496467143657,0.20478202214748337,[],1.3431,0.27385892116182575,0.0,not_applicable
v5d_moderate_06,NORMAL_CONSTANT,paper_incremental_mpc,paper_a_007,True,False,,31.33513996595221,7.444272719563953,28.197598780641552,50.06492935583209,64.96681327529409,2.0,0.11937605760280356,138.96593200766858,1.215859824914463,0.20837878484542607,[],1.308,0.45228215767634855,0.0,opposed
v5d_calm_12,NORMAL_CALM,paper_incremental_mpc,paper_a_007,True,False,,15.658526446012496,5.8889074156498635,4.91822881662466,23.546743422369797,48.41029804018309,2.0,0.16819552583835606,139.7384174826168,1.1775916305498755,0.20066177023303727,[],1.2413,0.12863070539419086,0.0,not_applicable
v5d_moderate_12,NORMAL_CONSTANT,paper_incremental_mpc,paper_a_007,True,False,,32.1121590114752,7.449581685250385,28.273957849085,51.316219945512444,66.40267657351218,2.0,0.17204907241728443,139.1361789566077,1.1575467287517582,0.20692701062615237,[],1.4177,0.4066390041493776,0.0,cross
v5d_strong_preexisting_aligned_00,STRONG_PREEXISTING,paper_incremental_mpc,paper_a_007,True,False,,39.02851366223466,7.972452440081507,38.050113943322174,61.99282150363181,67.59439400123262,2.0,0.12004363139571339,138.64551172709773,1.2188298871937424,0.2343802722729038,[],1.1709,0.36929460580912865,0.0,aligned
v5d_strong_preexisting_aligned_01,STRONG_PREEXISTING,paper_incremental_mpc,paper_a_007,True,False,,37.442444116160516,8.025500685788064,37.958265273111806,59.49232431257405,59.72597973904979,2.0,0.13089050856889267,138.777248687489,1.2649968222039845,0.23712725163987627,[],1.3493,0.3775933609958506,0.0,aligned
v5d_strong_preexisting_opposed_00,STRONG_PREEXISTING,paper_incremental_mpc,paper_a_007,True,False,,39.413643283965186,7.989221267040017,38.37084776882134,62.571952667316765,68.0654530510238,2.0,0.12004363139571339,138.63604912628827,1.2154100890758235,0.2343802722729038,[],1.2353,0.3651452282157676,0.0,opposed
v5d_strong_preexisting_opposed_01,STRONG_PREEXISTING,paper_incremental_mpc,paper_a_007,True,False,,38.25055843783377,7.962823234079832,38.31548364769071,60.70550614440178,64.3758644957102,2.0,0.2499997022395845,140.2489983956101,1.2415054000635302,0.23712725163987627,[],1.1757,0.4024896265560166,0.0,opposed
v5d_strong_preexisting_cross_00,STRONG_PREEXISTING,paper_incremental_mpc,paper_a_007,True,False,,40.01135673363069,7.997249650828881,38.37719703488308,63.56566545302306,69.57934571341553,2.0,0.17277502173543252,138.753812619729,1.1768611581802342,0.2343802722729038,[],1.2788,0.46473029045643155,0.0,cross
v5d_strong_preexisting_cross_01,STRONG_PREEXISTING,paper_incremental_mpc,paper_a_007,True,False,,41.243423881701986,7.961938631893655,38.84064866344283,65.57534569364839,71.51810324361585,2.0,0.12080885765930272,138.65817116978877,1.1473888870132514,0.23712725163987627,[],1.2768,0.4024896265560166,0.0,cross
v5d_strong_simultaneous_aligned_00,STRONG_SIMULTANEOUS,paper_incremental_mpc,paper_a_007,True,False,,20.19660802251142,7.4819734377984695,10.448524391748009,31.60209152082478,54.2799179944095,2.0,0.12492302645526054,138.21903723571933,1.1986189214618297,0.23391602078622273,[],1.0391,0.25311203319502074,0.0,aligned
v5d_strong_simultaneous_aligned_01,STRONG_SIMULTANEOUS,paper_incremental_mpc,paper_a_007,True,False,,16.029204762007218,7.559423293646378,9.020132231907724,25.36395458477044,45.852950412298384,2.0,0.1385679617462632,138.79230615326057,1.2564358690078952,0.22729499854567073,[],1.1778,0.26141078838174275,0.0,aligned
v5d_strong_simultaneous_aligned_02,STRONG_SIMULTANEOUS,paper_incremental_mpc,paper_a_007,True,False,,18.831142367687995,7.510323381095581,10.017245940190442,29.515362187998097,52.39443919977821,2.0,0.12108689045239784,138.5774821793145,1.2033329289052763,0.2278121686181823,[],1.1153,0.2987551867219917,0.0,aligned
v5d_strong_simultaneous_aligned_03,STRONG_SIMULTANEOUS,paper_incremental_mpc,paper_a_007,True,False,,22.119167303486595,7.416950685984969,10.877425761189635,34.57484398384325,56.31316374229013,2.0,0.12342658586587918,138.38324197679702,1.1512678455861756,0.2420231993980618,[],1.0917,0.1825726141078838,0.0,aligned
v5d_strong_simultaneous_opposed_00,STRONG_SIMULTANEOUS,paper_incremental_mpc,paper_a_007,True,False,,22.898851632946712,7.586714765283168,14.094320127361367,36.26244089576322,56.908586482089824,2.0,0.12509050498378427,138.54802887221103,1.168246821212746,0.2141216459725993,[],1.3061,0.31950207468879666,0.0,opposed
v5d_strong_simultaneous_opposed_01,STRONG_SIMULTANEOUS,paper_incremental_mpc,paper_a_007,True,False,,20.399087465661136,7.633462637857446,13.282403519733432,32.45240518340919,53.08090264296826,2.0,0.25,139.01407452221574,1.223941030116402,0.22026883426858912,[],1.1883,0.1825726141078838,0.004149377593360996,opposed
v5d_strong_simultaneous_opposed_02,STRONG_SIMULTANEOUS,paper_incremental_mpc,paper_a_007,True,False,,21.000275579801933,7.644197387198382,14.015885978927951,33.46280309056733,53.55614575165997,2.0,0.14019543708652685,139.2869501775505,1.2219336853663918,0.21597608227282025,[],1.1612,0.1991701244813278,0.0,opposed
v5d_strong_simultaneous_opposed_03,STRONG_SIMULTANEOUS,paper_incremental_mpc,paper_a_007,True,False,,24.35924359078903,7.569900252182732,15.035011489897801,38.605139320400966,58.528787115365695,2.0,0.12347698722228495,139.10985202840985,1.1135058060578695,0.23466075388201466,[],1.179,0.24481327800829875,0.0,opposed
v5d_strong_simultaneous_cross_00,STRONG_SIMULTANEOUS,paper_incremental_mpc,paper_a_007,True,False,,22.948345868979043,7.5088310158950025,12.73745264544333,36.13244066871072,57.31653639872959,2.0,0.16819552583835606,138.52116905428184,1.1569231200213639,0.2500630367575508,[],0.9258,0.2821576763485477,0.0,cross
v5d_strong_simultaneous_cross_01,STRONG_SIMULTANEOUS,paper_incremental_mpc,paper_a_007,True,False,,25.47103478052899,7.4778789546007065,14.595808151882467,40.27158254999737,59.74456664879803,2.0,0.12622141061885217,138.62335320665346,1.1593551508943016,0.24033960944608546,[],1.2596,0.2033195020746888,0.0,cross
v5d_strong_simultaneous_cross_02,STRONG_SIMULTANEOUS,paper_incremental_mpc,paper_a_007,True,False,,17.950833861073246,7.631919342698286,11.282786207232153,28.590938968005144,48.4053102728363,2.0,0.2425384118603592,139.3116377453016,1.2347337381895078,0.2451035424715717,[],1.0683,0.26556016597510373,0.0,cross
v5d_strong_simultaneous_cross_03,STRONG_SIMULTANEOUS,paper_incremental_mpc,paper_a_007,True,False,,23.151230938052645,7.48035692301595,12.589770904640437,36.41833286149412,57.48537772007126,2.0,0.2344528095666935,138.78937407444405,1.1444195942289481,0.25636907590115376,[],1.1602,0.1991701244813278,0.0,cross
v5d_calm_00,NORMAL_CALM,paper_incremental_mpc,paper_a_008,True,False,,20.276283965369487,6.450673164409139,10.74826020393821,31.798653853232363,57.811638152989374,2.0,0.20341910480944117,138.82348337591785,1.3240152181400204,0.2243713586581019,[],1.3046,0.3775933609958506,0.0,not_applicable
v5d_moderate_00,NORMAL_CONSTANT,paper_incremental_mpc,paper_a_008,True,False,,34.53899139889389,7.576980988810926,31.704772169583343,55.04235384827335,69.00826116555776,2.0,0.1971629582737576,138.9156851151535,1.3240817673164513,0.2360541326737976,[],1.3386,0.45228215767634855,0.0,aligned
v5d_calm_06,NORMAL_CALM,paper_incremental_mpc,paper_a_008,True,False,,20.810429108322932,6.467650682546857,11.084560851338043,32.670600699590466,58.37362696383683,2.0,0.1482289215411518,138.8458250142953,1.3074351736064371,0.2228799898676713,[],1.2061,0.25311203319502074,0.0,not_applicable
v5d_moderate_06,NORMAL_CONSTANT,paper_incremental_mpc,paper_a_008,True,False,,35.00143966722117,7.6005752656264844,32.08666173127825,55.7570327038163,69.40672196037222,2.0,0.15283550692001116,138.9880661092453,1.309643260778302,0.2360541326737976,[],1.1202,0.5477178423236515,0.0,opposed
v5d_calm_12,NORMAL_CALM,paper_incremental_mpc,paper_a_008,True,False,,19.406514584674355,6.238412438841331,7.6931161315894965,29.917929248435605,53.72548066821466,2.0,0.25,139.77306502004717,1.2769349208321916,0.23602838781199237,[],1.2029,0.2572614107883817,0.0,not_applicable
v5d_moderate_12,NORMAL_CONSTANT,paper_incremental_mpc,paper_a_008,True,False,,35.88890259695905,7.617405032857894,32.31061088623275,57.2238016585666,70.78710055991269,2.0,0.25,139.17359601166223,1.2533308837317692,0.2360541326737976,[],1.2946,0.2572614107883817,0.004149377593360996,cross
v5d_strong_preexisting_aligned_00,STRONG_PREEXISTING,paper_incremental_mpc,paper_a_008,True,False,,42.025964596863695,8.102658477281166,41.13521691089673,66.55639000540751,71.49382874110583,2.0,0.20831196310570177,138.6044602592747,1.3137204898673966,0.2776467971186549,[],1.1975,0.34439834024896265,0.0,aligned
v5d_strong_preexisting_aligned_01,STRONG_PREEXISTING,paper_incremental_mpc,paper_a_008,True,False,,39.82752410754255,8.135095695778677,40.8668469753913,63.00027482111841,64.58067019557444,2.0,0.25,138.76780853024127,1.3569196767951104,0.28082819464252934,[],1.2929,0.2572614107883817,0.004149377593360996,aligned
v5d_strong_preexisting_opposed_00,STRONG_PREEXISTING,paper_incremental_mpc,paper_a_008,True,False,,42.444023805446335,8.112968554605567,41.480931550052155,67.19343839293204,71.9467555498868,2.0,0.14813892439674214,138.65101339385697,1.3087794086400604,0.2776467971186549,[],1.4203,0.34854771784232363,0.0,opposed
v5d_strong_preexisting_opposed_01,STRONG_PREEXISTING,paper_incremental_mpc,paper_a_008,True,False,,40.96863886401329,8.099663609579355,41.2686736880412,64.76695897999632,68.6774672691442,2.0,0.25,143.71880351600433,1.323347849763347,0.28082819464252934,[],1.1779,0.4066390041493776,0.004149377593360996,opposed
v5d_strong_preexisting_cross_00,STRONG_PREEXISTING,paper_incremental_mpc,paper_a_008,True,False,,43.15113431309357,8.117411642497874,41.605393342381625,68.39043927232503,73.4047741169391,2.0,0.2499999999668289,138.85104210339685,1.2654496709690266,0.2776467971186549,[],1.135,0.3651452282157676,0.0,cross
v5d_strong_preexisting_cross_01,STRONG_PREEXISTING,paper_incremental_mpc,paper_a_008,True,False,,44.51830974190577,8.085313257612604,42.269379252485905,70.64889827385443,75.27929844037584,2.0,0.24044572354930166,138.66203783363392,1.233468036586587,0.28082819464252934,[],1.0384,0.5020746887966805,0.0,cross
v5d_strong_simultaneous_aligned_00,STRONG_SIMULTANEOUS,paper_incremental_mpc,paper_a_008,True,False,,23.054905999984104,7.611292597591577,12.46465148262259,36.25224674552859,58.003123973416756,2.0,0.20341910480944117,138.7286176686191,1.3060567195721755,0.27989749528205177,[],1.2371,0.17012448132780084,0.0,aligned
v5d_strong_simultaneous_aligned_01,STRONG_SIMULTANEOUS,paper_incremental_mpc,paper_a_008,True,False,,17.418617641618916,7.662710483263589,9.911372682068434,27.489563421689763,50.10566584474633,2.0,0.25,139.05076052894321,1.3216835124471404,0.27366961679650426,[],1.1017,0.26556016597510373,0.0,aligned
v5d_strong_simultaneous_aligned_02,STRONG_SIMULTANEOUS,paper_incremental_mpc,paper_a_008,True,False,,21.45830655963521,7.629549731354954,11.684184586175576,33.705958223451724,56.26122248137532,2.0,0.22017023485313317,138.16041727131156,1.3124487424465487,0.27750224134445617,[],1.0942,0.24896265560165975,0.0,aligned
v5d_strong_simultaneous_aligned_03,STRONG_SIMULTANEOUS,paper_incremental_mpc,paper_a_008,True,False,,25.126311744924585,7.550437493451144,13.385855888364457,39.590619986399915,59.75201453669534,2.0,0.16944720905531974,138.61746436036694,1.2456716021222094,0.2915969188926424,[],0.9728,0.27385892116182575,0.0,aligned
v5d_strong_simultaneous_opposed_00,STRONG_SIMULTANEOUS,paper_incremental_mpc,paper_a_008,True,False,,26.121237190094526,7.738810058689273,16.737607241765602,41.51934099867255,60.903435233801495,2.0,0.1482289215411518,138.2943126983981,1.2699307856101092,0.27418709863653146,[],1.2258,0.2157676348547718,0.0,opposed
v5d_strong_simultaneous_opposed_01,STRONG_SIMULTANEOUS,paper_incremental_mpc,paper_a_008,True,False,,23.14815123896397,7.7957252486301005,15.49822116125372,36.84821828580847,57.47430867328653,2.0,0.24999999999999997,140.4124952631742,1.2997699206575986,0.2867336858306127,[],0.9397,0.2697095435684647,0.004149377593360996,opposed
v5d_strong_simultaneous_opposed_02,STRONG_SIMULTANEOUS,paper_incremental_mpc,paper_a_008,True,False,,23.70185756165567,7.803484847559676,16.18242313742814,37.77370666837958,57.82972677134023,2.0,0.25,139.12442545087262,1.305980149327167,0.26059601139625016,[],1.114,0.34439834024896265,0.0,opposed
v5d_strong_simultaneous_opposed_03,STRONG_SIMULTANEOUS,paper_incremental_mpc,paper_a_008,True,False,,27.666240232730214,7.734338998112595,17.884057276761425,44.04233297925255,62.38742527073844,2.0,0.14023068366940605,139.09439018550773,1.203136361448356,0.26597397721706595,[],1.0035,0.3651452282157676,0.0,opposed
v5d_strong_simultaneous_cross_00,STRONG_SIMULTANEOUS,paper_incremental_mpc,paper_a_008,True,False,,26.264534090203124,7.648589683013003,15.5930003225537,41.623240118935676,61.22239859841743,2.0,0.25,138.94742603092,1.2625398577658924,0.2882810742609749,[],1.1287,0.21991701244813278,0.0,cross
v5d_strong_simultaneous_cross_01,STRONG_SIMULTANEOUS,paper_incremental_mpc,paper_a_008,True,False,,28.87718731108945,7.620749887331161,17.84256467339118,45.964406816107015,63.53821567989709,2.0,0.240445723548694,138.5482015903472,1.223638271961931,0.298554632241014,[],1.2746,0.4107883817427386,0.0,cross
v5d_strong_simultaneous_cross_02,STRONG_SIMULTANEOUS,paper_incremental_mpc,paper_a_008,True,False,,20.150741023032396,7.759524610177515,13.192975762044785,32.089629329288016,53.1670865283237,2.0,0.25,139.29065949316987,1.3214653061351613,0.26475563664861457,[],1.1775,0.26556016597510373,0.004149377593360996,cross
v5d_strong_simultaneous_cross_03,STRONG_SIMULTANEOUS,paper_incremental_mpc,paper_a_008,True,False,,26.460056264623624,7.629727440790534,15.499980391790407,41.92038398037513,61.3292050078273,2.0,0.25,139.65518157685375,1.2545492697976284,0.27408198092196023,[],1.3355,0.2821576763485477,0.008298755186721992,cross
