candidate_id,sample_count,safe_sample_count,task_success_count,safety_rate,success_rate,acquisition_median_s,position_rmse_3d_m,orientation_rmse_deg,ramp_peak_position_error_m,ramp_steady_state_position_error_m,total_acceleration_effort,solve_time_p95_ms,parameters,d_raw_norm_max,d_hat_norm_max,d_projected_norm_max,d_rejected_norm_max,steady_state_residual_max,steady_task_residual_max,limiter_mismatch_max,qp_iterations_max,solver_valid_rate,limiter_parity_rate
self_a_034,14,14,14,1.0,1.0,2.1525,0.05813546279705854,0.4028461060504324,0.21469908327447187,0.01870326820109791,0.6335641199661142,1.0084,"{'candidate_id': 'self_a_034', 'architecture_version': '3D-DR-TSRMPC-A1', 'backbone': 'task_lqr_009', 'K': [[11.106224542625887, 17.470461831616884, 1.5464732862818248e-14, 2.1189042483751587e-14, 0.1240911368666274, 0.053225292614218614, -2.213542853291988e-13, -8.30929039540339e-14, 82.13780742046619, 2.4462349502545297, 16.992313302552652, 26.517252814291908, 23.831339754705283, 16.643233515578263, 8.590534789312795, -0.6559215388080796, -0.5078837524212465, -0.44241609392503867, -0.35154266344494484, -0.2164631739648866], [1.3253591901411076e-13, 7.54734982094088e-14, 11.574193706905334, 22.45240034031052, -3.463419877388124e-15, -1.5607674872768699e-15, -159.19877420389403, -55.731161089440235, -8.503988784847722e-15, -6.495585279504552e-14, -1.1067331944955502e-13, -7.096162338518517e-14, -3.825166072386517e-14, -7.24422237939566e-15, -4.6309653397621534e-14, -6.234794889101343e-14, -4.905533961615558e-14, -3.619346140684544e-14, -2.3843425435012598e-14, -1.2779851247954108e-14], [-0.15612834684476892, -0.2723658073901805, -2.3461453449558822e-14, 3.4888932054755463e-15, 10.58063604854578, 6.934249777165041, -1.0275061801225476e-13, 2.4113620783051717e-14, -4.035845280971266, -1.9213628276947188, -1.0648439074700375, -0.8088861241462306, -0.020887699155186682, 0.4279399231661433, -0.3070715482840982, -1.7650667713177126, -1.4552411581309423, -1.1262673861875168, -0.7820819941339575, -0.4335597353161311]], 'horizon_updates': 8, 'residual_beta': 0.3, 'residual_clip_norm': 0.2, 'task_position_weight': 40.0, 'task_velocity_weight': 2.0, 'orientation_weight': 1.0, 'angular_velocity_weight': 0.2, 'residual_correction_weight': 0.2, 'command_rate_weight': 1.0}",0.2154046168159796,0.15189863437123605,0.15175424348938032,0.006843147378388266,2.0511807392313583e-16,6.347813404223829e-09,5.373174221168231e-06,75.0,1.0,1.0
self_a_046,14,14,14,1.0,1.0,2.165,0.05828800175870901,0.39816663677815045,0.21268919192384855,0.019414131261546955,0.6317409477530658,1.3032,"{'candidate_id': 'self_a_046', 'architecture_version': '3D-DR-TSRMPC-A1', 'backbone': 'task_lqr_009', 'K': [[11.106224542625887, 17.470461831616884, 1.5464732862818248e-14, 2.1189042483751587e-14, 0.1240911368666274, 0.053225292614218614, -2.213542853291988e-13, -8.30929039540339e-14, 82.13780742046619, 2.4462349502545297, 16.992313302552652, 26.517252814291908, 23.831339754705283, 16.643233515578263, 8.590534789312795, -0.6559215388080796, -0.5078837524212465, -0.44241609392503867, -0.35154266344494484, -0.2164631739648866], [1.3253591901411076e-13, 7.54734982094088e-14, 11.574193706905334, 22.45240034031052, -3.463419877388124e-15, -1.5607674872768699e-15, -159.19877420389403, -55.731161089440235, -8.503988784847722e-15, -6.495585279504552e-14, -1.1067331944955502e-13, -7.096162338518517e-14, -3.825166072386517e-14, -7.24422237939566e-15, -4.6309653397621534e-14, -6.234794889101343e-14, -4.905533961615558e-14, -3.619346140684544e-14, -2.3843425435012598e-14, -1.2779851247954108e-14], [-0.15612834684476892, -0.2723658073901805, -2.3461453449558822e-14, 3.4888932054755463e-15, 10.58063604854578, 6.934249777165041, -1.0275061801225476e-13, 2.4113620783051717e-14, -4.035845280971266, -1.9213628276947188, -1.0648439074700375, -0.8088861241462306, -0.020887699155186682, 0.4279399231661433, -0.3070715482840982, -1.7650667713177126, -1.4552411581309423, -1.1262673861875168, -0.7820819941339575, -0.4335597353161311]], 'horizon_updates': 12, 'residual_beta': 0.3, 'residual_clip_norm': 0.2, 'task_position_weight': 40.0, 'task_velocity_weight': 2.0, 'orientation_weight': 1.0, 'angular_velocity_weight': 0.2, 'residual_correction_weight': 0.2, 'command_rate_weight': 1.0}",0.21544584136236095,0.15192694504482387,0.15178220232938142,0.006819849874008063,1.9016034885530243e-16,6.341487126805826e-09,8.589567124017705e-06,175.0,1.0,1.0
self_a_035,14,14,14,1.0,1.0,2.3075,0.05909294160324486,0.3923794640022363,0.20946657895356235,0.021059469138723027,0.6251317897978387,1.0083,"{'candidate_id': 'self_a_035', 'architecture_version': '3D-DR-TSRMPC-A1', 'backbone': 'task_lqr_009', 'K': [[11.106224542625887, 17.470461831616884, 1.5464732862818248e-14, 2.1189042483751587e-14, 0.1240911368666274, 0.053225292614218614, -2.213542853291988e-13, -8.30929039540339e-14, 82.13780742046619, 2.4462349502545297, 16.992313302552652, 26.517252814291908, 23.831339754705283, 16.643233515578263, 8.590534789312795, -0.6559215388080796, -0.5078837524212465, -0.44241609392503867, -0.35154266344494484, -0.2164631739648866], [1.3253591901411076e-13, 7.54734982094088e-14, 11.574193706905334, 22.45240034031052, -3.463419877388124e-15, -1.5607674872768699e-15, -159.19877420389403, -55.731161089440235, -8.503988784847722e-15, -6.495585279504552e-14, -1.1067331944955502e-13, -7.096162338518517e-14, -3.825166072386517e-14, -7.24422237939566e-15, -4.6309653397621534e-14, -6.234794889101343e-14, -4.905533961615558e-14, -3.619346140684544e-14, -2.3843425435012598e-14, -1.2779851247954108e-14], [-0.15612834684476892, -0.2723658073901805, -2.3461453449558822e-14, 3.4888932054755463e-15, 10.58063604854578, 6.934249777165041, -1.0275061801225476e-13, 2.4113620783051717e-14, -4.035845280971266, -1.9213628276947188, -1.0648439074700375, -0.8088861241462306, -0.020887699155186682, 0.4279399231661433, -0.3070715482840982, -1.7650667713177126, -1.4552411581309423, -1.1262673861875168, -0.7820819941339575, -0.4335597353161311]], 'horizon_updates': 8, 'residual_beta': 0.3, 'residual_clip_norm': 0.2, 'task_position_weight': 120.0, 'task_velocity_weight': 2.0, 'orientation_weight': 1.0, 'angular_velocity_weight': 0.2, 'residual_correction_weight': 0.2, 'command_rate_weight': 1.0}",0.20966186055619748,0.1484785884136974,0.14833708574745647,0.006643807484985901,1.8773783664760906e-16,6.322541128025301e-09,1.6212866779885537e-05,125.0,1.0,0.8571428571428571
self_a_030,14,14,14,1.0,1.0,2.1550000000000002,0.05981265543748983,0.40167752064875106,0.21268121300152582,0.025040408267162927,0.5706754087883747,1.0454,"{'candidate_id': 'self_a_030', 'architecture_version': '3D-DR-TSRMPC-A1', 'backbone': 'task_lqr_009', 'K': [[11.106224542625887, 17.470461831616884, 1.5464732862818248e-14, 2.1189042483751587e-14, 0.1240911368666274, 0.053225292614218614, -2.213542853291988e-13, -8.30929039540339e-14, 82.13780742046619, 2.4462349502545297, 16.992313302552652, 26.517252814291908, 23.831339754705283, 16.643233515578263, 8.590534789312795, -0.6559215388080796, -0.5078837524212465, -0.44241609392503867, -0.35154266344494484, -0.2164631739648866], [1.3253591901411076e-13, 7.54734982094088e-14, 11.574193706905334, 22.45240034031052, -3.463419877388124e-15, -1.5607674872768699e-15, -159.19877420389403, -55.731161089440235, -8.503988784847722e-15, -6.495585279504552e-14, -1.1067331944955502e-13, -7.096162338518517e-14, -3.825166072386517e-14, -7.24422237939566e-15, -4.6309653397621534e-14, -6.234794889101343e-14, -4.905533961615558e-14, -3.619346140684544e-14, -2.3843425435012598e-14, -1.2779851247954108e-14], [-0.15612834684476892, -0.2723658073901805, -2.3461453449558822e-14, 3.4888932054755463e-15, 10.58063604854578, 6.934249777165041, -1.0275061801225476e-13, 2.4113620783051717e-14, -4.035845280971266, -1.9213628276947188, -1.0648439074700375, -0.8088861241462306, -0.020887699155186682, 0.4279399231661433, -0.3070715482840982, -1.7650667713177126, -1.4552411581309423, -1.1262673861875168, -0.7820819941339575, -0.4335597353161311]], 'horizon_updates': 8, 'residual_beta': 0.15, 'residual_clip_norm': 0.2, 'task_position_weight': 40.0, 'task_velocity_weight': 2.0, 'orientation_weight': 1.0, 'angular_velocity_weight': 0.2, 'residual_correction_weight': 0.2, 'command_rate_weight': 1.0}",0.16194558768816347,0.06995522404266818,0.06989654903135287,0.003053491003633228,9.634584197775422e-17,5.8522530180274374e-09,1.1663295746977553e-05,100.0,1.0,0.9285714285714286
self_a_042,14,14,14,1.0,1.0,2.1650000000000005,0.05999086168389139,0.3962003943339159,0.2110618333448287,0.026054907479740427,0.5691801940910434,1.2857,"{'candidate_id': 'self_a_042', 'architecture_version': '3D-DR-TSRMPC-A1', 'backbone': 'task_lqr_009', 'K': [[11.106224542625887, 17.470461831616884, 1.5464732862818248e-14, 2.1189042483751587e-14, 0.1240911368666274, 0.053225292614218614, -2.213542853291988e-13, -8.30929039540339e-14, 82.13780742046619, 2.4462349502545297, 16.992313302552652, 26.517252814291908, 23.831339754705283, 16.643233515578263, 8.590534789312795, -0.6559215388080796, -0.5078837524212465, -0.44241609392503867, -0.35154266344494484, -0.2164631739648866], [1.3253591901411076e-13, 7.54734982094088e-14, 11.574193706905334, 22.45240034031052, -3.463419877388124e-15, -1.5607674872768699e-15, -159.19877420389403, -55.731161089440235, -8.503988784847722e-15, -6.495585279504552e-14, -1.1067331944955502e-13, -7.096162338518517e-14, -3.825166072386517e-14, -7.24422237939566e-15, -4.6309653397621534e-14, -6.234794889101343e-14, -4.905533961615558e-14, -3.619346140684544e-14, -2.3843425435012598e-14, -1.2779851247954108e-14], [-0.15612834684476892, -0.2723658073901805, -2.3461453449558822e-14, 3.4888932054755463e-15, 10.58063604854578, 6.934249777165041, -1.0275061801225476e-13, 2.4113620783051717e-14, -4.035845280971266, -1.9213628276947188, -1.0648439074700375, -0.8088861241462306, -0.020887699155186682, 0.4279399231661433, -0.3070715482840982, -1.7650667713177126, -1.4552411581309423, -1.1262673861875168, -0.7820819941339575, -0.4335597353161311]], 'horizon_updates': 12, 'residual_beta': 0.15, 'residual_clip_norm': 0.2, 'task_position_weight': 40.0, 'task_velocity_weight': 2.0, 'orientation_weight': 1.0, 'angular_velocity_weight': 0.2, 'residual_correction_weight': 0.2, 'command_rate_weight': 1.0}",0.15967281241135567,0.06887639392955296,0.06881873844015113,0.0030143872432913496,9.53494362416691e-17,5.833353063387652e-09,9.192122452039708e-06,150.0,1.0,1.0
self_a_047,14,14,14,1.0,1.0,2.4925,0.060373724996619894,0.38132725409440493,0.20742027322187032,0.02361606242602086,0.6029230089370469,1.2813,"{'candidate_id': 'self_a_047', 'architecture_version': '3D-DR-TSRMPC-A1', 'backbone': 'task_lqr_009', 'K': [[11.106224542625887, 17.470461831616884, 1.5464732862818248e-14, 2.1189042483751587e-14, 0.1240911368666274, 0.053225292614218614, -2.213542853291988e-13, -8.30929039540339e-14, 82.13780742046619, 2.4462349502545297, 16.992313302552652, 26.517252814291908, 23.831339754705283, 16.643233515578263, 8.590534789312795, -0.6559215388080796, -0.5078837524212465, -0.44241609392503867, -0.35154266344494484, -0.2164631739648866], [1.3253591901411076e-13, 7.54734982094088e-14, 11.574193706905334, 22.45240034031052, -3.463419877388124e-15, -1.5607674872768699e-15, -159.19877420389403, -55.731161089440235, -8.503988784847722e-15, -6.495585279504552e-14, -1.1067331944955502e-13, -7.096162338518517e-14, -3.825166072386517e-14, -7.24422237939566e-15, -4.6309653397621534e-14, -6.234794889101343e-14, -4.905533961615558e-14, -3.619346140684544e-14, -2.3843425435012598e-14, -1.2779851247954108e-14], [-0.15612834684476892, -0.2723658073901805, -2.3461453449558822e-14, 3.4888932054755463e-15, 10.58063604854578, 6.934249777165041, -1.0275061801225476e-13, 2.4113620783051717e-14, -4.035845280971266, -1.9213628276947188, -1.0648439074700375, -0.8088861241462306, -0.020887699155186682, 0.4279399231661433, -0.3070715482840982, -1.7650667713177126, -1.4552411581309423, -1.1262673861875168, -0.7820819941339575, -0.4335597353161311]], 'horizon_updates': 12, 'residual_beta': 0.3, 'residual_clip_norm': 0.2, 'task_position_weight': 120.0, 'task_velocity_weight': 2.0, 'orientation_weight': 1.0, 'angular_velocity_weight': 0.2, 'residual_correction_weight': 0.2, 'command_rate_weight': 1.0}",0.2020037354701955,0.14284121495292193,0.14270427699554655,0.006293304373097363,1.7721671779889824e-16,6.278100342542866e-09,1.7507292256413454e-05,125.0,1.0,0.8571428571428571
self_a_031,14,14,14,1.0,1.0,2.3175,0.06090402168058744,0.3910060886877981,0.2147720918127051,0.02818121630894248,0.5651703489292914,1.0373,"{'candidate_id': 'self_a_031', 'architecture_version': '3D-DR-TSRMPC-A1', 'backbone': 'task_lqr_009', 'K': [[11.106224542625887, 17.470461831616884, 1.5464732862818248e-14, 2.1189042483751587e-14, 0.1240911368666274, 0.053225292614218614, -2.213542853291988e-13, -8.30929039540339e-14, 82.13780742046619, 2.4462349502545297, 16.992313302552652, 26.517252814291908, 23.831339754705283, 16.643233515578263, 8.590534789312795, -0.6559215388080796, -0.5078837524212465, -0.44241609392503867, -0.35154266344494484, -0.2164631739648866], [1.3253591901411076e-13, 7.54734982094088e-14, 11.574193706905334, 22.45240034031052, -3.463419877388124e-15, -1.5607674872768699e-15, -159.19877420389403, -55.731161089440235, -8.503988784847722e-15, -6.495585279504552e-14, -1.1067331944955502e-13, -7.096162338518517e-14, -3.825166072386517e-14, -7.24422237939566e-15, -4.6309653397621534e-14, -6.234794889101343e-14, -4.905533961615558e-14, -3.619346140684544e-14, -2.3843425435012598e-14, -1.2779851247954108e-14], [-0.15612834684476892, -0.2723658073901805, -2.3461453449558822e-14, 3.4888932054755463e-15, 10.58063604854578, 6.934249777165041, -1.0275061801225476e-13, 2.4113620783051717e-14, -4.035845280971266, -1.9213628276947188, -1.0648439074700375, -0.8088861241462306, -0.020887699155186682, 0.4279399231661433, -0.3070715482840982, -1.7650667713177126, -1.4552411581309423, -1.1262673861875168, -0.7820819941339575, -0.4335597353161311]], 'horizon_updates': 8, 'residual_beta': 0.15, 'residual_clip_norm': 0.2, 'task_position_weight': 120.0, 'task_velocity_weight': 2.0, 'orientation_weight': 1.0, 'angular_velocity_weight': 0.2, 'residual_correction_weight': 0.2, 'command_rate_weight': 1.0}",0.1580373681146987,0.06808567479967774,0.06802909908406499,0.002996799027763322,8.928579174398328e-17,5.841008220733982e-09,1.6212866779441448e-05,175.0,1.0,0.8571428571428571
self_a_023,14,14,14,1.0,1.0,2.6875000000000004,0.06197141039016602,0.5125210846618887,0.2543941275132166,0.020382013866158313,0.539394501475189,1.3365,"{'candidate_id': 'self_a_023', 'architecture_version': '3D-DR-TSRMPC-A1', 'backbone': 'full_lqr_048', 'K': [[11.036584322215683, 11.310904011180716, -3.3382746201713446e-15, -8.900660521397779e-15, -2.813693586093646e-14, -7.702111236651157e-15, 9.43936776743195e-14, 6.670365950885416e-14, 38.92879933660244, 5.337925253878614, -6.084194990838757, 2.6552404127018474, 5.049987482087981, 4.054220960707486, 2.1552594949150667, 2.421714511887743, 1.8621453147926068, 1.3063611555841352, 0.8137787428199841, 0.39238394271376303], [-1.3843466819219791e-14, 1.3088100374485791e-15, 11.48860306524821, 18.054936155037538, 7.430432799965661e-14, -2.4301417079340863e-15, -120.91305218846745, -48.636929055587366, 3.531532371149011e-14, -2.0083309488338833e-14, 6.662545540611083e-15, 3.232478864911196e-14, 1.3307115298253875e-14, 6.870369222023325e-15, 2.059586930277579e-15, -1.6999248458841583e-14, -1.309594304027873e-14, -9.768835157730358e-15, -6.492671181353986e-15, -3.378918146639703e-15], [1.3007162627811421e-14, 2.7204972495731044e-15, -4.370670440126095e-14, -6.58706878745623e-14, 10.616806342051534, 6.175848022506019, 3.6195331793642125e-13, 3.7060348104404046e-14, -6.276219857346146e-14, -3.8246708005970864e-14, 1.855291104216411e-14, -1.223229949284984e-14, -1.5692566731957858e-15, -2.0877671437387673e-14, 7.093091280379269e-16, -3.1028263610950764e-14, -2.4794074093094014e-14, -1.833584254166759e-14, -1.2415140458440736e-14, -6.3561588612490095e-15]], 'horizon_updates': 12, 'residual_beta': 0.3, 'residual_clip_norm': 0.2, 'task_position_weight': 120.0, 'task_velocity_weight': 2.0, 'orientation_weight': 1.0, 'angular_velocity_weight': 0.2, 'residual_correction_weight': 0.2, 'command_rate_weight': 1.0}",0.13068782905732393,0.0884822347005368,0.08838774809034126,0.004200720169984742,1.3330416683004053e-16,6.2715005536872985e-09,1.568537899299116e-05,100.0,1.0,0.7142857142857143
self_a_011,14,14,14,1.0,1.0,3.04,0.06214498518866595,0.5776602396724699,0.2639498987238872,0.020911846475262782,0.5812751193967968,1.0531,"{'candidate_id': 'self_a_011', 'architecture_version': '3D-DR-TSRMPC-A1', 'backbone': 'full_lqr_048', 'K': [[11.036584322215683, 11.310904011180716, -3.3382746201713446e-15, -8.900660521397779e-15, -2.813693586093646e-14, -7.702111236651157e-15, 9.43936776743195e-14, 6.670365950885416e-14, 38.92879933660244, 5.337925253878614, -6.084194990838757, 2.6552404127018474, 5.049987482087981, 4.054220960707486, 2.1552594949150667, 2.421714511887743, 1.8621453147926068, 1.3063611555841352, 0.8137787428199841, 0.39238394271376303], [-1.3843466819219791e-14, 1.3088100374485791e-15, 11.48860306524821, 18.054936155037538, 7.430432799965661e-14, -2.4301417079340863e-15, -120.91305218846745, -48.636929055587366, 3.531532371149011e-14, -2.0083309488338833e-14, 6.662545540611083e-15, 3.232478864911196e-14, 1.3307115298253875e-14, 6.870369222023325e-15, 2.059586930277579e-15, -1.6999248458841583e-14, -1.309594304027873e-14, -9.768835157730358e-15, -6.492671181353986e-15, -3.378918146639703e-15], [1.3007162627811421e-14, 2.7204972495731044e-15, -4.370670440126095e-14, -6.58706878745623e-14, 10.616806342051534, 6.175848022506019, 3.6195331793642125e-13, 3.7060348104404046e-14, -6.276219857346146e-14, -3.8246708005970864e-14, 1.855291104216411e-14, -1.223229949284984e-14, -1.5692566731957858e-15, -2.0877671437387673e-14, 7.093091280379269e-16, -3.1028263610950764e-14, -2.4794074093094014e-14, -1.833584254166759e-14, -1.2415140458440736e-14, -6.3561588612490095e-15]], 'horizon_updates': 8, 'residual_beta': 0.3, 'residual_clip_norm': 0.2, 'task_position_weight': 120.0, 'task_velocity_weight': 2.0, 'orientation_weight': 1.0, 'angular_velocity_weight': 0.2, 'residual_correction_weight': 0.2, 'command_rate_weight': 1.0}",0.13652458059554043,0.09383450562056525,0.09374743654744148,0.004458179324983124,1.344311030264318e-16,6.356210016789782e-09,1.3482656084473632e-05,175.0,1.0,0.8571428571428571
self_a_043,14,14,14,1.0,1.0,2.5050000000000003,0.062282473686290495,0.37957222100298454,0.22048083156424286,0.03145094959267088,0.5480093918328323,1.2965,"{'candidate_id': 'self_a_043', 'architecture_version': '3D-DR-TSRMPC-A1', 'backbone': 'task_lqr_009', 'K': [[11.106224542625887, 17.470461831616884, 1.5464732862818248e-14, 2.1189042483751587e-14, 0.1240911368666274, 0.053225292614218614, -2.213542853291988e-13, -8.30929039540339e-14, 82.13780742046619, 2.4462349502545297, 16.992313302552652, 26.517252814291908, 23.831339754705283, 16.643233515578263, 8.590534789312795, -0.6559215388080796, -0.5078837524212465, -0.44241609392503867, -0.35154266344494484, -0.2164631739648866], [1.3253591901411076e-13, 7.54734982094088e-14, 11.574193706905334, 22.45240034031052, -3.463419877388124e-15, -1.5607674872768699e-15, -159.19877420389403, -55.731161089440235, -8.503988784847722e-15, -6.495585279504552e-14, -1.1067331944955502e-13, -7.096162338518517e-14, -3.825166072386517e-14, -7.24422237939566e-15, -4.6309653397621534e-14, -6.234794889101343e-14, -4.905533961615558e-14, -3.619346140684544e-14, -2.3843425435012598e-14, -1.2779851247954108e-14], [-0.15612834684476892, -0.2723658073901805, -2.3461453449558822e-14, 3.4888932054755463e-15, 10.58063604854578, 6.934249777165041, -1.0275061801225476e-13, 2.4113620783051717e-14, -4.035845280971266, -1.9213628276947188, -1.0648439074700375, -0.8088861241462306, -0.020887699155186682, 0.4279399231661433, -0.3070715482840982, -1.7650667713177126, -1.4552411581309423, -1.1262673861875168, -0.7820819941339575, -0.4335597353161311]], 'horizon_updates': 12, 'residual_beta': 0.15, 'residual_clip_norm': 0.2, 'task_position_weight': 120.0, 'task_velocity_weight': 2.0, 'orientation_weight': 1.0, 'angular_velocity_weight': 0.2, 'residual_correction_weight': 0.2, 'command_rate_weight': 1.0}",0.15197053039600295,0.06519713796352393,0.06514371399526925,0.0029152588071524933,8.890787066635055e-17,5.788218312294604e-09,1.7507292256357943e-05,100.0,1.0,0.8571428571428571
self_a_022,14,14,14,1.0,1.0,3.0875000000000004,0.06281095962542345,0.6112144038894319,0.2682576709827335,0.02586227052335385,0.5982268420404597,1.3007,"{'candidate_id': 'self_a_022', 'architecture_version': '3D-DR-TSRMPC-A1', 'backbone': 'full_lqr_048', 'K': [[11.036584322215683, 11.310904011180716, -3.3382746201713446e-15, -8.900660521397779e-15, -2.813693586093646e-14, -7.702111236651157e-15, 9.43936776743195e-14, 6.670365950885416e-14, 38.92879933660244, 5.337925253878614, -6.084194990838757, 2.6552404127018474, 5.049987482087981, 4.054220960707486, 2.1552594949150667, 2.421714511887743, 1.8621453147926068, 1.3063611555841352, 0.8137787428199841, 0.39238394271376303], [-1.3843466819219791e-14, 1.3088100374485791e-15, 11.48860306524821, 18.054936155037538, 7.430432799965661e-14, -2.4301417079340863e-15, -120.91305218846745, -48.636929055587366, 3.531532371149011e-14, -2.0083309488338833e-14, 6.662545540611083e-15, 3.232478864911196e-14, 1.3307115298253875e-14, 6.870369222023325e-15, 2.059586930277579e-15, -1.6999248458841583e-14, -1.309594304027873e-14, -9.768835157730358e-15, -6.492671181353986e-15, -3.378918146639703e-15], [1.3007162627811421e-14, 2.7204972495731044e-15, -4.370670440126095e-14, -6.58706878745623e-14, 10.616806342051534, 6.175848022506019, 3.6195331793642125e-13, 3.7060348104404046e-14, -6.276219857346146e-14, -3.8246708005970864e-14, 1.855291104216411e-14, -1.223229949284984e-14, -1.5692566731957858e-15, -2.0877671437387673e-14, 7.093091280379269e-16, -3.1028263610950764e-14, -2.4794074093094014e-14, -1.833584254166759e-14, -1.2415140458440736e-14, -6.3561588612490095e-15]], 'horizon_updates': 12, 'residual_beta': 0.3, 'residual_clip_norm': 0.2, 'task_position_weight': 40.0, 'task_velocity_weight': 2.0, 'orientation_weight': 1.0, 'angular_velocity_weight': 0.2, 'residual_correction_weight': 0.2, 'command_rate_weight': 1.0}",0.13802448386323565,0.09516997847881825,0.09508121714108797,0.004507130587402217,1.3457130472595453e-16,6.3659773170775755e-09,8.81124683471679e-06,150.0,1.0,1.0
self_a_010,14,14,14,1.0,1.0,3.1625,0.06388834903038995,0.6478588540842539,0.27203945539693375,0.031994619423290224,0.6164999033865992,0.9892,"{'candidate_id': 'self_a_010', 'architecture_version': '3D-DR-TSRMPC-A1', 'backbone': 'full_lqr_048', 'K': [[11.036584322215683, 11.310904011180716, -3.3382746201713446e-15, -8.900660521397779e-15, -2.813693586093646e-14, -7.702111236651157e-15, 9.43936776743195e-14, 6.670365950885416e-14, 38.92879933660244, 5.337925253878614, -6.084194990838757, 2.6552404127018474, 5.049987482087981, 4.054220960707486, 2.1552594949150667, 2.421714511887743, 1.8621453147926068, 1.3063611555841352, 0.8137787428199841, 0.39238394271376303], [-1.3843466819219791e-14, 1.3088100374485791e-15, 11.48860306524821, 18.054936155037538, 7.430432799965661e-14, -2.4301417079340863e-15, -120.91305218846745, -48.636929055587366, 3.531532371149011e-14, -2.0083309488338833e-14, 6.662545540611083e-15, 3.232478864911196e-14, 1.3307115298253875e-14, 6.870369222023325e-15, 2.059586930277579e-15, -1.6999248458841583e-14, -1.309594304027873e-14, -9.768835157730358e-15, -6.492671181353986e-15, -3.378918146639703e-15], [1.3007162627811421e-14, 2.7204972495731044e-15, -4.370670440126095e-14, -6.58706878745623e-14, 10.616806342051534, 6.175848022506019, 3.6195331793642125e-13, 3.7060348104404046e-14, -6.276219857346146e-14, -3.8246708005970864e-14, 1.855291104216411e-14, -1.223229949284984e-14, -1.5692566731957858e-15, -2.0877671437387673e-14, 7.093091280379269e-16, -3.1028263610950764e-14, -2.4794074093094014e-14, -1.833584254166759e-14, -1.2415140458440736e-14, -6.3561588612490095e-15]], 'horizon_updates': 8, 'residual_beta': 0.3, 'residual_clip_norm': 0.2, 'task_position_weight': 40.0, 'task_velocity_weight': 2.0, 'orientation_weight': 1.0, 'angular_velocity_weight': 0.2, 'residual_correction_weight': 0.2, 'command_rate_weight': 1.0}",0.14233278549875159,0.09900846643133285,0.09891610704112401,0.004590939460157922,1.3032411131863123e-16,6.404593849498019e-09,1.670699063544001e-05,100.0,1.0,0.7857142857142857
self_a_007,14,14,14,1.0,1.0,2.6825,0.06400603402642858,0.5887781670728298,0.26928814935191797,0.023329667294421184,0.5683949593176487,1.2069,"{'candidate_id': 'self_a_007', 'architecture_version': '3D-DR-TSRMPC-A1', 'backbone': 'full_lqr_048', 'K': [[11.036584322215683, 11.310904011180716, -3.3382746201713446e-15, -8.900660521397779e-15, -2.813693586093646e-14, -7.702111236651157e-15, 9.43936776743195e-14, 6.670365950885416e-14, 38.92879933660244, 5.337925253878614, -6.084194990838757, 2.6552404127018474, 5.049987482087981, 4.054220960707486, 2.1552594949150667, 2.421714511887743, 1.8621453147926068, 1.3063611555841352, 0.8137787428199841, 0.39238394271376303], [-1.3843466819219791e-14, 1.3088100374485791e-15, 11.48860306524821, 18.054936155037538, 7.430432799965661e-14, -2.4301417079340863e-15, -120.91305218846745, -48.636929055587366, 3.531532371149011e-14, -2.0083309488338833e-14, 6.662545540611083e-15, 3.232478864911196e-14, 1.3307115298253875e-14, 6.870369222023325e-15, 2.059586930277579e-15, -1.6999248458841583e-14, -1.309594304027873e-14, -9.768835157730358e-15, -6.492671181353986e-15, -3.378918146639703e-15], [1.3007162627811421e-14, 2.7204972495731044e-15, -4.370670440126095e-14, -6.58706878745623e-14, 10.616806342051534, 6.175848022506019, 3.6195331793642125e-13, 3.7060348104404046e-14, -6.276219857346146e-14, -3.8246708005970864e-14, 1.855291104216411e-14, -1.223229949284984e-14, -1.5692566731957858e-15, -2.0877671437387673e-14, 7.093091280379269e-16, -3.1028263610950764e-14, -2.4794074093094014e-14, -1.833584254166759e-14, -1.2415140458440736e-14, -6.3561588612490095e-15]], 'horizon_updates': 8, 'residual_beta': 0.15, 'residual_clip_norm': 0.2, 'task_position_weight': 120.0, 'task_velocity_weight': 2.0, 'orientation_weight': 1.0, 'angular_velocity_weight': 0.2, 'residual_correction_weight': 0.2, 'command_rate_weight': 1.0}",0.12888936206112508,0.0645303397896251,0.06448022135583827,0.002773694563899197,8.906551096482581e-17,6.293328163300708e-09,1.348265608436261e-05,175.0,1.0,0.8571428571428571
self_a_019,14,14,14,1.0,1.0,2.6950000000000003,0.06403381126419787,0.521585747566054,0.25800531174383634,0.025738822997305226,0.5280886336612519,1.601,"{'candidate_id': 'self_a_019', 'architecture_version': '3D-DR-TSRMPC-A1', 'backbone': 'full_lqr_048', 'K': [[11.036584322215683, 11.310904011180716, -3.3382746201713446e-15, -8.900660521397779e-15, -2.813693586093646e-14, -7.702111236651157e-15, 9.43936776743195e-14, 6.670365950885416e-14, 38.92879933660244, 5.337925253878614, -6.084194990838757, 2.6552404127018474, 5.049987482087981, 4.054220960707486, 2.1552594949150667, 2.421714511887743, 1.8621453147926068, 1.3063611555841352, 0.8137787428199841, 0.39238394271376303], [-1.3843466819219791e-14, 1.3088100374485791e-15, 11.48860306524821, 18.054936155037538, 7.430432799965661e-14, -2.4301417079340863e-15, -120.91305218846745, -48.636929055587366, 3.531532371149011e-14, -2.0083309488338833e-14, 6.662545540611083e-15, 3.232478864911196e-14, 1.3307115298253875e-14, 6.870369222023325e-15, 2.059586930277579e-15, -1.6999248458841583e-14, -1.309594304027873e-14, -9.768835157730358e-15, -6.492671181353986e-15, -3.378918146639703e-15], [1.3007162627811421e-14, 2.7204972495731044e-15, -4.370670440126095e-14, -6.58706878745623e-14, 10.616806342051534, 6.175848022506019, 3.6195331793642125e-13, 3.7060348104404046e-14, -6.276219857346146e-14, -3.8246708005970864e-14, 1.855291104216411e-14, -1.223229949284984e-14, -1.5692566731957858e-15, -2.0877671437387673e-14, 7.093091280379269e-16, -3.1028263610950764e-14, -2.4794074093094014e-14, -1.833584254166759e-14, -1.2415140458440736e-14, -6.3561588612490095e-15]], 'horizon_updates': 12, 'residual_beta': 0.15, 'residual_clip_norm': 0.2, 'task_position_weight': 120.0, 'task_velocity_weight': 2.0, 'orientation_weight': 1.0, 'angular_velocity_weight': 0.2, 'residual_correction_weight': 0.2, 'command_rate_weight': 1.0}",0.12453999289449627,0.058496154670715665,0.05845448768228093,0.0026464177045677365,7.730384758013603e-17,6.2191196901028496e-09,1.5685378992574828e-05,100.0,1.0,0.7142857142857143
self_a_018,14,14,14,1.0,1.0,2.745,0.06459130833881394,0.6225793519880742,0.2744417428740213,0.027492410107997526,0.5849916004722885,1.3125,"{'candidate_id': 'self_a_018', 'architecture_version': '3D-DR-TSRMPC-A1', 'backbone': 'full_lqr_048', 'K': [[11.036584322215683, 11.310904011180716, -3.3382746201713446e-15, -8.900660521397779e-15, -2.813693586093646e-14, -7.702111236651157e-15, 9.43936776743195e-14, 6.670365950885416e-14, 38.92879933660244, 5.337925253878614, -6.084194990838757, 2.6552404127018474, 5.049987482087981, 4.054220960707486, 2.1552594949150667, 2.421714511887743, 1.8621453147926068, 1.3063611555841352, 0.8137787428199841, 0.39238394271376303], [-1.3843466819219791e-14, 1.3088100374485791e-15, 11.48860306524821, 18.054936155037538, 7.430432799965661e-14, -2.4301417079340863e-15, -120.91305218846745, -48.636929055587366, 3.531532371149011e-14, -2.0083309488338833e-14, 6.662545540611083e-15, 3.232478864911196e-14, 1.3307115298253875e-14, 6.870369222023325e-15, 2.059586930277579e-15, -1.6999248458841583e-14, -1.309594304027873e-14, -9.768835157730358e-15, -6.492671181353986e-15, -3.378918146639703e-15], [1.3007162627811421e-14, 2.7204972495731044e-15, -4.370670440126095e-14, -6.58706878745623e-14, 10.616806342051534, 6.175848022506019, 3.6195331793642125e-13, 3.7060348104404046e-14, -6.276219857346146e-14, -3.8246708005970864e-14, 1.855291104216411e-14, -1.223229949284984e-14, -1.5692566731957858e-15, -2.0877671437387673e-14, 7.093091280379269e-16, -3.1028263610950764e-14, -2.4794074093094014e-14, -1.833584254166759e-14, -1.2415140458440736e-14, -6.3561588612490095e-15]], 'horizon_updates': 12, 'residual_beta': 0.15, 'residual_clip_norm': 0.2, 'task_position_weight': 40.0, 'task_velocity_weight': 2.0, 'orientation_weight': 1.0, 'angular_velocity_weight': 0.2, 'residual_correction_weight': 0.2, 'command_rate_weight': 1.0}",0.12984695429010618,0.06391059189010949,0.06386119434199758,0.0028031212937130916,8.438011054417324e-17,6.3064545587701135e-09,8.811239457839903e-06,150.0,1.0,1.0
self_a_006,14,14,14,1.0,1.0,3.185,0.06559665873802224,0.6597204236671426,0.2787917521418282,0.0336211883915318,0.6022300884608579,1.3952,"{'candidate_id': 'self_a_006', 'architecture_version': '3D-DR-TSRMPC-A1', 'backbone': 'full_lqr_048', 'K': [[11.036584322215683, 11.310904011180716, -3.3382746201713446e-15, -8.900660521397779e-15, -2.813693586093646e-14, -7.702111236651157e-15, 9.43936776743195e-14, 6.670365950885416e-14, 38.92879933660244, 5.337925253878614, -6.084194990838757, 2.6552404127018474, 5.049987482087981, 4.054220960707486, 2.1552594949150667, 2.421714511887743, 1.8621453147926068, 1.3063611555841352, 0.8137787428199841, 0.39238394271376303], [-1.3843466819219791e-14, 1.3088100374485791e-15, 11.48860306524821, 18.054936155037538, 7.430432799965661e-14, -2.4301417079340863e-15, -120.91305218846745, -48.636929055587366, 3.531532371149011e-14, -2.0083309488338833e-14, 6.662545540611083e-15, 3.232478864911196e-14, 1.3307115298253875e-14, 6.870369222023325e-15, 2.059586930277579e-15, -1.6999248458841583e-14, -1.309594304027873e-14, -9.768835157730358e-15, -6.492671181353986e-15, -3.378918146639703e-15], [1.3007162627811421e-14, 2.7204972495731044e-15, -4.370670440126095e-14, -6.58706878745623e-14, 10.616806342051534, 6.175848022506019, 3.6195331793642125e-13, 3.7060348104404046e-14, -6.276219857346146e-14, -3.8246708005970864e-14, 1.855291104216411e-14, -1.223229949284984e-14, -1.5692566731957858e-15, -2.0877671437387673e-14, 7.093091280379269e-16, -3.1028263610950764e-14, -2.4794074093094014e-14, -1.833584254166759e-14, -1.2415140458440736e-14, -6.3561588612490095e-15]], 'horizon_updates': 8, 'residual_beta': 0.15, 'residual_clip_norm': 0.2, 'task_position_weight': 40.0, 'task_velocity_weight': 2.0, 'orientation_weight': 1.0, 'angular_velocity_weight': 0.2, 'residual_correction_weight': 0.2, 'command_rate_weight': 1.0}",0.13124158594965896,0.06604065486291913,0.06598864790739167,0.002841973879946628,9.829053385679046e-17,6.338691344238716e-09,1.6706990635273478e-05,100.0,1.0,0.7857142857142857
self_a_026,14,14,14,1.0,1.0,2.2025,0.06599474480133156,0.3933967191526044,0.26423720041539134,0.054728452392987945,0.5307576412663408,1.0816,"{'candidate_id': 'self_a_026', 'architecture_version': '3D-DR-TSRMPC-A1', 'backbone': 'task_lqr_009', 'K': [[11.106224542625887, 17.470461831616884, 1.5464732862818248e-14, 2.1189042483751587e-14, 0.1240911368666274, 0.053225292614218614, -2.213542853291988e-13, -8.30929039540339e-14, 82.13780742046619, 2.4462349502545297, 16.992313302552652, 26.517252814291908, 23.831339754705283, 16.643233515578263, 8.590534789312795, -0.6559215388080796, -0.5078837524212465, -0.44241609392503867, -0.35154266344494484, -0.2164631739648866], [1.3253591901411076e-13, 7.54734982094088e-14, 11.574193706905334, 22.45240034031052, -3.463419877388124e-15, -1.5607674872768699e-15, -159.19877420389403, -55.731161089440235, -8.503988784847722e-15, -6.495585279504552e-14, -1.1067331944955502e-13, -7.096162338518517e-14, -3.825166072386517e-14, -7.24422237939566e-15, -4.6309653397621534e-14, -6.234794889101343e-14, -4.905533961615558e-14, -3.619346140684544e-14, -2.3843425435012598e-14, -1.2779851247954108e-14], [-0.15612834684476892, -0.2723658073901805, -2.3461453449558822e-14, 3.4888932054755463e-15, 10.58063604854578, 6.934249777165041, -1.0275061801225476e-13, 2.4113620783051717e-14, -4.035845280971266, -1.9213628276947188, -1.0648439074700375, -0.8088861241462306, -0.020887699155186682, 0.4279399231661433, -0.3070715482840982, -1.7650667713177126, -1.4552411581309423, -1.1262673861875168, -0.7820819941339575, -0.4335597353161311]], 'horizon_updates': 8, 'residual_beta': 0.05, 'residual_clip_norm': 0.2, 'task_position_weight': 40.0, 'task_velocity_weight': 2.0, 'orientation_weight': 1.0, 'angular_velocity_weight': 0.2, 'residual_correction_weight': 0.2, 'command_rate_weight': 1.0}",0.1216201083857056,0.035077049937736984,0.0350675252708986,0.0009753530376094769,4.0574751903141436e-17,5.362602607117265e-09,9.304901959106271e-06,100.0,1.0,1.0
self_a_038,14,14,14,1.0,1.0,2.25,0.06633552716059646,0.3877041683086621,0.2670867549027438,0.056530946400035795,0.5298943678198306,1.3979,"{'candidate_id': 'self_a_038', 'architecture_version': '3D-DR-TSRMPC-A1', 'backbone': 'task_lqr_009', 'K': [[11.106224542625887, 17.470461831616884, 1.5464732862818248e-14, 2.1189042483751587e-14, 0.1240911368666274, 0.053225292614218614, -2.213542853291988e-13, -8.30929039540339e-14, 82.13780742046619, 2.4462349502545297, 16.992313302552652, 26.517252814291908, 23.831339754705283, 16.643233515578263, 8.590534789312795, -0.6559215388080796, -0.5078837524212465, -0.44241609392503867, -0.35154266344494484, -0.2164631739648866], [1.3253591901411076e-13, 7.54734982094088e-14, 11.574193706905334, 22.45240034031052, -3.463419877388124e-15, -1.5607674872768699e-15, -159.19877420389403, -55.731161089440235, -8.503988784847722e-15, -6.495585279504552e-14, -1.1067331944955502e-13, -7.096162338518517e-14, -3.825166072386517e-14, -7.24422237939566e-15, -4.6309653397621534e-14, -6.234794889101343e-14, -4.905533961615558e-14, -3.619346140684544e-14, -2.3843425435012598e-14, -1.2779851247954108e-14], [-0.15612834684476892, -0.2723658073901805, -2.3461453449558822e-14, 3.4888932054755463e-15, 10.58063604854578, 6.934249777165041, -1.0275061801225476e-13, 2.4113620783051717e-14, -4.035845280971266, -1.9213628276947188, -1.0648439074700375, -0.8088861241462306, -0.020887699155186682, 0.4279399231661433, -0.3070715482840982, -1.7650667713177126, -1.4552411581309423, -1.1262673861875168, -0.7820819941339575, -0.4335597353161311]], 'horizon_updates': 12, 'residual_beta': 0.05, 'residual_clip_norm': 0.2, 'task_position_weight': 40.0, 'task_velocity_weight': 2.0, 'orientation_weight': 1.0, 'angular_velocity_weight': 0.2, 'residual_correction_weight': 0.2, 'command_rate_weight': 1.0}",0.12125286443836482,0.03482782114492703,0.03481866390636469,0.0009656439489674624,4.136297707410927e-17,5.351432857803835e-09,8.589531824032548e-06,150.0,1.0,1.0
self_a_027,14,14,14,1.0,1.0,2.4075,0.06759432884978198,0.38259762619144233,0.27296951093732236,0.06031313954379043,0.527727990322889,1.1903,"{'candidate_id': 'self_a_027', 'architecture_version': '3D-DR-TSRMPC-A1', 'backbone': 'task_lqr_009', 'K': [[11.106224542625887, 17.470461831616884, 1.5464732862818248e-14, 2.1189042483751587e-14, 0.1240911368666274, 0.053225292614218614, -2.213542853291988e-13, -8.30929039540339e-14, 82.13780742046619, 2.4462349502545297, 16.992313302552652, 26.517252814291908, 23.831339754705283, 16.643233515578263, 8.590534789312795, -0.6559215388080796, -0.5078837524212465, -0.44241609392503867, -0.35154266344494484, -0.2164631739648866], [1.3253591901411076e-13, 7.54734982094088e-14, 11.574193706905334, 22.45240034031052, -3.463419877388124e-15, -1.5607674872768699e-15, -159.19877420389403, -55.731161089440235, -8.503988784847722e-15, -6.495585279504552e-14, -1.1067331944955502e-13, -7.096162338518517e-14, -3.825166072386517e-14, -7.24422237939566e-15, -4.6309653397621534e-14, -6.234794889101343e-14, -4.905533961615558e-14, -3.619346140684544e-14, -2.3843425435012598e-14, -1.2779851247954108e-14], [-0.15612834684476892, -0.2723658073901805, -2.3461453449558822e-14, 3.4888932054755463e-15, 10.58063604854578, 6.934249777165041, -1.0275061801225476e-13, 2.4113620783051717e-14, -4.035845280971266, -1.9213628276947188, -1.0648439074700375, -0.8088861241462306, -0.020887699155186682, 0.4279399231661433, -0.3070715482840982, -1.7650667713177126, -1.4552411581309423, -1.1262673861875168, -0.7820819941339575, -0.4335597353161311]], 'horizon_updates': 8, 'residual_beta': 0.05, 'residual_clip_norm': 0.2, 'task_position_weight': 120.0, 'task_velocity_weight': 2.0, 'orientation_weight': 1.0, 'angular_velocity_weight': 0.2, 'residual_correction_weight': 0.2, 'command_rate_weight': 1.0}",0.12043839244504351,0.03510893363372,0.03509941362435558,0.0009592394639115876,3.9411990162755626e-17,5.3491197255621165e-09,1.621286677955247e-05,175.0,1.0,0.7857142857142857
self_a_001,14,14,14,1.0,1.0,2.3725,0.06764754232772689,0.5673509112251159,0.2481908919147395,0.038148019334809324,0.5549026366605594,1.0138,"{'candidate_id': 'self_a_001', 'architecture_version': '3D-DR-TSRMPC-A1', 'backbone': 'full_lqr_048', 'K': [[11.036584322215683, 11.310904011180716, -3.3382746201713446e-15, -8.900660521397779e-15, -2.813693586093646e-14, -7.702111236651157e-15, 9.43936776743195e-14, 6.670365950885416e-14, 38.92879933660244, 5.337925253878614, -6.084194990838757, 2.6552404127018474, 5.049987482087981, 4.054220960707486, 2.1552594949150667, 2.421714511887743, 1.8621453147926068, 1.3063611555841352, 0.8137787428199841, 0.39238394271376303], [-1.3843466819219791e-14, 1.3088100374485791e-15, 11.48860306524821, 18.054936155037538, 7.430432799965661e-14, -2.4301417079340863e-15, -120.91305218846745, -48.636929055587366, 3.531532371149011e-14, -2.0083309488338833e-14, 6.662545540611083e-15, 3.232478864911196e-14, 1.3307115298253875e-14, 6.870369222023325e-15, 2.059586930277579e-15, -1.6999248458841583e-14, -1.309594304027873e-14, -9.768835157730358e-15, -6.492671181353986e-15, -3.378918146639703e-15], [1.3007162627811421e-14, 2.7204972495731044e-15, -4.370670440126095e-14, -6.58706878745623e-14, 10.616806342051534, 6.175848022506019, 3.6195331793642125e-13, 3.7060348104404046e-14, -6.276219857346146e-14, -3.8246708005970864e-14, 1.855291104216411e-14, -1.223229949284984e-14, -1.5692566731957858e-15, -2.0877671437387673e-14, 7.093091280379269e-16, -3.1028263610950764e-14, -2.4794074093094014e-14, -1.833584254166759e-14, -1.2415140458440736e-14, -6.3561588612490095e-15]], 'horizon_updates': 8, 'residual_beta': 0.05, 'residual_clip_norm': 0.08, 'task_position_weight': 120.0, 'task_velocity_weight': 2.0, 'orientation_weight': 1.0, 'angular_velocity_weight': 0.2, 'residual_correction_weight': 0.2, 'command_rate_weight': 1.0}",0.11572950994206412,0.03557650473211416,0.03556688035352421,0.0012634487850851257,5.116223855430524e-17,6.129868209508627e-09,1.3482656084334854e-05,175.0,1.0,0.8571428571428571
self_a_012,14,14,14,1.0,1.0,2.4000000000000004,0.06772104539923197,0.5977473395201006,0.25558525378234237,0.03627889582361264,0.5713123120938894,1.7997,"{'candidate_id': 'self_a_012', 'architecture_version': '3D-DR-TSRMPC-A1', 'backbone': 'full_lqr_048', 'K': [[11.036584322215683, 11.310904011180716, -3.3382746201713446e-15, -8.900660521397779e-15, -2.813693586093646e-14, -7.702111236651157e-15, 9.43936776743195e-14, 6.670365950885416e-14, 38.92879933660244, 5.337925253878614, -6.084194990838757, 2.6552404127018474, 5.049987482087981, 4.054220960707486, 2.1552594949150667, 2.421714511887743, 1.8621453147926068, 1.3063611555841352, 0.8137787428199841, 0.39238394271376303], [-1.3843466819219791e-14, 1.3088100374485791e-15, 11.48860306524821, 18.054936155037538, 7.430432799965661e-14, -2.4301417079340863e-15, -120.91305218846745, -48.636929055587366, 3.531532371149011e-14, -2.0083309488338833e-14, 6.662545540611083e-15, 3.232478864911196e-14, 1.3307115298253875e-14, 6.870369222023325e-15, 2.059586930277579e-15, -1.6999248458841583e-14, -1.309594304027873e-14, -9.768835157730358e-15, -6.492671181353986e-15, -3.378918146639703e-15], [1.3007162627811421e-14, 2.7204972495731044e-15, -4.370670440126095e-14, -6.58706878745623e-14, 10.616806342051534, 6.175848022506019, 3.6195331793642125e-13, 3.7060348104404046e-14, -6.276219857346146e-14, -3.8246708005970864e-14, 1.855291104216411e-14, -1.223229949284984e-14, -1.5692566731957858e-15, -2.0877671437387673e-14, 7.093091280379269e-16, -3.1028263610950764e-14, -2.4794074093094014e-14, -1.833584254166759e-14, -1.2415140458440736e-14, -6.3561588612490095e-15]], 'horizon_updates': 12, 'residual_beta': 0.05, 'residual_clip_norm': 0.08, 'task_position_weight': 40.0, 'task_velocity_weight': 2.0, 'orientation_weight': 1.0, 'angular_velocity_weight': 0.2, 'residual_correction_weight': 0.2, 'command_rate_weight': 1.0}",0.11687599689774465,0.0360100204251501,0.035986427205018136,0.0013033142513068452,5.1513498566110726e-17,6.350748048705197e-09,8.81123453888577e-06,150.0,1.0,1.0
self_a_003,14,14,14,1.0,1.0,2.35,0.06818750090931952,0.5658430219596223,0.24569687062004159,0.038148019334809324,0.5538911314848499,1.0186,"{'candidate_id': 'self_a_003', 'architecture_version': '3D-DR-TSRMPC-A1', 'backbone': 'full_lqr_048', 'K': [[11.036584322215683, 11.310904011180716, -3.3382746201713446e-15, -8.900660521397779e-15, -2.813693586093646e-14, -7.702111236651157e-15, 9.43936776743195e-14, 6.670365950885416e-14, 38.92879933660244, 5.337925253878614, -6.084194990838757, 2.6552404127018474, 5.049987482087981, 4.054220960707486, 2.1552594949150667, 2.421714511887743, 1.8621453147926068, 1.3063611555841352, 0.8137787428199841, 0.39238394271376303], [-1.3843466819219791e-14, 1.3088100374485791e-15, 11.48860306524821, 18.054936155037538, 7.430432799965661e-14, -2.4301417079340863e-15, -120.91305218846745, -48.636929055587366, 3.531532371149011e-14, -2.0083309488338833e-14, 6.662545540611083e-15, 3.232478864911196e-14, 1.3307115298253875e-14, 6.870369222023325e-15, 2.059586930277579e-15, -1.6999248458841583e-14, -1.309594304027873e-14, -9.768835157730358e-15, -6.492671181353986e-15, -3.378918146639703e-15], [1.3007162627811421e-14, 2.7204972495731044e-15, -4.370670440126095e-14, -6.58706878745623e-14, 10.616806342051534, 6.175848022506019, 3.6195331793642125e-13, 3.7060348104404046e-14, -6.276219857346146e-14, -3.8246708005970864e-14, 1.855291104216411e-14, -1.223229949284984e-14, -1.5692566731957858e-15, -2.0877671437387673e-14, 7.093091280379269e-16, -3.1028263610950764e-14, -2.4794074093094014e-14, -1.833584254166759e-14, -1.2415140458440736e-14, -6.3561588612490095e-15]], 'horizon_updates': 8, 'residual_beta': 0.05, 'residual_clip_norm': 0.2, 'task_position_weight': 120.0, 'task_velocity_weight': 2.0, 'orientation_weight': 1.0, 'angular_velocity_weight': 0.2, 'residual_correction_weight': 0.2, 'command_rate_weight': 1.0}",0.11560524782879558,0.035296416301969266,0.035273490010075445,0.0012719694457930101,5.066950613328448e-17,5.625847912446878e-09,1.3482656084334854e-05,175.0,1.0,0.8571428571428571
self_a_000,14,14,14,1.0,1.0,2.6775,0.06825037030556004,0.630991957924364,0.2613987253815887,0.034988084874941476,0.5887560520240455,1.0298,"{'candidate_id': 'self_a_000', 'architecture_version': '3D-DR-TSRMPC-A1', 'backbone': 'full_lqr_048', 'K': [[11.036584322215683, 11.310904011180716, -3.3382746201713446e-15, -8.900660521397779e-15, -2.813693586093646e-14, -7.702111236651157e-15, 9.43936776743195e-14, 6.670365950885416e-14, 38.92879933660244, 5.337925253878614, -6.084194990838757, 2.6552404127018474, 5.049987482087981, 4.054220960707486, 2.1552594949150667, 2.421714511887743, 1.8621453147926068, 1.3063611555841352, 0.8137787428199841, 0.39238394271376303], [-1.3843466819219791e-14, 1.3088100374485791e-15, 11.48860306524821, 18.054936155037538, 7.430432799965661e-14, -2.4301417079340863e-15, -120.91305218846745, -48.636929055587366, 3.531532371149011e-14, -2.0083309488338833e-14, 6.662545540611083e-15, 3.232478864911196e-14, 1.3307115298253875e-14, 6.870369222023325e-15, 2.059586930277579e-15, -1.6999248458841583e-14, -1.309594304027873e-14, -9.768835157730358e-15, -6.492671181353986e-15, -3.378918146639703e-15], [1.3007162627811421e-14, 2.7204972495731044e-15, -4.370670440126095e-14, -6.58706878745623e-14, 10.616806342051534, 6.175848022506019, 3.6195331793642125e-13, 3.7060348104404046e-14, -6.276219857346146e-14, -3.8246708005970864e-14, 1.855291104216411e-14, -1.223229949284984e-14, -1.5692566731957858e-15, -2.0877671437387673e-14, 7.093091280379269e-16, -3.1028263610950764e-14, -2.4794074093094014e-14, -1.833584254166759e-14, -1.2415140458440736e-14, -6.3561588612490095e-15]], 'horizon_updates': 8, 'residual_beta': 0.05, 'residual_clip_norm': 0.08, 'task_position_weight': 40.0, 'task_velocity_weight': 2.0, 'orientation_weight': 1.0, 'angular_velocity_weight': 0.2, 'residual_correction_weight': 0.2, 'command_rate_weight': 1.0}",0.11743481343908337,0.036982597132864066,0.03695787101485419,0.0013521319244539688,5.614982476973737e-17,6.9086758182928685e-09,1.670699063544001e-05,100.0,1.0,0.7857142857142857
self_a_014,14,14,14,1.0,1.0,2.385,0.06833305379899672,0.5963144867874375,0.25296513925586306,0.03627889582361264,0.56961373450718,1.3633,"{'candidate_id': 'self_a_014', 'architecture_version': '3D-DR-TSRMPC-A1', 'backbone': 'full_lqr_048', 'K': [[11.036584322215683, 11.310904011180716, -3.3382746201713446e-15, -8.900660521397779e-15, -2.813693586093646e-14, -7.702111236651157e-15, 9.43936776743195e-14, 6.670365950885416e-14, 38.92879933660244, 5.337925253878614, -6.084194990838757, 2.6552404127018474, 5.049987482087981, 4.054220960707486, 2.1552594949150667, 2.421714511887743, 1.8621453147926068, 1.3063611555841352, 0.8137787428199841, 0.39238394271376303], [-1.3843466819219791e-14, 1.3088100374485791e-15, 11.48860306524821, 18.054936155037538, 7.430432799965661e-14, -2.4301417079340863e-15, -120.91305218846745, -48.636929055587366, 3.531532371149011e-14, -2.0083309488338833e-14, 6.662545540611083e-15, 3.232478864911196e-14, 1.3307115298253875e-14, 6.870369222023325e-15, 2.059586930277579e-15, -1.6999248458841583e-14, -1.309594304027873e-14, -9.768835157730358e-15, -6.492671181353986e-15, -3.378918146639703e-15], [1.3007162627811421e-14, 2.7204972495731044e-15, -4.370670440126095e-14, -6.58706878745623e-14, 10.616806342051534, 6.175848022506019, 3.6195331793642125e-13, 3.7060348104404046e-14, -6.276219857346146e-14, -3.8246708005970864e-14, 1.855291104216411e-14, -1.223229949284984e-14, -1.5692566731957858e-15, -2.0877671437387673e-14, 7.093091280379269e-16, -3.1028263610950764e-14, -2.4794074093094014e-14, -1.833584254166759e-14, -1.2415140458440736e-14, -6.3561588612490095e-15]], 'horizon_updates': 12, 'residual_beta': 0.05, 'residual_clip_norm': 0.2, 'task_position_weight': 40.0, 'task_velocity_weight': 2.0, 'orientation_weight': 1.0, 'angular_velocity_weight': 0.2, 'residual_correction_weight': 0.2, 'command_rate_weight': 1.0}",0.11657995300223196,0.035793637174087366,0.035769442147100775,0.0013158535767405937,5.199090028945938e-17,5.6385260509205035e-09,1.108062028490342e-05,150.0,1.0,0.9285714285714286
self_a_013,14,14,14,1.0,1.0,2.6224999999999996,0.06873626419144976,0.5028946182244598,0.2516932535643566,0.043549410820814885,0.5163242288929071,1.4139,"{'candidate_id': 'self_a_013', 'architecture_version': '3D-DR-TSRMPC-A1', 'backbone': 'full_lqr_048', 'K': [[11.036584322215683, 11.310904011180716, -3.3382746201713446e-15, -8.900660521397779e-15, -2.813693586093646e-14, -7.702111236651157e-15, 9.43936776743195e-14, 6.670365950885416e-14, 38.92879933660244, 5.337925253878614, -6.084194990838757, 2.6552404127018474, 5.049987482087981, 4.054220960707486, 2.1552594949150667, 2.421714511887743, 1.8621453147926068, 1.3063611555841352, 0.8137787428199841, 0.39238394271376303], [-1.3843466819219791e-14, 1.3088100374485791e-15, 11.48860306524821, 18.054936155037538, 7.430432799965661e-14, -2.4301417079340863e-15, -120.91305218846745, -48.636929055587366, 3.531532371149011e-14, -2.0083309488338833e-14, 6.662545540611083e-15, 3.232478864911196e-14, 1.3307115298253875e-14, 6.870369222023325e-15, 2.059586930277579e-15, -1.6999248458841583e-14, -1.309594304027873e-14, -9.768835157730358e-15, -6.492671181353986e-15, -3.378918146639703e-15], [1.3007162627811421e-14, 2.7204972495731044e-15, -4.370670440126095e-14, -6.58706878745623e-14, 10.616806342051534, 6.175848022506019, 3.6195331793642125e-13, 3.7060348104404046e-14, -6.276219857346146e-14, -3.8246708005970864e-14, 1.855291104216411e-14, -1.223229949284984e-14, -1.5692566731957858e-15, -2.0877671437387673e-14, 7.093091280379269e-16, -3.1028263610950764e-14, -2.4794074093094014e-14, -1.833584254166759e-14, -1.2415140458440736e-14, -6.3561588612490095e-15]], 'horizon_updates': 12, 'residual_beta': 0.05, 'residual_clip_norm': 0.08, 'task_position_weight': 120.0, 'task_velocity_weight': 2.0, 'orientation_weight': 1.0, 'angular_velocity_weight': 0.2, 'residual_correction_weight': 0.2, 'command_rate_weight': 1.0}",0.11313474949261744,0.03375327831624902,0.03374658020962566,0.00109190123996889,4.7993039281250956e-17,5.597752110429353e-09,1.5685378992102983e-05,100.0,1.0,0.7142857142857143
self_a_002,14,14,14,1.0,1.0,2.67,0.06897053810405963,0.631850330452801,0.2588581244962852,0.034988084874941476,0.5855077105958724,1.0038,"{'candidate_id': 'self_a_002', 'architecture_version': '3D-DR-TSRMPC-A1', 'backbone': 'full_lqr_048', 'K': [[11.036584322215683, 11.310904011180716, -3.3382746201713446e-15, -8.900660521397779e-15, -2.813693586093646e-14, -7.702111236651157e-15, 9.43936776743195e-14, 6.670365950885416e-14, 38.92879933660244, 5.337925253878614, -6.084194990838757, 2.6552404127018474, 5.049987482087981, 4.054220960707486, 2.1552594949150667, 2.421714511887743, 1.8621453147926068, 1.3063611555841352, 0.8137787428199841, 0.39238394271376303], [-1.3843466819219791e-14, 1.3088100374485791e-15, 11.48860306524821, 18.054936155037538, 7.430432799965661e-14, -2.4301417079340863e-15, -120.91305218846745, -48.636929055587366, 3.531532371149011e-14, -2.0083309488338833e-14, 6.662545540611083e-15, 3.232478864911196e-14, 1.3307115298253875e-14, 6.870369222023325e-15, 2.059586930277579e-15, -1.6999248458841583e-14, -1.309594304027873e-14, -9.768835157730358e-15, -6.492671181353986e-15, -3.378918146639703e-15], [1.3007162627811421e-14, 2.7204972495731044e-15, -4.370670440126095e-14, -6.58706878745623e-14, 10.616806342051534, 6.175848022506019, 3.6195331793642125e-13, 3.7060348104404046e-14, -6.276219857346146e-14, -3.8246708005970864e-14, 1.855291104216411e-14, -1.223229949284984e-14, -1.5692566731957858e-15, -2.0877671437387673e-14, 7.093091280379269e-16, -3.1028263610950764e-14, -2.4794074093094014e-14, -1.833584254166759e-14, -1.2415140458440736e-14, -6.3561588612490095e-15]], 'horizon_updates': 8, 'residual_beta': 0.05, 'residual_clip_norm': 0.2, 'task_position_weight': 40.0, 'task_velocity_weight': 2.0, 'orientation_weight': 1.0, 'angular_velocity_weight': 0.2, 'residual_correction_weight': 0.2, 'command_rate_weight': 1.0}",0.11712487292007497,0.036687677449521144,0.03666166041461637,0.0013814240056749013,5.540791632061906e-17,5.6636465424653004e-09,1.670699063544001e-05,100.0,1.0,0.7857142857142857
self_a_015,14,14,14,1.0,1.0,2.615,0.06918066730454604,0.5023972581402961,0.25776268654817636,0.043549410820814885,0.516193828260672,1.3155,"{'candidate_id': 'self_a_015', 'architecture_version': '3D-DR-TSRMPC-A1', 'backbone': 'full_lqr_048', 'K': [[11.036584322215683, 11.310904011180716, -3.3382746201713446e-15, -8.900660521397779e-15, -2.813693586093646e-14, -7.702111236651157e-15, 9.43936776743195e-14, 6.670365950885416e-14, 38.92879933660244, 5.337925253878614, -6.084194990838757, 2.6552404127018474, 5.049987482087981, 4.054220960707486, 2.1552594949150667, 2.421714511887743, 1.8621453147926068, 1.3063611555841352, 0.8137787428199841, 0.39238394271376303], [-1.3843466819219791e-14, 1.3088100374485791e-15, 11.48860306524821, 18.054936155037538, 7.430432799965661e-14, -2.4301417079340863e-15, -120.91305218846745, -48.636929055587366, 3.531532371149011e-14, -2.0083309488338833e-14, 6.662545540611083e-15, 3.232478864911196e-14, 1.3307115298253875e-14, 6.870369222023325e-15, 2.059586930277579e-15, -1.6999248458841583e-14, -1.309594304027873e-14, -9.768835157730358e-15, -6.492671181353986e-15, -3.378918146639703e-15], [1.3007162627811421e-14, 2.7204972495731044e-15, -4.370670440126095e-14, -6.58706878745623e-14, 10.616806342051534, 6.175848022506019, 3.6195331793642125e-13, 3.7060348104404046e-14, -6.276219857346146e-14, -3.8246708005970864e-14, 1.855291104216411e-14, -1.223229949284984e-14, -1.5692566731957858e-15, -2.0877671437387673e-14, 7.093091280379269e-16, -3.1028263610950764e-14, -2.4794074093094014e-14, -1.833584254166759e-14, -1.2415140458440736e-14, -6.3561588612490095e-15]], 'horizon_updates': 12, 'residual_beta': 0.05, 'residual_clip_norm': 0.2, 'task_position_weight': 120.0, 'task_velocity_weight': 2.0, 'orientation_weight': 1.0, 'angular_velocity_weight': 0.2, 'residual_correction_weight': 0.2, 'command_rate_weight': 1.0}",0.11313474949261744,0.03360088256737659,0.03359446605019858,0.0010877877891457277,5.0101044149512054e-17,5.558267265189954e-09,1.5685378992102983e-05,100.0,1.0,0.7142857142857143
self_a_039,14,14,14,1.0,1.0,2.63,0.069482555739634,0.37091903010570304,0.28149902844850266,0.06602708642597227,0.5132717833893241,1.4126,"{'candidate_id': 'self_a_039', 'architecture_version': '3D-DR-TSRMPC-A1', 'backbone': 'task_lqr_009', 'K': [[11.106224542625887, 17.470461831616884, 1.5464732862818248e-14, 2.1189042483751587e-14, 0.1240911368666274, 0.053225292614218614, -2.213542853291988e-13, -8.30929039540339e-14, 82.13780742046619, 2.4462349502545297, 16.992313302552652, 26.517252814291908, 23.831339754705283, 16.643233515578263, 8.590534789312795, -0.6559215388080796, -0.5078837524212465, -0.44241609392503867, -0.35154266344494484, -0.2164631739648866], [1.3253591901411076e-13, 7.54734982094088e-14, 11.574193706905334, 22.45240034031052, -3.463419877388124e-15, -1.5607674872768699e-15, -159.19877420389403, -55.731161089440235, -8.503988784847722e-15, -6.495585279504552e-14, -1.1067331944955502e-13, -7.096162338518517e-14, -3.825166072386517e-14, -7.24422237939566e-15, -4.6309653397621534e-14, -6.234794889101343e-14, -4.905533961615558e-14, -3.619346140684544e-14, -2.3843425435012598e-14, -1.2779851247954108e-14], [-0.15612834684476892, -0.2723658073901805, -2.3461453449558822e-14, 3.4888932054755463e-15, 10.58063604854578, 6.934249777165041, -1.0275061801225476e-13, 2.4113620783051717e-14, -4.035845280971266, -1.9213628276947188, -1.0648439074700375, -0.8088861241462306, -0.020887699155186682, 0.4279399231661433, -0.3070715482840982, -1.7650667713177126, -1.4552411581309423, -1.1262673861875168, -0.7820819941339575, -0.4335597353161311]], 'horizon_updates': 12, 'residual_beta': 0.05, 'residual_clip_norm': 0.2, 'task_position_weight': 120.0, 'task_velocity_weight': 2.0, 'orientation_weight': 1.0, 'angular_velocity_weight': 0.2, 'residual_correction_weight': 0.2, 'command_rate_weight': 1.0}",0.11882707494483785,0.034361672683001,0.03435316817310368,0.000936162760137078,4.140298035421905e-17,5.316971049458685e-09,1.7507292256330187e-05,125.0,1.0,0.7857142857142857
self_a_017,14,14,8,1.0,0.5714285714285714,2.61,0.1308452212220532,2.084073317410785,0.558342540763301,0.2552524745521721,8.839096584713532,1.9091,"{'candidate_id': 'self_a_017', 'architecture_version': '3D-DR-TSRMPC-A1', 'backbone': 'full_lqr_048', 'K': [[11.036584322215683, 11.310904011180716, -3.3382746201713446e-15, -8.900660521397779e-15, -2.813693586093646e-14, -7.702111236651157e-15, 9.43936776743195e-14, 6.670365950885416e-14, 38.92879933660244, 5.337925253878614, -6.084194990838757, 2.6552404127018474, 5.049987482087981, 4.054220960707486, 2.1552594949150667, 2.421714511887743, 1.8621453147926068, 1.3063611555841352, 0.8137787428199841, 0.39238394271376303], [-1.3843466819219791e-14, 1.3088100374485791e-15, 11.48860306524821, 18.054936155037538, 7.430432799965661e-14, -2.4301417079340863e-15, -120.91305218846745, -48.636929055587366, 3.531532371149011e-14, -2.0083309488338833e-14, 6.662545540611083e-15, 3.232478864911196e-14, 1.3307115298253875e-14, 6.870369222023325e-15, 2.059586930277579e-15, -1.6999248458841583e-14, -1.309594304027873e-14, -9.768835157730358e-15, -6.492671181353986e-15, -3.378918146639703e-15], [1.3007162627811421e-14, 2.7204972495731044e-15, -4.370670440126095e-14, -6.58706878745623e-14, 10.616806342051534, 6.175848022506019, 3.6195331793642125e-13, 3.7060348104404046e-14, -6.276219857346146e-14, -3.8246708005970864e-14, 1.855291104216411e-14, -1.223229949284984e-14, -1.5692566731957858e-15, -2.0877671437387673e-14, 7.093091280379269e-16, -3.1028263610950764e-14, -2.4794074093094014e-14, -1.833584254166759e-14, -1.2415140458440736e-14, -6.3561588612490095e-15]], 'horizon_updates': 12, 'residual_beta': 0.15, 'residual_clip_norm': 0.08, 'task_position_weight': 120.0, 'task_velocity_weight': 2.0, 'orientation_weight': 1.0, 'angular_velocity_weight': 0.2, 'residual_correction_weight': 0.2, 'command_rate_weight': 1.0}",0.6389548565673514,0.15394039579257993,0.1538303975828434,0.008555396575426436,3.875552694821906e-16,8.29742515041208e-08,4.930314699258531e-05,675.0,1.0,0.2857142857142857
self_a_016,14,14,8,1.0,0.5714285714285714,2.275,0.1309982562587645,2.2194529300782966,0.6003115520855841,0.25572736491897974,9.322708827937701,1.828,"{'candidate_id': 'self_a_016', 'architecture_version': '3D-DR-TSRMPC-A1', 'backbone': 'full_lqr_048', 'K': [[11.036584322215683, 11.310904011180716, -3.3382746201713446e-15, -8.900660521397779e-15, -2.813693586093646e-14, -7.702111236651157e-15, 9.43936776743195e-14, 6.670365950885416e-14, 38.92879933660244, 5.337925253878614, -6.084194990838757, 2.6552404127018474, 5.049987482087981, 4.054220960707486, 2.1552594949150667, 2.421714511887743, 1.8621453147926068, 1.3063611555841352, 0.8137787428199841, 0.39238394271376303], [-1.3843466819219791e-14, 1.3088100374485791e-15, 11.48860306524821, 18.054936155037538, 7.430432799965661e-14, -2.4301417079340863e-15, -120.91305218846745, -48.636929055587366, 3.531532371149011e-14, -2.0083309488338833e-14, 6.662545540611083e-15, 3.232478864911196e-14, 1.3307115298253875e-14, 6.870369222023325e-15, 2.059586930277579e-15, -1.6999248458841583e-14, -1.309594304027873e-14, -9.768835157730358e-15, -6.492671181353986e-15, -3.378918146639703e-15], [1.3007162627811421e-14, 2.7204972495731044e-15, -4.370670440126095e-14, -6.58706878745623e-14, 10.616806342051534, 6.175848022506019, 3.6195331793642125e-13, 3.7060348104404046e-14, -6.276219857346146e-14, -3.8246708005970864e-14, 1.855291104216411e-14, -1.223229949284984e-14, -1.5692566731957858e-15, -2.0877671437387673e-14, 7.093091280379269e-16, -3.1028263610950764e-14, -2.4794074093094014e-14, -1.833584254166759e-14, -1.2415140458440736e-14, -6.3561588612490095e-15]], 'horizon_updates': 12, 'residual_beta': 0.15, 'residual_clip_norm': 0.08, 'task_position_weight': 40.0, 'task_velocity_weight': 2.0, 'orientation_weight': 1.0, 'angular_velocity_weight': 0.2, 'residual_correction_weight': 0.2, 'command_rate_weight': 1.0}",0.6401208696489372,0.15662213057765356,0.1564930185772036,0.008629508223746968,3.9924235783282286e-16,8.239249567680869e-08,5.997005677116363e-05,650.0,1.0,0.5714285714285714
self_a_036,14,14,8,1.0,0.5714285714285714,2.005,0.13584733823405123,2.8603648777981228,0.610094012793577,0.22408287225559295,9.747953748166363,1.9003,"{'candidate_id': 'self_a_036', 'architecture_version': '3D-DR-TSRMPC-A1', 'backbone': 'task_lqr_009', 'K': [[11.106224542625887, 17.470461831616884, 1.5464732862818248e-14, 2.1189042483751587e-14, 0.1240911368666274, 0.053225292614218614, -2.213542853291988e-13, -8.30929039540339e-14, 82.13780742046619, 2.4462349502545297, 16.992313302552652, 26.517252814291908, 23.831339754705283, 16.643233515578263, 8.590534789312795, -0.6559215388080796, -0.5078837524212465, -0.44241609392503867, -0.35154266344494484, -0.2164631739648866], [1.3253591901411076e-13, 7.54734982094088e-14, 11.574193706905334, 22.45240034031052, -3.463419877388124e-15, -1.5607674872768699e-15, -159.19877420389403, -55.731161089440235, -8.503988784847722e-15, -6.495585279504552e-14, -1.1067331944955502e-13, -7.096162338518517e-14, -3.825166072386517e-14, -7.24422237939566e-15, -4.6309653397621534e-14, -6.234794889101343e-14, -4.905533961615558e-14, -3.619346140684544e-14, -2.3843425435012598e-14, -1.2779851247954108e-14], [-0.15612834684476892, -0.2723658073901805, -2.3461453449558822e-14, 3.4888932054755463e-15, 10.58063604854578, 6.934249777165041, -1.0275061801225476e-13, 2.4113620783051717e-14, -4.035845280971266, -1.9213628276947188, -1.0648439074700375, -0.8088861241462306, -0.020887699155186682, 0.4279399231661433, -0.3070715482840982, -1.7650667713177126, -1.4552411581309423, -1.1262673861875168, -0.7820819941339575, -0.4335597353161311]], 'horizon_updates': 12, 'residual_beta': 0.05, 'residual_clip_norm': 0.08, 'task_position_weight': 40.0, 'task_velocity_weight': 2.0, 'orientation_weight': 1.0, 'angular_velocity_weight': 0.2, 'residual_correction_weight': 0.2, 'command_rate_weight': 1.0}",0.7124832134340904,0.08555459951394188,0.08548001031385744,0.004364446500923575,3.426167194369152e-16,7.44417034217693e-08,6.713516013689969e-05,1075.0,1.0,0.5714285714285714
self_a_005,14,14,8,1.0,0.5714285714285714,2.325,0.1429258918638519,3.5860673390381335,0.8429628241852006,0.20744258346479888,10.766415260351755,1.1456,"{'candidate_id': 'self_a_005', 'architecture_version': '3D-DR-TSRMPC-A1', 'backbone': 'full_lqr_048', 'K': [[11.036584322215683, 11.310904011180716, -3.3382746201713446e-15, -8.900660521397779e-15, -2.813693586093646e-14, -7.702111236651157e-15, 9.43936776743195e-14, 6.670365950885416e-14, 38.92879933660244, 5.337925253878614, -6.084194990838757, 2.6552404127018474, 5.049987482087981, 4.054220960707486, 2.1552594949150667, 2.421714511887743, 1.8621453147926068, 1.3063611555841352, 0.8137787428199841, 0.39238394271376303], [-1.3843466819219791e-14, 1.3088100374485791e-15, 11.48860306524821, 18.054936155037538, 7.430432799965661e-14, -2.4301417079340863e-15, -120.91305218846745, -48.636929055587366, 3.531532371149011e-14, -2.0083309488338833e-14, 6.662545540611083e-15, 3.232478864911196e-14, 1.3307115298253875e-14, 6.870369222023325e-15, 2.059586930277579e-15, -1.6999248458841583e-14, -1.309594304027873e-14, -9.768835157730358e-15, -6.492671181353986e-15, -3.378918146639703e-15], [1.3007162627811421e-14, 2.7204972495731044e-15, -4.370670440126095e-14, -6.58706878745623e-14, 10.616806342051534, 6.175848022506019, 3.6195331793642125e-13, 3.7060348104404046e-14, -6.276219857346146e-14, -3.8246708005970864e-14, 1.855291104216411e-14, -1.223229949284984e-14, -1.5692566731957858e-15, -2.0877671437387673e-14, 7.093091280379269e-16, -3.1028263610950764e-14, -2.4794074093094014e-14, -1.833584254166759e-14, -1.2415140458440736e-14, -6.3561588612490095e-15]], 'horizon_updates': 8, 'residual_beta': 0.15, 'residual_clip_norm': 0.08, 'task_position_weight': 120.0, 'task_velocity_weight': 2.0, 'orientation_weight': 1.0, 'angular_velocity_weight': 0.2, 'residual_correction_weight': 0.2, 'command_rate_weight': 1.0}",0.7758558964208904,0.1658895846053437,0.16570484854838377,0.012702322533817397,3.9625523517987446e-16,8.517032115162636e-08,6.978029920645668e-05,575.0,1.0,0.42857142857142855
self_a_020,14,14,8,1.0,0.5714285714285714,2.275,0.14401064781099635,2.322936076230891,0.6168597928080402,0.28682022028500687,9.60790985189144,1.9767,"{'candidate_id': 'self_a_020', 'architecture_version': '3D-DR-TSRMPC-A1', 'backbone': 'full_lqr_048', 'K': [[11.036584322215683, 11.310904011180716, -3.3382746201713446e-15, -8.900660521397779e-15, -2.813693586093646e-14, -7.702111236651157e-15, 9.43936776743195e-14, 6.670365950885416e-14, 38.92879933660244, 5.337925253878614, -6.084194990838757, 2.6552404127018474, 5.049987482087981, 4.054220960707486, 2.1552594949150667, 2.421714511887743, 1.8621453147926068, 1.3063611555841352, 0.8137787428199841, 0.39238394271376303], [-1.3843466819219791e-14, 1.3088100374485791e-15, 11.48860306524821, 18.054936155037538, 7.430432799965661e-14, -2.4301417079340863e-15, -120.91305218846745, -48.636929055587366, 3.531532371149011e-14, -2.0083309488338833e-14, 6.662545540611083e-15, 3.232478864911196e-14, 1.3307115298253875e-14, 6.870369222023325e-15, 2.059586930277579e-15, -1.6999248458841583e-14, -1.309594304027873e-14, -9.768835157730358e-15, -6.492671181353986e-15, -3.378918146639703e-15], [1.3007162627811421e-14, 2.7204972495731044e-15, -4.370670440126095e-14, -6.58706878745623e-14, 10.616806342051534, 6.175848022506019, 3.6195331793642125e-13, 3.7060348104404046e-14, -6.276219857346146e-14, -3.8246708005970864e-14, 1.855291104216411e-14, -1.223229949284984e-14, -1.5692566731957858e-15, -2.0877671437387673e-14, 7.093091280379269e-16, -3.1028263610950764e-14, -2.4794074093094014e-14, -1.833584254166759e-14, -1.2415140458440736e-14, -6.3561588612490095e-15]], 'horizon_updates': 12, 'residual_beta': 0.3, 'residual_clip_norm': 0.08, 'task_position_weight': 40.0, 'task_velocity_weight': 2.0, 'orientation_weight': 1.0, 'angular_velocity_weight': 0.2, 'residual_correction_weight': 0.2, 'command_rate_weight': 1.0}",0.6913396071250153,0.17936047120304285,0.17910217616169766,0.012016894984196114,4.2470506701516363e-16,8.041150446317888e-08,4.940581153434209e-05,625.0,1.0,0.5714285714285714
self_a_004,14,14,8,1.0,0.5714285714285714,2.335,0.14439333676889618,3.6871398785740177,0.8475096406988134,0.2180342481290804,11.055092099176978,1.2031,"{'candidate_id': 'self_a_004', 'architecture_version': '3D-DR-TSRMPC-A1', 'backbone': 'full_lqr_048', 'K': [[11.036584322215683, 11.310904011180716, -3.3382746201713446e-15, -8.900660521397779e-15, -2.813693586093646e-14, -7.702111236651157e-15, 9.43936776743195e-14, 6.670365950885416e-14, 38.92879933660244, 5.337925253878614, -6.084194990838757, 2.6552404127018474, 5.049987482087981, 4.054220960707486, 2.1552594949150667, 2.421714511887743, 1.8621453147926068, 1.3063611555841352, 0.8137787428199841, 0.39238394271376303], [-1.3843466819219791e-14, 1.3088100374485791e-15, 11.48860306524821, 18.054936155037538, 7.430432799965661e-14, -2.4301417079340863e-15, -120.91305218846745, -48.636929055587366, 3.531532371149011e-14, -2.0083309488338833e-14, 6.662545540611083e-15, 3.232478864911196e-14, 1.3307115298253875e-14, 6.870369222023325e-15, 2.059586930277579e-15, -1.6999248458841583e-14, -1.309594304027873e-14, -9.768835157730358e-15, -6.492671181353986e-15, -3.378918146639703e-15], [1.3007162627811421e-14, 2.7204972495731044e-15, -4.370670440126095e-14, -6.58706878745623e-14, 10.616806342051534, 6.175848022506019, 3.6195331793642125e-13, 3.7060348104404046e-14, -6.276219857346146e-14, -3.8246708005970864e-14, 1.855291104216411e-14, -1.223229949284984e-14, -1.5692566731957858e-15, -2.0877671437387673e-14, 7.093091280379269e-16, -3.1028263610950764e-14, -2.4794074093094014e-14, -1.833584254166759e-14, -1.2415140458440736e-14, -6.3561588612490095e-15]], 'horizon_updates': 8, 'residual_beta': 0.15, 'residual_clip_norm': 0.08, 'task_position_weight': 40.0, 'task_velocity_weight': 2.0, 'orientation_weight': 1.0, 'angular_velocity_weight': 0.2, 'residual_correction_weight': 0.2, 'command_rate_weight': 1.0}",0.7950194174785793,0.1654883173580758,0.16530351754748956,0.01321740778081436,3.8528786411598525e-16,8.486582437422716e-08,6.703345009739792e-05,500.0,1.0,0.42857142857142855
self_a_037,14,14,8,1.0,0.5714285714285714,2.0775,0.14494341634757194,2.8581637621363916,0.6903895955451911,0.25547652841021223,9.692747318851028,1.9422,"{'candidate_id': 'self_a_037', 'architecture_version': '3D-DR-TSRMPC-A1', 'backbone': 'task_lqr_009', 'K': [[11.106224542625887, 17.470461831616884, 1.5464732862818248e-14, 2.1189042483751587e-14, 0.1240911368666274, 0.053225292614218614, -2.213542853291988e-13, -8.30929039540339e-14, 82.13780742046619, 2.4462349502545297, 16.992313302552652, 26.517252814291908, 23.831339754705283, 16.643233515578263, 8.590534789312795, -0.6559215388080796, -0.5078837524212465, -0.44241609392503867, -0.35154266344494484, -0.2164631739648866], [1.3253591901411076e-13, 7.54734982094088e-14, 11.574193706905334, 22.45240034031052, -3.463419877388124e-15, -1.5607674872768699e-15, -159.19877420389403, -55.731161089440235, -8.503988784847722e-15, -6.495585279504552e-14, -1.1067331944955502e-13, -7.096162338518517e-14, -3.825166072386517e-14, -7.24422237939566e-15, -4.6309653397621534e-14, -6.234794889101343e-14, -4.905533961615558e-14, -3.619346140684544e-14, -2.3843425435012598e-14, -1.2779851247954108e-14], [-0.15612834684476892, -0.2723658073901805, -2.3461453449558822e-14, 3.4888932054755463e-15, 10.58063604854578, 6.934249777165041, -1.0275061801225476e-13, 2.4113620783051717e-14, -4.035845280971266, -1.9213628276947188, -1.0648439074700375, -0.8088861241462306, -0.020887699155186682, 0.4279399231661433, -0.3070715482840982, -1.7650667713177126, -1.4552411581309423, -1.1262673861875168, -0.7820819941339575, -0.4335597353161311]], 'horizon_updates': 12, 'residual_beta': 0.05, 'residual_clip_norm': 0.08, 'task_position_weight': 120.0, 'task_velocity_weight': 2.0, 'orientation_weight': 1.0, 'angular_velocity_weight': 0.2, 'residual_correction_weight': 0.2, 'command_rate_weight': 1.0}",0.7270365693999522,0.08647444478149527,0.08640384237619425,0.004555481832651263,3.3173361910860385e-16,7.441490840337533e-08,5.257372054501275e-05,875.0,1.0,0.42857142857142855
self_a_021,14,14,8,1.0,0.5714285714285714,2.61,0.14943641317740888,2.281385615796253,0.6190419679236469,0.2881365305331643,9.419738890550722,1.8008,"{'candidate_id': 'self_a_021', 'architecture_version': '3D-DR-TSRMPC-A1', 'backbone': 'full_lqr_048', 'K': [[11.036584322215683, 11.310904011180716, -3.3382746201713446e-15, -8.900660521397779e-15, -2.813693586093646e-14, -7.702111236651157e-15, 9.43936776743195e-14, 6.670365950885416e-14, 38.92879933660244, 5.337925253878614, -6.084194990838757, 2.6552404127018474, 5.049987482087981, 4.054220960707486, 2.1552594949150667, 2.421714511887743, 1.8621453147926068, 1.3063611555841352, 0.8137787428199841, 0.39238394271376303], [-1.3843466819219791e-14, 1.3088100374485791e-15, 11.48860306524821, 18.054936155037538, 7.430432799965661e-14, -2.4301417079340863e-15, -120.91305218846745, -48.636929055587366, 3.531532371149011e-14, -2.0083309488338833e-14, 6.662545540611083e-15, 3.232478864911196e-14, 1.3307115298253875e-14, 6.870369222023325e-15, 2.059586930277579e-15, -1.6999248458841583e-14, -1.309594304027873e-14, -9.768835157730358e-15, -6.492671181353986e-15, -3.378918146639703e-15], [1.3007162627811421e-14, 2.7204972495731044e-15, -4.370670440126095e-14, -6.58706878745623e-14, 10.616806342051534, 6.175848022506019, 3.6195331793642125e-13, 3.7060348104404046e-14, -6.276219857346146e-14, -3.8246708005970864e-14, 1.855291104216411e-14, -1.223229949284984e-14, -1.5692566731957858e-15, -2.0877671437387673e-14, 7.093091280379269e-16, -3.1028263610950764e-14, -2.4794074093094014e-14, -1.833584254166759e-14, -1.2415140458440736e-14, -6.3561588612490095e-15]], 'horizon_updates': 12, 'residual_beta': 0.3, 'residual_clip_norm': 0.08, 'task_position_weight': 120.0, 'task_velocity_weight': 2.0, 'orientation_weight': 1.0, 'angular_velocity_weight': 0.2, 'residual_correction_weight': 0.2, 'command_rate_weight': 1.0}",0.7139435421682091,0.17920543016260446,0.17884761013365277,0.012465658904263977,3.960479361054642e-16,8.038566406435027e-08,7.619358383870178e-05,725.0,1.0,0.2857142857142857
self_a_009,14,14,8,1.0,0.5714285714285714,2.325,0.15688912466750368,3.5065920126350063,0.6647083938039908,0.25872118492481694,10.899724558708405,1.1503,"{'candidate_id': 'self_a_009', 'architecture_version': '3D-DR-TSRMPC-A1', 'backbone': 'full_lqr_048', 'K': [[11.036584322215683, 11.310904011180716, -3.3382746201713446e-15, -8.900660521397779e-15, -2.813693586093646e-14, -7.702111236651157e-15, 9.43936776743195e-14, 6.670365950885416e-14, 38.92879933660244, 5.337925253878614, -6.084194990838757, 2.6552404127018474, 5.049987482087981, 4.054220960707486, 2.1552594949150667, 2.421714511887743, 1.8621453147926068, 1.3063611555841352, 0.8137787428199841, 0.39238394271376303], [-1.3843466819219791e-14, 1.3088100374485791e-15, 11.48860306524821, 18.054936155037538, 7.430432799965661e-14, -2.4301417079340863e-15, -120.91305218846745, -48.636929055587366, 3.531532371149011e-14, -2.0083309488338833e-14, 6.662545540611083e-15, 3.232478864911196e-14, 1.3307115298253875e-14, 6.870369222023325e-15, 2.059586930277579e-15, -1.6999248458841583e-14, -1.309594304027873e-14, -9.768835157730358e-15, -6.492671181353986e-15, -3.378918146639703e-15], [1.3007162627811421e-14, 2.7204972495731044e-15, -4.370670440126095e-14, -6.58706878745623e-14, 10.616806342051534, 6.175848022506019, 3.6195331793642125e-13, 3.7060348104404046e-14, -6.276219857346146e-14, -3.8246708005970864e-14, 1.855291104216411e-14, -1.223229949284984e-14, -1.5692566731957858e-15, -2.0877671437387673e-14, 7.093091280379269e-16, -3.1028263610950764e-14, -2.4794074093094014e-14, -1.833584254166759e-14, -1.2415140458440736e-14, -6.3561588612490095e-15]], 'horizon_updates': 8, 'residual_beta': 0.3, 'residual_clip_norm': 0.08, 'task_position_weight': 120.0, 'task_velocity_weight': 2.0, 'orientation_weight': 1.0, 'angular_velocity_weight': 0.2, 'residual_correction_weight': 0.2, 'command_rate_weight': 1.0}",0.7894592397837252,0.18020152776380968,0.17965687042177075,0.015801102909896298,3.9178572202596686e-16,8.033328282873571e-08,7.252635775145677e-05,475.0,1.0,0.42857142857142855
self_a_008,14,14,8,1.0,0.5714285714285714,2.33,0.1609909326891123,3.4221388888447204,0.6477895038163777,0.24865724639093206,10.859758005830622,1.1676,"{'candidate_id': 'self_a_008', 'architecture_version': '3D-DR-TSRMPC-A1', 'backbone': 'full_lqr_048', 'K': [[11.036584322215683, 11.310904011180716, -3.3382746201713446e-15, -8.900660521397779e-15, -2.813693586093646e-14, -7.702111236651157e-15, 9.43936776743195e-14, 6.670365950885416e-14, 38.92879933660244, 5.337925253878614, -6.084194990838757, 2.6552404127018474, 5.049987482087981, 4.054220960707486, 2.1552594949150667, 2.421714511887743, 1.8621453147926068, 1.3063611555841352, 0.8137787428199841, 0.39238394271376303], [-1.3843466819219791e-14, 1.3088100374485791e-15, 11.48860306524821, 18.054936155037538, 7.430432799965661e-14, -2.4301417079340863e-15, -120.91305218846745, -48.636929055587366, 3.531532371149011e-14, -2.0083309488338833e-14, 6.662545540611083e-15, 3.232478864911196e-14, 1.3307115298253875e-14, 6.870369222023325e-15, 2.059586930277579e-15, -1.6999248458841583e-14, -1.309594304027873e-14, -9.768835157730358e-15, -6.492671181353986e-15, -3.378918146639703e-15], [1.3007162627811421e-14, 2.7204972495731044e-15, -4.370670440126095e-14, -6.58706878745623e-14, 10.616806342051534, 6.175848022506019, 3.6195331793642125e-13, 3.7060348104404046e-14, -6.276219857346146e-14, -3.8246708005970864e-14, 1.855291104216411e-14, -1.223229949284984e-14, -1.5692566731957858e-15, -2.0877671437387673e-14, 7.093091280379269e-16, -3.1028263610950764e-14, -2.4794074093094014e-14, -1.833584254166759e-14, -1.2415140458440736e-14, -6.3561588612490095e-15]], 'horizon_updates': 8, 'residual_beta': 0.3, 'residual_clip_norm': 0.08, 'task_position_weight': 40.0, 'task_velocity_weight': 2.0, 'orientation_weight': 1.0, 'angular_velocity_weight': 0.2, 'residual_correction_weight': 0.2, 'command_rate_weight': 1.0}",0.7796030902692588,0.17980828759003045,0.17930821117133802,0.014932694796199337,4.089043744047438e-16,7.957637650682599e-08,4.885351686034767e-05,475.0,1.0,0.42857142857142855
self_a_041,14,14,8,1.0,0.5714285714285714,2.075,0.16960528878677442,3.6194381158319158,0.6941335139945071,0.32877576055947344,11.151513418993845,1.9391,"{'candidate_id': 'self_a_041', 'architecture_version': '3D-DR-TSRMPC-A1', 'backbone': 'task_lqr_009', 'K': [[11.106224542625887, 17.470461831616884, 1.5464732862818248e-14, 2.1189042483751587e-14, 0.1240911368666274, 0.053225292614218614, -2.213542853291988e-13, -8.30929039540339e-14, 82.13780742046619, 2.4462349502545297, 16.992313302552652, 26.517252814291908, 23.831339754705283, 16.643233515578263, 8.590534789312795, -0.6559215388080796, -0.5078837524212465, -0.44241609392503867, -0.35154266344494484, -0.2164631739648866], [1.3253591901411076e-13, 7.54734982094088e-14, 11.574193706905334, 22.45240034031052, -3.463419877388124e-15, -1.5607674872768699e-15, -159.19877420389403, -55.731161089440235, -8.503988784847722e-15, -6.495585279504552e-14, -1.1067331944955502e-13, -7.096162338518517e-14, -3.825166072386517e-14, -7.24422237939566e-15, -4.6309653397621534e-14, -6.234794889101343e-14, -4.905533961615558e-14, -3.619346140684544e-14, -2.3843425435012598e-14, -1.2779851247954108e-14], [-0.15612834684476892, -0.2723658073901805, -2.3461453449558822e-14, 3.4888932054755463e-15, 10.58063604854578, 6.934249777165041, -1.0275061801225476e-13, 2.4113620783051717e-14, -4.035845280971266, -1.9213628276947188, -1.0648439074700375, -0.8088861241462306, -0.020887699155186682, 0.4279399231661433, -0.3070715482840982, -1.7650667713177126, -1.4552411581309423, -1.1262673861875168, -0.7820819941339575, -0.4335597353161311]], 'horizon_updates': 12, 'residual_beta': 0.15, 'residual_clip_norm': 0.08, 'task_position_weight': 120.0, 'task_velocity_weight': 2.0, 'orientation_weight': 1.0, 'angular_velocity_weight': 0.2, 'residual_correction_weight': 0.2, 'command_rate_weight': 1.0}",0.7719288460827212,0.1649856247182505,0.16472912309527668,0.012577396988173666,3.9068513475029316e-16,8.503847005906675e-08,0.00013939761293713104,1175.0,1.0,0.42857142857142855
self_a_045,14,14,8,1.0,0.5714285714285714,2.075,0.18553939874403688,3.403296741968486,0.7332834955610787,0.3972675009824919,10.819334094379771,1.7905,"{'candidate_id': 'self_a_045', 'architecture_version': '3D-DR-TSRMPC-A1', 'backbone': 'task_lqr_009', 'K': [[11.106224542625887, 17.470461831616884, 1.5464732862818248e-14, 2.1189042483751587e-14, 0.1240911368666274, 0.053225292614218614, -2.213542853291988e-13, -8.30929039540339e-14, 82.13780742046619, 2.4462349502545297, 16.992313302552652, 26.517252814291908, 23.831339754705283, 16.643233515578263, 8.590534789312795, -0.6559215388080796, -0.5078837524212465, -0.44241609392503867, -0.35154266344494484, -0.2164631739648866], [1.3253591901411076e-13, 7.54734982094088e-14, 11.574193706905334, 22.45240034031052, -3.463419877388124e-15, -1.5607674872768699e-15, -159.19877420389403, -55.731161089440235, -8.503988784847722e-15, -6.495585279504552e-14, -1.1067331944955502e-13, -7.096162338518517e-14, -3.825166072386517e-14, -7.24422237939566e-15, -4.6309653397621534e-14, -6.234794889101343e-14, -4.905533961615558e-14, -3.619346140684544e-14, -2.3843425435012598e-14, -1.2779851247954108e-14], [-0.15612834684476892, -0.2723658073901805, -2.3461453449558822e-14, 3.4888932054755463e-15, 10.58063604854578, 6.934249777165041, -1.0275061801225476e-13, 2.4113620783051717e-14, -4.035845280971266, -1.9213628276947188, -1.0648439074700375, -0.8088861241462306, -0.020887699155186682, 0.4279399231661433, -0.3070715482840982, -1.7650667713177126, -1.4552411581309423, -1.1262673861875168, -0.7820819941339575, -0.4335597353161311]], 'horizon_updates': 12, 'residual_beta': 0.3, 'residual_clip_norm': 0.08, 'task_position_weight': 120.0, 'task_velocity_weight': 2.0, 'orientation_weight': 1.0, 'angular_velocity_weight': 0.2, 'residual_correction_weight': 0.2, 'command_rate_weight': 1.0}",0.7891855856173663,0.17986626411458298,0.17935119898666252,0.01580172083700257,4.257131038324728e-16,8.090919726807799e-08,9.131721014909999e-05,700.0,1.0,0.42857142857142855
self_a_024,14,14,8,1.0,0.5714285714285714,2.0300000000000002,0.24820060119859252,5.524951278315208,1.0877351484758917,0.5734042438107801,11.963299006516467,1.1419,"{'candidate_id': 'self_a_024', 'architecture_version': '3D-DR-TSRMPC-A1', 'backbone': 'task_lqr_009', 'K': [[11.106224542625887, 17.470461831616884, 1.5464732862818248e-14, 2.1189042483751587e-14, 0.1240911368666274, 0.053225292614218614, -2.213542853291988e-13, -8.30929039540339e-14, 82.13780742046619, 2.4462349502545297, 16.992313302552652, 26.517252814291908, 23.831339754705283, 16.643233515578263, 8.590534789312795, -0.6559215388080796, -0.5078837524212465, -0.44241609392503867, -0.35154266344494484, -0.2164631739648866], [1.3253591901411076e-13, 7.54734982094088e-14, 11.574193706905334, 22.45240034031052, -3.463419877388124e-15, -1.5607674872768699e-15, -159.19877420389403, -55.731161089440235, -8.503988784847722e-15, -6.495585279504552e-14, -1.1067331944955502e-13, -7.096162338518517e-14, -3.825166072386517e-14, -7.24422237939566e-15, -4.6309653397621534e-14, -6.234794889101343e-14, -4.905533961615558e-14, -3.619346140684544e-14, -2.3843425435012598e-14, -1.2779851247954108e-14], [-0.15612834684476892, -0.2723658073901805, -2.3461453449558822e-14, 3.4888932054755463e-15, 10.58063604854578, 6.934249777165041, -1.0275061801225476e-13, 2.4113620783051717e-14, -4.035845280971266, -1.9213628276947188, -1.0648439074700375, -0.8088861241462306, -0.020887699155186682, 0.4279399231661433, -0.3070715482840982, -1.7650667713177126, -1.4552411581309423, -1.1262673861875168, -0.7820819941339575, -0.4335597353161311]], 'horizon_updates': 8, 'residual_beta': 0.05, 'residual_clip_norm': 0.08, 'task_position_weight': 40.0, 'task_velocity_weight': 2.0, 'orientation_weight': 1.0, 'angular_velocity_weight': 0.2, 'residual_correction_weight': 0.2, 'command_rate_weight': 1.0}",0.9611217518565923,0.10086309601587419,0.10064772904954576,0.007896220059035074,3.997601715014557e-16,8.829283442871705e-08,6.48415329553842e-05,475.0,1.0,0.5714285714285714
self_a_025,14,14,8,1.0,0.5714285714285714,2.0,0.24844101385532916,5.559333188184346,1.1204328529990069,0.5688886846274986,11.989649200630495,1.112,"{'candidate_id': 'self_a_025', 'architecture_version': '3D-DR-TSRMPC-A1', 'backbone': 'task_lqr_009', 'K': [[11.106224542625887, 17.470461831616884, 1.5464732862818248e-14, 2.1189042483751587e-14, 0.1240911368666274, 0.053225292614218614, -2.213542853291988e-13, -8.30929039540339e-14, 82.13780742046619, 2.4462349502545297, 16.992313302552652, 26.517252814291908, 23.831339754705283, 16.643233515578263, 8.590534789312795, -0.6559215388080796, -0.5078837524212465, -0.44241609392503867, -0.35154266344494484, -0.2164631739648866], [1.3253591901411076e-13, 7.54734982094088e-14, 11.574193706905334, 22.45240034031052, -3.463419877388124e-15, -1.5607674872768699e-15, -159.19877420389403, -55.731161089440235, -8.503988784847722e-15, -6.495585279504552e-14, -1.1067331944955502e-13, -7.096162338518517e-14, -3.825166072386517e-14, -7.24422237939566e-15, -4.6309653397621534e-14, -6.234794889101343e-14, -4.905533961615558e-14, -3.619346140684544e-14, -2.3843425435012598e-14, -1.2779851247954108e-14], [-0.15612834684476892, -0.2723658073901805, -2.3461453449558822e-14, 3.4888932054755463e-15, 10.58063604854578, 6.934249777165041, -1.0275061801225476e-13, 2.4113620783051717e-14, -4.035845280971266, -1.9213628276947188, -1.0648439074700375, -0.8088861241462306, -0.020887699155186682, 0.4279399231661433, -0.3070715482840982, -1.7650667713177126, -1.4552411581309423, -1.1262673861875168, -0.7820819941339575, -0.4335597353161311]], 'horizon_updates': 8, 'residual_beta': 0.05, 'residual_clip_norm': 0.08, 'task_position_weight': 120.0, 'task_velocity_weight': 2.0, 'orientation_weight': 1.0, 'angular_velocity_weight': 0.2, 'residual_correction_weight': 0.2, 'command_rate_weight': 1.0}",0.9728696602104453,0.10137257611379724,0.10119089350091003,0.007960259130007467,3.838803382163214e-16,8.789481839854373e-08,6.938801024425345e-05,500.0,1.0,0.42857142857142855
self_a_029,14,14,8,1.0,0.5714285714285714,2.0,0.3122762816483799,5.64231025287964,1.3902959299739626,0.7846060880254155,13.149670273361078,1.1377,"{'candidate_id': 'self_a_029', 'architecture_version': '3D-DR-TSRMPC-A1', 'backbone': 'task_lqr_009', 'K': [[11.106224542625887, 17.470461831616884, 1.5464732862818248e-14, 2.1189042483751587e-14, 0.1240911368666274, 0.053225292614218614, -2.213542853291988e-13, -8.30929039540339e-14, 82.13780742046619, 2.4462349502545297, 16.992313302552652, 26.517252814291908, 23.831339754705283, 16.643233515578263, 8.590534789312795, -0.6559215388080796, -0.5078837524212465, -0.44241609392503867, -0.35154266344494484, -0.2164631739648866], [1.3253591901411076e-13, 7.54734982094088e-14, 11.574193706905334, 22.45240034031052, -3.463419877388124e-15, -1.5607674872768699e-15, -159.19877420389403, -55.731161089440235, -8.503988784847722e-15, -6.495585279504552e-14, -1.1067331944955502e-13, -7.096162338518517e-14, -3.825166072386517e-14, -7.24422237939566e-15, -4.6309653397621534e-14, -6.234794889101343e-14, -4.905533961615558e-14, -3.619346140684544e-14, -2.3843425435012598e-14, -1.2779851247954108e-14], [-0.15612834684476892, -0.2723658073901805, -2.3461453449558822e-14, 3.4888932054755463e-15, 10.58063604854578, 6.934249777165041, -1.0275061801225476e-13, 2.4113620783051717e-14, -4.035845280971266, -1.9213628276947188, -1.0648439074700375, -0.8088861241462306, -0.020887699155186682, 0.4279399231661433, -0.3070715482840982, -1.7650667713177126, -1.4552411581309423, -1.1262673861875168, -0.7820819941339575, -0.4335597353161311]], 'horizon_updates': 8, 'residual_beta': 0.15, 'residual_clip_norm': 0.08, 'task_position_weight': 120.0, 'task_velocity_weight': 2.0, 'orientation_weight': 1.0, 'angular_velocity_weight': 0.2, 'residual_correction_weight': 0.2, 'command_rate_weight': 1.0}",0.9379242986391562,0.17014809545159698,0.1697139997337092,0.016413363234504645,3.980248853944761e-16,8.538476062082463e-08,0.000150219417412778,425.0,1.0,0.42857142857142855
self_a_040,14,14,7,1.0,0.5,2.21,0.1732989153987195,4.15633887336777,0.7966670880447828,0.29693915729245,12.667811066855466,1.9525,"{'candidate_id': 'self_a_040', 'architecture_version': '3D-DR-TSRMPC-A1', 'backbone': 'task_lqr_009', 'K': [[11.106224542625887, 17.470461831616884, 1.5464732862818248e-14, 2.1189042483751587e-14, 0.1240911368666274, 0.053225292614218614, -2.213542853291988e-13, -8.30929039540339e-14, 82.13780742046619, 2.4462349502545297, 16.992313302552652, 26.517252814291908, 23.831339754705283, 16.643233515578263, 8.590534789312795, -0.6559215388080796, -0.5078837524212465, -0.44241609392503867, -0.35154266344494484, -0.2164631739648866], [1.3253591901411076e-13, 7.54734982094088e-14, 11.574193706905334, 22.45240034031052, -3.463419877388124e-15, -1.5607674872768699e-15, -159.19877420389403, -55.731161089440235, -8.503988784847722e-15, -6.495585279504552e-14, -1.1067331944955502e-13, -7.096162338518517e-14, -3.825166072386517e-14, -7.24422237939566e-15, -4.6309653397621534e-14, -6.234794889101343e-14, -4.905533961615558e-14, -3.619346140684544e-14, -2.3843425435012598e-14, -1.2779851247954108e-14], [-0.15612834684476892, -0.2723658073901805, -2.3461453449558822e-14, 3.4888932054755463e-15, 10.58063604854578, 6.934249777165041, -1.0275061801225476e-13, 2.4113620783051717e-14, -4.035845280971266, -1.9213628276947188, -1.0648439074700375, -0.8088861241462306, -0.020887699155186682, 0.4279399231661433, -0.3070715482840982, -1.7650667713177126, -1.4552411581309423, -1.1262673861875168, -0.7820819941339575, -0.4335597353161311]], 'horizon_updates': 12, 'residual_beta': 0.15, 'residual_clip_norm': 0.08, 'task_position_weight': 40.0, 'task_velocity_weight': 2.0, 'orientation_weight': 1.0, 'angular_velocity_weight': 0.2, 'residual_correction_weight': 0.2, 'command_rate_weight': 1.0}",0.8160146127824649,0.16542014268852367,0.16521290256453003,0.0130851225659323,4.079566117089987e-16,8.489751236669187e-08,9.012031383548447e-05,750.0,1.0,0.5
self_a_033,14,14,7,1.0,0.5,2.16,0.34621357521805285,5.634820900861955,1.2979124903494905,0.9044411569795098,13.933144264661346,1.0833,"{'candidate_id': 'self_a_033', 'architecture_version': '3D-DR-TSRMPC-A1', 'backbone': 'task_lqr_009', 'K': [[11.106224542625887, 17.470461831616884, 1.5464732862818248e-14, 2.1189042483751587e-14, 0.1240911368666274, 0.053225292614218614, -2.213542853291988e-13, -8.30929039540339e-14, 82.13780742046619, 2.4462349502545297, 16.992313302552652, 26.517252814291908, 23.831339754705283, 16.643233515578263, 8.590534789312795, -0.6559215388080796, -0.5078837524212465, -0.44241609392503867, -0.35154266344494484, -0.2164631739648866], [1.3253591901411076e-13, 7.54734982094088e-14, 11.574193706905334, 22.45240034031052, -3.463419877388124e-15, -1.5607674872768699e-15, -159.19877420389403, -55.731161089440235, -8.503988784847722e-15, -6.495585279504552e-14, -1.1067331944955502e-13, -7.096162338518517e-14, -3.825166072386517e-14, -7.24422237939566e-15, -4.6309653397621534e-14, -6.234794889101343e-14, -4.905533961615558e-14, -3.619346140684544e-14, -2.3843425435012598e-14, -1.2779851247954108e-14], [-0.15612834684476892, -0.2723658073901805, -2.3461453449558822e-14, 3.4888932054755463e-15, 10.58063604854578, 6.934249777165041, -1.0275061801225476e-13, 2.4113620783051717e-14, -4.035845280971266, -1.9213628276947188, -1.0648439074700375, -0.8088861241462306, -0.020887699155186682, 0.4279399231661433, -0.3070715482840982, -1.7650667713177126, -1.4552411581309423, -1.1262673861875168, -0.7820819941339575, -0.4335597353161311]], 'horizon_updates': 8, 'residual_beta': 0.3, 'residual_clip_norm': 0.08, 'task_position_weight': 120.0, 'task_velocity_weight': 2.0, 'orientation_weight': 1.0, 'angular_velocity_weight': 0.2, 'residual_correction_weight': 0.2, 'command_rate_weight': 1.0}",0.9637072620061916,0.1830121339737699,0.18208054620136252,0.02135446277060714,3.966691796659294e-16,8.084123906754702e-08,0.00012811390542566414,550.0,1.0,0.35714285714285715
self_a_028,14,14,6,1.0,0.42857142857142855,1.5775000000000001,0.3849289603913157,7.494778457886341,1.3553609212227322,0.7281545119060359,16.6856046856741,1.1608,"{'candidate_id': 'self_a_028', 'architecture_version': '3D-DR-TSRMPC-A1', 'backbone': 'task_lqr_009', 'K': [[11.106224542625887, 17.470461831616884, 1.5464732862818248e-14, 2.1189042483751587e-14, 0.1240911368666274, 0.053225292614218614, -2.213542853291988e-13, -8.30929039540339e-14, 82.13780742046619, 2.4462349502545297, 16.992313302552652, 26.517252814291908, 23.831339754705283, 16.643233515578263, 8.590534789312795, -0.6559215388080796, -0.5078837524212465, -0.44241609392503867, -0.35154266344494484, -0.2164631739648866], [1.3253591901411076e-13, 7.54734982094088e-14, 11.574193706905334, 22.45240034031052, -3.463419877388124e-15, -1.5607674872768699e-15, -159.19877420389403, -55.731161089440235, -8.503988784847722e-15, -6.495585279504552e-14, -1.1067331944955502e-13, -7.096162338518517e-14, -3.825166072386517e-14, -7.24422237939566e-15, -4.6309653397621534e-14, -6.234794889101343e-14, -4.905533961615558e-14, -3.619346140684544e-14, -2.3843425435012598e-14, -1.2779851247954108e-14], [-0.15612834684476892, -0.2723658073901805, -2.3461453449558822e-14, 3.4888932054755463e-15, 10.58063604854578, 6.934249777165041, -1.0275061801225476e-13, 2.4113620783051717e-14, -4.035845280971266, -1.9213628276947188, -1.0648439074700375, -0.8088861241462306, -0.020887699155186682, 0.4279399231661433, -0.3070715482840982, -1.7650667713177126, -1.4552411581309423, -1.1262673861875168, -0.7820819941339575, -0.4335597353161311]], 'horizon_updates': 8, 'residual_beta': 0.15, 'residual_clip_norm': 0.08, 'task_position_weight': 40.0, 'task_velocity_weight': 2.0, 'orientation_weight': 1.0, 'angular_velocity_weight': 0.2, 'residual_correction_weight': 0.2, 'command_rate_weight': 1.0}",1.0865009117968143,0.17032393815221594,0.16978597329774037,0.019691684563456758,3.8616729397091006e-16,8.506020530218884e-08,0.00023478136722587806,450.0,1.0,0.42857142857142855
self_a_044,14,14,5,1.0,0.35714285714285715,0.835,0.23390403002944327,5.033967659946095,0.8238811109651831,0.4109582885161808,15.617515555916137,1.9194,"{'candidate_id': 'self_a_044', 'architecture_version': '3D-DR-TSRMPC-A1', 'backbone': 'task_lqr_009', 'K': [[11.106224542625887, 17.470461831616884, 1.5464732862818248e-14, 2.1189042483751587e-14, 0.1240911368666274, 0.053225292614218614, -2.213542853291988e-13, -8.30929039540339e-14, 82.13780742046619, 2.4462349502545297, 16.992313302552652, 26.517252814291908, 23.831339754705283, 16.643233515578263, 8.590534789312795, -0.6559215388080796, -0.5078837524212465, -0.44241609392503867, -0.35154266344494484, -0.2164631739648866], [1.3253591901411076e-13, 7.54734982094088e-14, 11.574193706905334, 22.45240034031052, -3.463419877388124e-15, -1.5607674872768699e-15, -159.19877420389403, -55.731161089440235, -8.503988784847722e-15, -6.495585279504552e-14, -1.1067331944955502e-13, -7.096162338518517e-14, -3.825166072386517e-14, -7.24422237939566e-15, -4.6309653397621534e-14, -6.234794889101343e-14, -4.905533961615558e-14, -3.619346140684544e-14, -2.3843425435012598e-14, -1.2779851247954108e-14], [-0.15612834684476892, -0.2723658073901805, -2.3461453449558822e-14, 3.4888932054755463e-15, 10.58063604854578, 6.934249777165041, -1.0275061801225476e-13, 2.4113620783051717e-14, -4.035845280971266, -1.9213628276947188, -1.0648439074700375, -0.8088861241462306, -0.020887699155186682, 0.4279399231661433, -0.3070715482840982, -1.7650667713177126, -1.4552411581309423, -1.1262673861875168, -0.7820819941339575, -0.4335597353161311]], 'horizon_updates': 12, 'residual_beta': 0.3, 'residual_clip_norm': 0.08, 'task_position_weight': 40.0, 'task_velocity_weight': 2.0, 'orientation_weight': 1.0, 'angular_velocity_weight': 0.2, 'residual_correction_weight': 0.2, 'command_rate_weight': 1.0}",0.8125437151648318,0.17974558709073657,0.17927453753455744,0.01644099487457012,3.9315031406212365e-16,8.092083757821138e-08,0.0001352657507887045,1050.0,1.0,0.35714285714285715
self_a_032,14,14,5,1.0,0.35714285714285715,0.845,0.3980066550525422,7.1992632768974385,1.3390823995119197,0.8853903838852445,17.416828637932674,1.1532,"{'candidate_id': 'self_a_032', 'architecture_version': '3D-DR-TSRMPC-A1', 'backbone': 'task_lqr_009', 'K': [[11.106224542625887, 17.470461831616884, 1.5464732862818248e-14, 2.1189042483751587e-14, 0.1240911368666274, 0.053225292614218614, -2.213542853291988e-13, -8.30929039540339e-14, 82.13780742046619, 2.4462349502545297, 16.992313302552652, 26.517252814291908, 23.831339754705283, 16.643233515578263, 8.590534789312795, -0.6559215388080796, -0.5078837524212465, -0.44241609392503867, -0.35154266344494484, -0.2164631739648866], [1.3253591901411076e-13, 7.54734982094088e-14, 11.574193706905334, 22.45240034031052, -3.463419877388124e-15, -1.5607674872768699e-15, -159.19877420389403, -55.731161089440235, -8.503988784847722e-15, -6.495585279504552e-14, -1.1067331944955502e-13, -7.096162338518517e-14, -3.825166072386517e-14, -7.24422237939566e-15, -4.6309653397621534e-14, -6.234794889101343e-14, -4.905533961615558e-14, -3.619346140684544e-14, -2.3843425435012598e-14, -1.2779851247954108e-14], [-0.15612834684476892, -0.2723658073901805, -2.3461453449558822e-14, 3.4888932054755463e-15, 10.58063604854578, 6.934249777165041, -1.0275061801225476e-13, 2.4113620783051717e-14, -4.035845280971266, -1.9213628276947188, -1.0648439074700375, -0.8088861241462306, -0.020887699155186682, 0.4279399231661433, -0.3070715482840982, -1.7650667713177126, -1.4552411581309423, -1.1262673861875168, -0.7820819941339575, -0.4335597353161311]], 'horizon_updates': 8, 'residual_beta': 0.3, 'residual_clip_norm': 0.08, 'task_position_weight': 40.0, 'task_velocity_weight': 2.0, 'orientation_weight': 1.0, 'angular_velocity_weight': 0.2, 'residual_correction_weight': 0.2, 'command_rate_weight': 1.0}",0.9611621060159252,0.18301712418388447,0.18209470761286886,0.021163896575668247,3.937237189472461e-16,8.075082489393884e-08,0.0001533688476698103,525.0,1.0,0.35714285714285715
