sample_id,task_family,wind_kind,wind_direction,safe,success,safety_reasons,failure_mechanism,endpoint_position_error_m,endpoint_velocity_error_m_s,position_rmse_m,velocity_rmse_m_s,orientation_rmse_rad,max_requested_or_applied_thrust_N,max_requested_or_applied_torque_Nm,thrust_saturation_rate,torque_saturation_rate,max_true_external_force_N,runtime_mean_ms,runtime_p95_ms,semantic_fingerprint,execution_authority
native_development_000,setpoint,calm,aligned,False,False,"[""attitude"",""joint_angle"",""uav_height""]",SAFETY_OR_AUTHORITY_LIMIT,2.821212147393497,0.00010896425612956556,1.9930853688806598,1.6070199401964862,1.2901053554680373,142.83335135480263,"[25.0,15.525542279790024,12.0]",0.423,0.5225,0.2638521533550537,0.07125345833333331,0.0911,eb63ab2ba6666f084b87236745052898eefe1ddb46c7768f4ddb45e3cdc963f8,NONCAUSAL_DIAGNOSTIC_FEASIBILITY_ORACLE_NO_SELECTION_AUTHORITY
native_development_001,smooth_trajectory,calm,aligned,False,False,"[""attitude"",""joint_angle"",""uav_height""]",SAFETY_OR_AUTHORITY_LIMIT,3.085920301186883,0.052273783933862075,1.2641352998999855,1.7391537655385931,1.3170661674049022,144.0069207142373,"[25.0,18.026600583935878,12.0]",0.114,0.21116666666666667,0.31190660232912626,0.07040805555555554,0.0895,3dc8727c81932274b8d8a8835a5e2a95c0907f59410d0895974f9320da2465e6,NONCAUSAL_DIAGNOSTIC_FEASIBILITY_ORACLE_NO_SELECTION_AUTHORITY
native_development_002,setpoint,moderate,aligned,False,False,"[""attitude"",""joint_angle"",""uav_height""]",SAFETY_OR_AUTHORITY_LIMIT,2.9865980679550885,0.14277245012579579,2.4681770896820656,1.5855515436211032,2.944174127889411,139.32078365050035,"[25.0,25.0,12.0]",0.5464166666666667,0.6425,20.653741391103992,0.07207696527777778,0.0921,50738138e1e3a07e5758e55066f10dbc62204e3a7ff50d1b1d60fa1efd55b256,NONCAUSAL_DIAGNOSTIC_FEASIBILITY_ORACLE_NO_SELECTION_AUTHORITY
native_development_003,smooth_trajectory,moderate,aligned,False,False,"[""attitude""]",SAFETY_OR_AUTHORITY_LIMIT,2.9432252646768506,3.5833926873012727,0.8426843569179256,1.5046885456828787,0.25198444431422823,139.83630204444717,"[25.0,7.424741821691001,12.0]",0.0,0.09916666666666667,9.519733008255816,0.07166660416666665,0.09319999999999999,00e6577b0d776a487291ee800d6324ee96ff9882654f17f6b1a9289a6ba3c709,NONCAUSAL_DIAGNOSTIC_FEASIBILITY_ORACLE_NO_SELECTION_AUTHORITY
native_development_004,setpoint,strong_sustained,aligned,False,False,"[""attitude"",""joint_angle"",""uav_height""]",SAFETY_OR_AUTHORITY_LIMIT,2.3178334406684193,0.007735279798111385,1.906466817063693,1.2981339755294705,2.1425576456068587,138.33189285393385,"[25.0,25.0,12.0]",0.5295,0.6158333333333333,28.698174515700128,0.07245575694444445,0.11100499999999992,074ae4c13925783c3f9018fb55cb85ed85957d9e8b61d12442b5fa0c5b6f7a28,NONCAUSAL_DIAGNOSTIC_FEASIBILITY_ORACLE_NO_SELECTION_AUTHORITY
native_development_005,smooth_trajectory,strong_sustained,aligned,False,False,"[""attitude"",""joint_angle"",""uav_height""]",SAFETY_OR_AUTHORITY_LIMIT,2.4155778071456826,0.0024477040052921445,2.0200686611514893,1.8678701084562288,1.1389791549718005,138.23721368999915,"[25.0,25.0,12.0]",0.30675,0.39266666666666666,13.858026787636685,0.07662588194444443,0.13019999999999998,f3b2b0516acb54a26e8651c5cf6d40a430cbc4cb47d2c19a180225486afbe1e7,NONCAUSAL_DIAGNOSTIC_FEASIBILITY_ORACLE_NO_SELECTION_AUTHORITY
native_development_006,setpoint,strong_transient,aligned,False,False,"[""attitude"",""joint_angle"",""uav_height""]",SAFETY_OR_AUTHORITY_LIMIT,2.99058549975979,0.0005573199316957305,2.379389614089777,1.4117381921870789,2.150960931218798,137.78748030084708,"[25.0,25.0,12.0]",0.5414166666666667,0.6344166666666666,13.123910117470977,0.072043875,0.10959999999999999,ba1b5663ca9a3ff4d2ba937f3a451139c57b15dcbb3be501d25089a8f79bd87a,NONCAUSAL_DIAGNOSTIC_FEASIBILITY_ORACLE_NO_SELECTION_AUTHORITY
native_development_007,smooth_trajectory,strong_transient,aligned,False,False,"[""attitude"",""joint_angle"",""uav_height""]",SAFETY_OR_AUTHORITY_LIMIT,3.0788847715840797,0.2519717339351806,1.3122526816415152,1.8810734860747558,1.37339037543331,143.8944083147319,"[25.0,25.0,12.0]",0.10183333333333333,0.20083333333333334,3.766338745840774,0.07391238888888889,0.1272,0d443b0b0ab1a0727f02054c63bdf430338afc1c23d1e6352eadf4966328b727,NONCAUSAL_DIAGNOSTIC_FEASIBILITY_ORACLE_NO_SELECTION_AUTHORITY
native_development_008,setpoint,stochastic,aligned,False,False,"[""attitude"",""joint_angle"",""uav_height""]",SAFETY_OR_AUTHORITY_LIMIT,1.3011743211513405,0.11748649481913259,1.905251231395556,2.2434589360461894,2.278267765734653,151.63015036223965,"[25.0,25.0,12.0]",0.3725833333333333,0.45991666666666664,11.909468272770253,0.08008559722222221,0.133,6ab0fde1e2e4678dc1ade130fd32cf6c8929210350f60c1f34c18b6b2f3f69a2,NONCAUSAL_DIAGNOSTIC_FEASIBILITY_ORACLE_NO_SELECTION_AUTHORITY
native_development_009,smooth_trajectory,stochastic,aligned,False,False,"[""attitude"",""joint_angle"",""uav_height""]",SAFETY_OR_AUTHORITY_LIMIT,2.9974633179037107,4.478399563804704,0.7603726739595789,1.3744165406519484,0.6936074449690843,137.7388364684611,"[25.0,20.745164177428236,12.0]",0.04516666666666667,0.13675,9.570968360320371,0.07965638888888889,0.13360499999999992,39b7acab078376914ac5ae3456d966192a62679e2c3ebeac73cb02a15996e544,NONCAUSAL_DIAGNOSTIC_FEASIBILITY_ORACLE_NO_SELECTION_AUTHORITY
native_development_010,setpoint,ramp,aligned,False,False,"[""attitude"",""joint_angle"",""uav_height""]",SAFETY_OR_AUTHORITY_LIMIT,3.5983296857606804,0.012953944058209875,2.098293208003732,2.1805285423057508,1.7147152993644295,146.34299482729134,"[25.0,14.420919831236,12.0]",0.23733333333333334,0.3345,7.601800506176832,0.07901880555555554,0.1328,ffc3b60c8c81f1e0bd219462f86abafb0b962b9427ebd6a1b7ad1c90a6756543,NONCAUSAL_DIAGNOSTIC_FEASIBILITY_ORACLE_NO_SELECTION_AUTHORITY
native_development_011,smooth_trajectory,ramp,aligned,False,False,"[""attitude"",""joint_angle"",""uav_height""]",SAFETY_OR_AUTHORITY_LIMIT,3.332996838356469,0.004957095469658009,1.3052760676828243,1.6436294721723586,0.892496457398674,141.91019096536414,"[25.0,25.0,12.0]",0.11425,0.2135,6.223727281873677,0.08213735416666668,0.1387049999999999,aae04b6f018cc6de39fd634302ab2d11a8c3e6ceb40681c2f7595ae400c81e0a,NONCAUSAL_DIAGNOSTIC_FEASIBILITY_ORACLE_NO_SELECTION_AUTHORITY
native_development_012,setpoint,calm,opposed,False,False,"[""attitude"",""joint_angle"",""uav_height""]",SAFETY_OR_AUTHORITY_LIMIT,5.100041832209939,0.000673955542415712,3.839025230118427,1.8263118921466612,2.2826676884192523,137.09510376784263,"[25.0,18.290567921216077,12.0]",0.5445,0.6439166666666667,0.674008925070279,0.07792068055555555,0.1308,6add8c94de0543321752f0dcd2adde3b739be9d91f5d8915f769cfe94b8bafff,NONCAUSAL_DIAGNOSTIC_FEASIBILITY_ORACLE_NO_SELECTION_AUTHORITY
native_development_013,smooth_trajectory,calm,opposed,False,False,"[""attitude""]",SAFETY_OR_AUTHORITY_LIMIT,2.8166200419821448,2.3105878879888224,1.4934569586462638,1.6899761784766034,0.24189409036288284,151.47380227583795,"[25.0,0.6491967412707562,1.091387458126304]",0.0,0.05458333333333333,0.003259017568313618,0.07934087499999999,0.1326,83cd42ef533adcf4f242452c3b070f45a018fbd72b040570f736f3ca3758b999,NONCAUSAL_DIAGNOSTIC_FEASIBILITY_ORACLE_NO_SELECTION_AUTHORITY
native_development_014,setpoint,moderate,opposed,False,False,"[""attitude"",""joint_angle"",""uav_height""]",SAFETY_OR_AUTHORITY_LIMIT,1.6091499966460467,0.030745367189833478,1.8224041407596978,2.004172680721521,1.7031305211131975,151.59861761522595,"[25.0,25.0,12.0]",0.40641666666666665,0.49866666666666665,16.959950525042508,0.07911763888888888,0.1315,04e0989cd496b5e49e86a109297c4600e76d3bae2260a54ad751fa8174be8874,NONCAUSAL_DIAGNOSTIC_FEASIBILITY_ORACLE_NO_SELECTION_AUTHORITY
native_development_015,smooth_trajectory,moderate,opposed,False,False,"[""attitude"",""joint_angle"",""uav_height""]",SAFETY_OR_AUTHORITY_LIMIT,2.3846719751192746,0.062136991824397046,1.2899370141919517,1.8949432220934737,0.8483253369554724,147.20537399469112,"[25.0,25.0,12.0]",0.06366666666666666,0.15991666666666668,13.791367054495737,0.07672582638888888,0.1295,e8981b8368c31f31ca246875d2759d37b3e7d41af82d8b0679695ac17f15b0d6,NONCAUSAL_DIAGNOSTIC_FEASIBILITY_ORACLE_NO_SELECTION_AUTHORITY
native_development_016,setpoint,strong_sustained,opposed,False,False,"[""attitude"",""joint_angle"",""uav_height""]",SAFETY_OR_AUTHORITY_LIMIT,2.0862095922361577,0.0009605299265015708,1.7995057190521717,1.9217150256701714,3.4354373423998177,146.3040118249138,"[25.0,25.0,12.0]",0.41241666666666665,0.5054166666666666,11.768627155020738,0.07771284722222223,0.1299049999999999,f3f58c1f4b3b0bc1b5e78d285045b1a1e10cceff636eed652036f720e38031d9,NONCAUSAL_DIAGNOSTIC_FEASIBILITY_ORACLE_NO_SELECTION_AUTHORITY
native_development_017,smooth_trajectory,strong_sustained,opposed,False,False,"[""attitude"",""joint_angle"",""uav_height""]",SAFETY_OR_AUTHORITY_LIMIT,2.7321396765393517,0.00017888565979519365,1.7005217297693531,1.8392326895036002,1.6156812654244774,144.64520425524543,"[25.0,21.920887435746483,12.0]",0.25816666666666666,0.35383333333333333,7.5346594899396955,0.07806209027777777,0.1329,5c3a08ddf6ee73fdb54d7f16b9ecda7a3a85188116c986423e12805e8e689569,NONCAUSAL_DIAGNOSTIC_FEASIBILITY_ORACLE_NO_SELECTION_AUTHORITY
native_development_018,setpoint,strong_transient,opposed,False,False,"[""attitude"",""joint_angle"",""uav_height""]",SAFETY_OR_AUTHORITY_LIMIT,5.287240260299782,0.34401934081591556,3.152130514901346,1.5783296285245185,2.866599893267297,134.81187698756617,"[25.0,25.0,12.0]",0.36391666666666667,0.46208333333333335,5.1880235025940244,0.07500306944444443,0.1284049999999999,478eb32ed0bd4f945a388e10658041b13fbba15cb6cd60d59666f4f8a4aa6c95,NONCAUSAL_DIAGNOSTIC_FEASIBILITY_ORACLE_NO_SELECTION_AUTHORITY
native_development_019,smooth_trajectory,strong_transient,opposed,False,False,"[""attitude"",""uav_height""]",SAFETY_OR_AUTHORITY_LIMIT,4.141497928153528,3.8292967119810926,1.1077106349632768,1.7537475756403509,0.6821439391130957,140.82484233826563,"[25.0,21.896695333386777,12.0]",0.04741666666666667,0.15108333333333332,4.657061084564431,0.0771184236111111,0.13060499999999992,fb81c1681d8467eee89ced22ec1284da3446e75fba7f91b4aff21e8d108a880d,NONCAUSAL_DIAGNOSTIC_FEASIBILITY_ORACLE_NO_SELECTION_AUTHORITY
native_development_020,setpoint,stochastic,opposed,False,False,"[""attitude"",""joint_angle"",""uav_height""]",SAFETY_OR_AUTHORITY_LIMIT,1.471778425269917,0.012058347332097185,1.5818060683890964,1.7996372690568374,1.6217605259903065,146.76491729658915,"[25.0,25.0,12.0]",0.393,0.48741666666666666,7.097160614485846,0.07686904166666667,0.1295,b04d2099b019965bc70a850ac977a446263fd605c4315f11b7b29f5cb2ccf851,NONCAUSAL_DIAGNOSTIC_FEASIBILITY_ORACLE_NO_SELECTION_AUTHORITY
native_development_021,smooth_trajectory,stochastic,opposed,False,False,"[""attitude"",""joint_angle"",""uav_height""]",SAFETY_OR_AUTHORITY_LIMIT,3.5680252231774254,0.22340806970761862,1.4671043348080497,1.3067517328497387,0.961947186737261,136.05604755225193,"[25.0,15.259834284217073,12.0]",0.15608333333333332,0.25083333333333335,8.390245306294014,0.07814320138888889,0.1323,bf704e396c67478905729124c4475a0e1c484e38fdb1268f0fd90d7196b924e6,NONCAUSAL_DIAGNOSTIC_FEASIBILITY_ORACLE_NO_SELECTION_AUTHORITY
native_development_022,setpoint,ramp,opposed,False,False,"[""attitude"",""joint_angle"",""uav_height""]",SAFETY_OR_AUTHORITY_LIMIT,3.9681067377285624,0.001242004395722924,3.029937152291306,1.5044800484546872,3.4449033287488997,136.85091665406483,"[25.0,22.174809060805853,12.0]",0.5624166666666667,0.65325,5.871660144667237,0.07747413194444445,0.13010499999999992,4c887ba90a540bb8de443ecf10cdd95f13420d230457ec98a23b7ffb0d70a165,NONCAUSAL_DIAGNOSTIC_FEASIBILITY_ORACLE_NO_SELECTION_AUTHORITY
native_development_023,smooth_trajectory,ramp,opposed,False,False,"[""attitude"",""joint_angle"",""uav_height""]",SAFETY_OR_AUTHORITY_LIMIT,2.357155180542535,0.288526544587758,1.6731884705479534,2.180895547807022,1.2550619961544867,152.27581068583262,"[25.0,16.464628397806287,12.0]",0.11483333333333333,0.20416666666666666,10.004342965558724,0.08054575694444444,0.1347,55cdf14b792b7a7796af9afddbcc8cb2e14a408b1a78f2ca3e3cead247473fcc,NONCAUSAL_DIAGNOSTIC_FEASIBILITY_ORACLE_NO_SELECTION_AUTHORITY
native_development_024,setpoint,calm,cross,False,False,"[""attitude"",""joint_angle"",""uav_height""]",SAFETY_OR_AUTHORITY_LIMIT,2.3156738747374375,0.007527151268373074,1.887575751775301,1.8517222844002126,1.8295071447178204,146.6242437017616,"[25.0,22.011292247748607,12.0]",0.4175833333333333,0.515,0.21331985344934698,0.07810228472222222,0.1311,cfce3911ae2e39d21492d589196b550b84591e2c2ad470d1e6c22f738ee930c6,NONCAUSAL_DIAGNOSTIC_FEASIBILITY_ORACLE_NO_SELECTION_AUTHORITY
native_development_025,smooth_trajectory,calm,cross,True,False,[],POSITION_AND_VELOCITY_ENDPOINT,1.384102604334992,4.55760860436126,0.3997634692699965,1.0106111935311664,0.10357009817176616,142.20731236199683,"[23.66752916603586,0.13445915334963512,0.2609786258700294]",0.0,0.0,0.012217294003299791,0.077403875,0.13069999999999998,1d6ff37d099b15496eeb646588f6dd2ae806028874e6f81b028e1f57cb4077e3,NONCAUSAL_DIAGNOSTIC_FEASIBILITY_ORACLE_NO_SELECTION_AUTHORITY
native_development_026,setpoint,moderate,cross,False,False,"[""attitude"",""joint_angle"",""uav_height""]",SAFETY_OR_AUTHORITY_LIMIT,0.9860511701920988,0.0004052249622166573,1.8651203985989013,2.049335770453414,1.2810096450626207,153.58314349918916,"[25.0,25.0,12.0]",0.4051666666666667,0.4925833333333333,17.353864865661002,0.07723076388888889,0.1302049999999999,58d416558ce94476f595154d1849a8a0f4396f2460051304aecb4a2b76063db6,NONCAUSAL_DIAGNOSTIC_FEASIBILITY_ORACLE_NO_SELECTION_AUTHORITY
native_development_027,smooth_trajectory,moderate,cross,False,False,"[""attitude""]",SAFETY_OR_AUTHORITY_LIMIT,2.4835623908947575,1.6532299121236502,1.826074045036185,1.643710447735821,0.2129208807085749,140.12209447888822,"[25.0,6.1561149224962595,12.0]",0.0,0.03133333333333333,6.503395196307393,0.07615778472222222,0.1301,6119478f61421df267be67690cfda1bf06480cf32cab1828c2cf25b8dd3d0a71,NONCAUSAL_DIAGNOSTIC_FEASIBILITY_ORACLE_NO_SELECTION_AUTHORITY
native_development_028,setpoint,strong_sustained,cross,False,False,"[""attitude"",""joint_angle"",""uav_height""]",SAFETY_OR_AUTHORITY_LIMIT,4.64848689981791,0.026154235155792058,2.9658785962939684,1.8983916376117878,1.346706867137952,143.6431610697661,"[25.0,25.0,12.0]",0.3319166666666667,0.44533333333333336,34.532509348342565,0.07596868749999999,0.12910499999999991,36e631db0821bc560561ff5c01337c80df08c9f6207ff0739c5fe8300fb8268e,NONCAUSAL_DIAGNOSTIC_FEASIBILITY_ORACLE_NO_SELECTION_AUTHORITY
native_development_029,smooth_trajectory,strong_sustained,cross,False,False,"[""attitude"",""joint_angle"",""tip_workspace"",""uav_height"",""uav_workspace""]",SAFETY_OR_AUTHORITY_LIMIT,11.906084612609014,1.1046258876580792,5.7135873513649695,2.9061518613114066,1.612300278152939,147.21516014200438,"[25.0,25.0,12.0]",0.11708333333333333,0.33708333333333335,11.819888628362232,0.07982717361111112,0.13399999999999998,fefe14fc8575633a5590a94ab4ea8c7f62c0a32d5bca4236f966fb8894461953,NONCAUSAL_DIAGNOSTIC_FEASIBILITY_ORACLE_NO_SELECTION_AUTHORITY
native_development_030,setpoint,strong_transient,cross,False,False,"[""attitude"",""joint_angle"",""uav_height""]",SAFETY_OR_AUTHORITY_LIMIT,1.2086603297102696,0.0005764370239510282,1.539567301230459,1.8285101915495972,1.5225920723602093,149.80549173734437,"[25.0,25.0,12.0]",0.39766666666666667,0.48283333333333334,6.032474804083331,0.07666316666666666,0.13019999999999998,de62093d9f73bbf44625355ce75630c49b2b342286b97771f67ff9a17916f1c2,NONCAUSAL_DIAGNOSTIC_FEASIBILITY_ORACLE_NO_SELECTION_AUTHORITY
native_development_031,smooth_trajectory,strong_transient,cross,False,False,"[""attitude"",""joint_angle"",""uav_height""]",SAFETY_OR_AUTHORITY_LIMIT,3.4824117477310566,0.07041561838451096,1.1831334009227035,1.5763503769314136,1.3167948077061948,139.75935261673067,"[25.0,25.0,12.0]",0.10075,0.19591666666666666,4.259903611281991,0.0782562361111111,0.13319999999999999,f38561498e99860322d2c9674fbdf58527e44e848dbda57baceebde9737bf905,NONCAUSAL_DIAGNOSTIC_FEASIBILITY_ORACLE_NO_SELECTION_AUTHORITY
native_development_032,setpoint,stochastic,cross,False,False,"[""attitude"",""joint_angle"",""uav_height""]",SAFETY_OR_AUTHORITY_LIMIT,1.552627633997269,0.251630002724276,1.9186087999380952,2.094023881668103,1.8239587042650238,151.7436538157517,"[25.0,25.0,12.0]",0.3720833333333333,0.4656666666666667,24.318632379554145,0.07844440277777778,0.13260499999999992,56f27169440d0f59d73fef4c780acf4b6110688ceb1fdc69ba91dfdd6bb001ee,NONCAUSAL_DIAGNOSTIC_FEASIBILITY_ORACLE_NO_SELECTION_AUTHORITY
native_development_033,smooth_trajectory,stochastic,cross,False,False,"[""attitude""]",SAFETY_OR_AUTHORITY_LIMIT,4.479871586768505,5.052648610681078,1.1131148843942626,1.5991783262035888,0.3279355251291055,141.7462184464241,"[25.0,10.005978219496832,12.0]",0.006,0.13133333333333333,21.55708497383697,0.07769684722222221,0.1311,47ab3f3b3ba8e1e70995183b56335c758a2a8da57bd432bbc20a4f1552900e44,NONCAUSAL_DIAGNOSTIC_FEASIBILITY_ORACLE_NO_SELECTION_AUTHORITY
native_development_034,setpoint,ramp,cross,False,False,"[""attitude"",""joint_angle"",""uav_height""]",SAFETY_OR_AUTHORITY_LIMIT,6.9900035169024015,0.0832481798084561,4.91320787902421,1.7132361665532758,4.1842707583505705,134.49224073961736,"[25.0,25.0,12.0]",0.4355,0.612,17.283188672838786,0.07740227083333331,0.1301,c591029fc3e72b9b9d5571a96ee40f71ebb181085199d47ab0010c0d55a3e4ca,NONCAUSAL_DIAGNOSTIC_FEASIBILITY_ORACLE_NO_SELECTION_AUTHORITY
native_development_035,smooth_trajectory,ramp,cross,False,False,"[""attitude"",""joint_angle"",""uav_height""]",SAFETY_OR_AUTHORITY_LIMIT,2.4340140162061443,0.12982014065228797,1.754636304880881,1.5297245931549992,2.6705683245249645,140.88559990049475,"[25.0,25.0,12.0]",0.4051666666666667,0.50425,30.13220977653499,0.07956447222222222,0.1347,e25a774a9e3b50594cdb4a4b4e81795035ee6bb0b4d326d1e89f16ce14a0e7d7,NONCAUSAL_DIAGNOSTIC_FEASIBILITY_ORACLE_NO_SELECTION_AUTHORITY
native_development_036,setpoint,calm,aligned,False,False,"[""attitude"",""joint_angle"",""uav_height""]",SAFETY_OR_AUTHORITY_LIMIT,4.183615300159947,0.35486504030125743,3.160842172747607,1.6760654766153718,2.7969645388295272,137.49198437275194,"[25.0,25.0,12.0]",0.54225,0.6395833333333333,0.20224006999774977,0.07821272222222221,0.131,79564b3deb7f79c3bdcae618c1de5fcba1e3c5b5a8f27d50b98089f21be7c923,NONCAUSAL_DIAGNOSTIC_FEASIBILITY_ORACLE_NO_SELECTION_AUTHORITY
native_development_037,smooth_trajectory,calm,aligned,False,False,"[""attitude"",""joint_angle"",""uav_height""]",SAFETY_OR_AUTHORITY_LIMIT,6.7512158946509215,0.010566186294376055,2.8928148363682094,1.7048496777892976,1.9156796128544196,136.9135281958269,"[25.0,18.934602739930785,12.0]",0.17816666666666667,0.29225,0.37403509592668976,0.07883709027777779,0.1325,9565e6c8cbaaa7bd13de31e29cb717f2e7138e50a29963ac9d09fa17a61038e7,NONCAUSAL_DIAGNOSTIC_FEASIBILITY_ORACLE_NO_SELECTION_AUTHORITY
native_development_038,setpoint,moderate,aligned,False,False,"[""attitude"",""joint_angle"",""uav_height""]",SAFETY_OR_AUTHORITY_LIMIT,1.518072302033274,0.07447993949171168,1.802037014512945,2.084080079069705,2.367483982313525,151.25734708313138,"[25.0,24.765427331504608,12.0]",0.40441666666666665,0.4920833333333333,6.38222150676272,0.07937109027777776,0.13069999999999998,93adf0b088540bbfafea0cc99cbee71d74e0ffff5e69295c6f4e9c1bef79d028,NONCAUSAL_DIAGNOSTIC_FEASIBILITY_ORACLE_NO_SELECTION_AUTHORITY
native_development_039,smooth_trajectory,moderate,aligned,False,False,"[""attitude"",""uav_height""]",SAFETY_OR_AUTHORITY_LIMIT,1.4424230698373526,4.229225460052132,1.1908924017980582,1.7849296253519367,0.44602321531043876,147.47710386446334,"[25.0,20.239682361298442,12.0]",0.024416666666666666,0.12008333333333333,7.521054577901742,0.07614147916666666,0.1294,901e19711514a5bbd5b820d5138df9eadd097dbf45dee9a95ebd7fba9cdb0b15,NONCAUSAL_DIAGNOSTIC_FEASIBILITY_ORACLE_NO_SELECTION_AUTHORITY
native_development_040,setpoint,strong_sustained,aligned,False,False,"[""attitude"",""joint_angle"",""uav_height""]",SAFETY_OR_AUTHORITY_LIMIT,6.5938338381468995,0.12593121568601567,4.470770143351302,1.613291414223748,2.2861436225526157,142.7093974080126,"[25.0,25.0,12.0]",0.40016666666666667,0.5345,30.72130178892977,0.07596784722222222,0.1282049999999999,9c3bbfb96c00e07b9d10edea7eecede4f92b5a83c21e5d751ddc49612523b7d8,NONCAUSAL_DIAGNOSTIC_FEASIBILITY_ORACLE_NO_SELECTION_AUTHORITY
native_development_041,smooth_trajectory,strong_sustained,aligned,False,False,"[""attitude"",""joint_angle"",""uav_height""]",SAFETY_OR_AUTHORITY_LIMIT,3.2216937150140956,0.0077510809607918936,2.121637773522182,1.6378137688908039,3.01795332716852,140.31259767176346,"[25.0,17.820047602062694,12.0]",0.39,0.48341666666666666,10.810651262393996,0.08014027777777778,0.1362,dd5896476e8668a06ced24fa4273b99997e90dda939565f1447258998514dc37,NONCAUSAL_DIAGNOSTIC_FEASIBILITY_ORACLE_NO_SELECTION_AUTHORITY
native_development_042,setpoint,strong_transient,aligned,False,False,"[""attitude"",""joint_angle"",""uav_height""]",SAFETY_OR_AUTHORITY_LIMIT,3.088939933577119,0.0023442977983354233,2.0866941423856638,1.6502043228866778,3.433814939409464,142.50636026733986,"[25.0,13.189143798176634,12.0]",0.3898333333333333,0.48525,11.220636737430652,0.07782024305555556,0.1295,b08c86e349e65a19309037c4bb2018c371bfd08a751186cc525a9a2758a551bf,NONCAUSAL_DIAGNOSTIC_FEASIBILITY_ORACLE_NO_SELECTION_AUTHORITY
native_development_043,smooth_trajectory,strong_transient,aligned,False,False,"[""attitude"",""joint_angle"",""uav_height""]",SAFETY_OR_AUTHORITY_LIMIT,5.114144837971108,0.001088854436806998,2.186841223388624,1.4339548050551758,2.1085622758069476,134.07288187918104,"[25.0,12.556169667126603,12.0]",0.19016666666666668,0.28983333333333333,3.7902196738210674,0.0782596875,0.13219999999999998,0987fa06e33c99edf87e874a727a3342a1fb7293c02d9d9c3d118aa61d87c8c8,NONCAUSAL_DIAGNOSTIC_FEASIBILITY_ORACLE_NO_SELECTION_AUTHORITY
native_development_044,setpoint,stochastic,aligned,False,False,"[""attitude"",""joint_angle"",""uav_height""]",SAFETY_OR_AUTHORITY_LIMIT,3.2593038182773957,0.013870991223249056,2.4008063322687225,2.0669475845898773,3.0953686218662826,148.78555433681228,"[25.0,25.0,12.0]",0.3935,0.48775,22.507146503523934,0.07762672916666667,0.1316,d1034cff39779b4bd497880749ade0d68acbd98c1ececb0d9425760f1b2e9277,NONCAUSAL_DIAGNOSTIC_FEASIBILITY_ORACLE_NO_SELECTION_AUTHORITY
native_development_045,smooth_trajectory,stochastic,aligned,False,False,"[""attitude"",""joint_angle"",""uav_height""]",SAFETY_OR_AUTHORITY_LIMIT,3.7325964903841604,0.20366567937476102,0.9201360844120282,1.3947989075124672,0.9167580498595507,136.28826774902237,"[25.0,15.246754713123666,12.0]",0.06508333333333334,0.15691666666666668,2.2518672028098496,0.07673247222222222,0.13050499999999993,b555fd099ffe8df2e2a2eb2cd52c4021e21b60b86a4d73560c5e191d084d6a99,NONCAUSAL_DIAGNOSTIC_FEASIBILITY_ORACLE_NO_SELECTION_AUTHORITY
native_development_046,setpoint,ramp,aligned,False,False,"[""attitude"",""joint_angle"",""uav_height""]",SAFETY_OR_AUTHORITY_LIMIT,4.2228358571997076,0.001352810425329911,3.122858346726975,1.4030828289216655,3.4151173207486942,135.4926484855257,"[25.0,25.0,12.0]",0.5335,0.6300833333333333,19.77876232444471,0.07798220833333333,0.1315,71f26e92ea9bbf35a2248b48f45753f619ab519baa6d5034f500a26dfa248196,NONCAUSAL_DIAGNOSTIC_FEASIBILITY_ORACLE_NO_SELECTION_AUTHORITY
native_development_047,smooth_trajectory,ramp,aligned,False,False,"[""attitude"",""joint_angle"",""uav_height""]",SAFETY_OR_AUTHORITY_LIMIT,2.1757093561419887,0.02959127407331479,1.8854058914595457,1.9656558949895069,2.3071412719937343,147.72744601710008,"[25.0,25.0,12.0]",0.40625,0.4935,7.915414943961959,0.07847012499999999,0.1335,7b46f99f5255eb6ec8ce60013d7e356e326292bdb7cb4b9d0e7e6182d34b8c45,NONCAUSAL_DIAGNOSTIC_FEASIBILITY_ORACLE_NO_SELECTION_AUTHORITY
native_development_048,setpoint,calm,opposed,False,False,"[""attitude"",""joint_angle"",""uav_height""]",SAFETY_OR_AUTHORITY_LIMIT,1.9177328252955133,0.0012378643681471312,1.6946029829076423,1.7178366460354964,3.247398108720607,144.3933026852198,"[25.0,14.876977813757463,12.0]",0.4250833333333333,0.5166666666666667,0.2552739953933424,0.07746656249999999,0.1309,9cd122eedb4909dea08e9603f63e395b25dbdfa5178ba099053e6360941b0e2b,NONCAUSAL_DIAGNOSTIC_FEASIBILITY_ORACLE_NO_SELECTION_AUTHORITY
native_development_049,smooth_trajectory,calm,opposed,False,False,"[""attitude"",""joint_angle"",""uav_height""]",SAFETY_OR_AUTHORITY_LIMIT,3.066846375879609,0.07784629314223754,1.1435698559192709,1.5807563633838089,0.6640581691030721,141.4431935175787,"[25.0,16.80826424887653,12.0]",0.09216666666666666,0.19108333333333333,0.06740304939624896,0.07727511805555555,0.13069999999999998,b1898d9fb5adfeff7389f21f1934b1578076dfa87e79ecbbe0b4d018faf48956,NONCAUSAL_DIAGNOSTIC_FEASIBILITY_ORACLE_NO_SELECTION_AUTHORITY
native_development_050,setpoint,moderate,opposed,False,False,"[""attitude"",""joint_angle"",""uav_height""]",SAFETY_OR_AUTHORITY_LIMIT,3.8163426936290845,0.0005545206877132285,2.8466693898522024,1.3836632900547363,1.4802018449251428,135.45238734398146,"[25.0,25.0,12.0]",0.5216666666666666,0.6165833333333334,6.565648807873065,0.07726459027777777,0.1301,b1a017a83a6daca7b252917faa1a60eae43ac1cd8f9a30d705740739bdb08dce,NONCAUSAL_DIAGNOSTIC_FEASIBILITY_ORACLE_NO_SELECTION_AUTHORITY
native_development_051,smooth_trajectory,moderate,opposed,False,False,"[""attitude"",""joint_angle"",""uav_height""]",SAFETY_OR_AUTHORITY_LIMIT,3.473861936560168,3.305364817766748,1.0424259858316707,1.7006347264683739,0.7111946503036307,142.34577592515893,"[25.0,12.239847413678104,12.0]",0.041833333333333333,0.14458333333333334,23.657758074850364,0.07697059722222221,0.1303,5f3368c5c2cd6bbafb3896ecb8fb4d913b62d46d4f54e7ae5d44bb5c76b18e27,NONCAUSAL_DIAGNOSTIC_FEASIBILITY_ORACLE_NO_SELECTION_AUTHORITY
native_development_052,setpoint,strong_sustained,opposed,False,False,"[""attitude"",""joint_angle"",""uav_height""]",SAFETY_OR_AUTHORITY_LIMIT,2.0544350068049035,0.0004613515807600652,1.9141801380881622,1.91282268275443,2.1733198063757047,146.39349801793182,"[25.0,25.0,12.0]",0.36383333333333334,0.44675,21.13551282018986,0.07622056944444444,0.13010499999999992,206bc7fe97274508cbb8a999a247ea7e371b788f7da36d05c41e8295b62b795b,NONCAUSAL_DIAGNOSTIC_FEASIBILITY_ORACLE_NO_SELECTION_AUTHORITY
native_development_053,smooth_trajectory,strong_sustained,opposed,False,False,"[""attitude"",""joint_angle"",""uav_height""]",SAFETY_OR_AUTHORITY_LIMIT,2.445012551207005,0.04740812822233201,1.7740193744380883,1.5981198218780674,1.6992965250543524,141.75019489769497,"[25.0,25.0,12.0]",0.39008333333333334,0.48541666666666666,13.54044562990376,0.08006328472222222,0.1351,a8e4376a92355ab2f828b0e0335d96626b9a99397a252915787f28b4f9dc3a92,NONCAUSAL_DIAGNOSTIC_FEASIBILITY_ORACLE_NO_SELECTION_AUTHORITY
native_development_054,setpoint,strong_transient,opposed,False,False,"[""attitude"",""joint_angle"",""uav_height""]",SAFETY_OR_AUTHORITY_LIMIT,6.1181808944717195,0.004336025751339387,2.6458813879069334,1.6179412192757736,1.9673899087329756,133.84866770641955,"[25.0,25.0,12.0]",0.18608333333333332,0.30133333333333334,3.7877544395328484,0.07693624305555555,0.13069999999999998,5dbb1d74260f82fcf43a242ca73e687c46c9e91fb6729bb2eeaa691ba9be8f37,NONCAUSAL_DIAGNOSTIC_FEASIBILITY_ORACLE_NO_SELECTION_AUTHORITY
native_development_055,smooth_trajectory,strong_transient,opposed,False,False,"[""attitude"",""uav_height""]",SAFETY_OR_AUTHORITY_LIMIT,6.088154193062476,3.867197590353203,1.3577387709202264,1.5607530570398152,0.7331122347926186,134.1237054371053,"[25.0,20.02622104615347,12.0]",0.04741666666666667,0.16316666666666665,4.409564725979831,0.07626517361111111,0.131,09b83c8fc728c8403a12ccda762e26019b07bfc74a8619396c5c8ea2aafa75db,NONCAUSAL_DIAGNOSTIC_FEASIBILITY_ORACLE_NO_SELECTION_AUTHORITY
native_development_056,setpoint,stochastic,opposed,False,False,"[""attitude"",""joint_angle"",""uav_height""]",SAFETY_OR_AUTHORITY_LIMIT,3.879654193377832,0.00023616543742575305,2.613515643970434,1.7204166101163552,1.4513828746415662,141.6380861669789,"[25.0,24.00258699614496,12.0]",0.40591666666666665,0.5081666666666667,2.6550414575158885,0.07775020833333333,0.13069999999999998,e36991cf4b7d01d825bf85c24aa82bc12ddb83aa3e6b4cc57a5fe5305db1ff1a,NONCAUSAL_DIAGNOSTIC_FEASIBILITY_ORACLE_NO_SELECTION_AUTHORITY
native_development_057,smooth_trajectory,stochastic,opposed,False,False,"[""attitude"",""joint_angle"",""uav_height""]",SAFETY_OR_AUTHORITY_LIMIT,1.2535683035157899,1.0028364588322656,0.9069183903018585,1.3830819744210205,0.763815884776201,142.89696664708185,"[25.0,25.0,12.0]",0.06875,0.165,10.77576162227673,0.07697953472222223,0.13069999999999998,c682c0b705b37ee027e3a63ad644e86fb198edfdeeec5c1045516b3b2cb827b9,NONCAUSAL_DIAGNOSTIC_FEASIBILITY_ORACLE_NO_SELECTION_AUTHORITY
native_development_058,setpoint,ramp,opposed,False,False,"[""attitude"",""joint_angle"",""uav_height""]",SAFETY_OR_AUTHORITY_LIMIT,2.1789072979160737,0.00018969112271184865,1.796165875472095,1.728935010904206,1.395039119698836,144.496454453046,"[25.0,21.63547935034414,12.0]",0.4135,0.5114166666666666,11.765510340326887,0.07686641666666667,0.1294,b8f0425398c1fcc65bda8bcb76c2466a32f4c309f2ca14edff9db5dfcbbe974c,NONCAUSAL_DIAGNOSTIC_FEASIBILITY_ORACLE_NO_SELECTION_AUTHORITY
native_development_059,smooth_trajectory,ramp,opposed,False,False,"[""attitude"",""joint_angle"",""uav_height""]",SAFETY_OR_AUTHORITY_LIMIT,3.1894666828814815,0.05607265101245044,2.1692849676598827,1.5537404666266283,2.687737455308639,139.4840599650743,"[25.0,25.0,12.0]",0.4095,0.5064166666666666,8.288251351769704,0.0787539375,0.132,dc8e1563eca62072001d2082a9dfa5f422208ee7658285040ae1eb33898df7d4,NONCAUSAL_DIAGNOSTIC_FEASIBILITY_ORACLE_NO_SELECTION_AUTHORITY
native_development_060,setpoint,calm,cross,False,False,"[""attitude"",""joint_angle"",""uav_height""]",SAFETY_OR_AUTHORITY_LIMIT,2.9767389049807957,0.0013270998281870554,1.7570375405364616,1.7282392615124527,1.0708498748813908,142.51142966819444,"[25.0,25.0,12.0]",0.2639166666666667,0.3616666666666667,0.33692550365403945,0.0779431875,0.1293,eef3e8dee947c06956544518f799ba6ba7f99952669d12ddc990c766329d45e3,NONCAUSAL_DIAGNOSTIC_FEASIBILITY_ORACLE_NO_SELECTION_AUTHORITY
native_development_061,smooth_trajectory,calm,cross,False,False,"[""attitude"",""uav_height""]",SAFETY_OR_AUTHORITY_LIMIT,0.8013576501947071,0.05965016295836462,1.2030649398635775,1.6473657444930683,0.8237357650554461,146.7850623353115,"[25.0,15.408113260227305,12.0]",0.09725,0.19208333333333333,0.09527079876624833,0.07753184027777778,0.1298,188d630ca6df4c865835113ee1e0d07d7ba086072346cefbe9b1f6b62f76eae4,NONCAUSAL_DIAGNOSTIC_FEASIBILITY_ORACLE_NO_SELECTION_AUTHORITY
native_development_062,setpoint,moderate,cross,False,False,"[""attitude"",""joint_angle"",""uav_height""]",SAFETY_OR_AUTHORITY_LIMIT,5.277503649232994,0.335519745564063,3.6104828906531994,2.87792514185312,2.4049768869655987,144.68213600646772,"[25.0,25.0,12.0]",0.24075,0.31383333333333335,6.829619089456845,0.07928880555555556,0.1312049999999999,e87475b5016c90506a46b24182b53c2556a56c2376db1238e54246d9c5c00445,NONCAUSAL_DIAGNOSTIC_FEASIBILITY_ORACLE_NO_SELECTION_AUTHORITY
native_development_063,smooth_trajectory,moderate,cross,False,False,"[""attitude"",""joint_angle"",""uav_height""]",SAFETY_OR_AUTHORITY_LIMIT,6.667474025967834,0.01206351623232921,2.3042617368780913,1.5791940582785646,0.9210471361419054,136.44146455534778,"[25.0,15.513393949758607,12.0]",0.113,0.23875,1.362515642602111,0.07634275694444444,0.1301,2c2d406465042e2599fea5fc8cea5829dcc49a4d84f9a6e8892c72fc680d63be,NONCAUSAL_DIAGNOSTIC_FEASIBILITY_ORACLE_NO_SELECTION_AUTHORITY
native_development_064,setpoint,strong_sustained,cross,False,False,"[""attitude"",""joint_angle"",""uav_height""]",SAFETY_OR_AUTHORITY_LIMIT,4.860028976597724,0.13989008320611493,3.5637549215564244,1.7963330560382214,3.271930158852283,137.29618619634,"[25.0,25.0,12.0]",0.5109166666666667,0.6096666666666667,6.426461631649658,0.07703013888888888,0.1281,c1dbadb0fcffbc240627d7f7779dd6555e9878500d60cd0c9f598c55e4b90127,NONCAUSAL_DIAGNOSTIC_FEASIBILITY_ORACLE_NO_SELECTION_AUTHORITY
native_development_065,smooth_trajectory,strong_sustained,cross,False,False,"[""attitude"",""joint_angle"",""uav_height""]",SAFETY_OR_AUTHORITY_LIMIT,4.480679611065217,0.18564341819936805,2.8180876981830694,1.6327797782591293,1.638686024179267,138.19082623938954,"[25.0,21.93144343540829,12.0]",0.3680833333333333,0.46475,5.45832022300554,0.07932429166666667,0.1342049999999999,cf299e632372dcf88bf462342bae1d87cf306e3643bf49e81acc2817fb8b0f01,NONCAUSAL_DIAGNOSTIC_FEASIBILITY_ORACLE_NO_SELECTION_AUTHORITY
native_development_066,setpoint,strong_transient,cross,False,False,"[""attitude"",""joint_angle"",""uav_height""]",SAFETY_OR_AUTHORITY_LIMIT,1.2026587808716929,0.004704035834589857,1.3626147882152981,1.5933642249066373,1.5477035054738173,145.1289198620168,"[25.0,15.960094214736456,12.0]",0.4335833333333333,0.5291666666666667,5.166902855267178,0.07798364583333332,0.12969999999999998,7ca0a34d7f5f7c7beb93fa8147fc36a344c0f9b4143197fedfb55bedbd7cdead,NONCAUSAL_DIAGNOSTIC_FEASIBILITY_ORACLE_NO_SELECTION_AUTHORITY
native_development_067,smooth_trajectory,strong_transient,cross,False,False,"[""attitude"",""joint_angle"",""uav_height""]",SAFETY_OR_AUTHORITY_LIMIT,3.3941621259130974,0.19390498496468453,1.4040311837648491,1.8340326001529936,1.2537670561410261,143.8005964834308,"[25.0,25.0,12.0]",0.1135,0.214,3.890999074796149,0.07690169444444443,0.1303,f07409ed0497073c3e06e8e1d921e0d905d1ecb96b4c8c0902a4fa99750ddcfa,NONCAUSAL_DIAGNOSTIC_FEASIBILITY_ORACLE_NO_SELECTION_AUTHORITY
native_development_068,setpoint,stochastic,cross,False,False,"[""attitude"",""uav_height""]",SAFETY_OR_AUTHORITY_LIMIT,2.7363061476381922,3.191989486453731,1.5088822615719244,1.89147274874254,0.41373300922191697,137.6517335662563,"[25.0,14.306182328713547,12.0]",0.015916666666666666,0.10508333333333333,14.305522043226023,0.07578896527777779,0.1293,4f04eef13f6352df28cbb57e82d23bfeb8a07a8407daf8afa2f48f8d5b6367b8,NONCAUSAL_DIAGNOSTIC_FEASIBILITY_ORACLE_NO_SELECTION_AUTHORITY
native_development_069,smooth_trajectory,stochastic,cross,False,False,"[""attitude"",""joint_angle"",""uav_height""]",SAFETY_OR_AUTHORITY_LIMIT,1.287614696171982,0.20266727356247255,1.437156752628635,1.920088320886781,0.9296496122885045,150.4342284958408,"[25.0,25.0,12.0]",0.06791666666666667,0.15416666666666667,6.813093108734403,0.07799011805555554,0.1325,a5987ed8eb21808e8979b20c0a5848a676339a786e553b02119101676d093e96,NONCAUSAL_DIAGNOSTIC_FEASIBILITY_ORACLE_NO_SELECTION_AUTHORITY
native_development_070,setpoint,ramp,cross,False,False,"[""attitude"",""joint_angle"",""uav_height"",""uav_workspace""]",SAFETY_OR_AUTHORITY_LIMIT,6.622229828225706,0.3543231516643171,3.835492420975218,2.6510786453728934,1.825510203084981,146.94357212129168,"[25.0,25.0,12.0]",0.25233333333333335,0.35483333333333333,6.104361686601163,0.07716653472222222,0.1299049999999999,91eafc9907053915fe34b70169688a13bb2ee73e17fe9b0eed6aee8cbfb742d7,NONCAUSAL_DIAGNOSTIC_FEASIBILITY_ORACLE_NO_SELECTION_AUTHORITY
native_development_071,smooth_trajectory,ramp,cross,False,False,"[""attitude"",""joint_angle"",""uav_height""]",SAFETY_OR_AUTHORITY_LIMIT,2.278031250961869,0.0017834755990943129,1.7393989901811981,1.6398238347295582,2.1594451132015826,143.24450292235232,"[25.0,22.82803080614742,12.0]",0.4036666666666667,0.49925,16.760291170636712,0.07869996527777777,0.1338,3ff11bc5b23b6804901e36c240e0d4e5058175bead391bbd6f187b4f350e1859,NONCAUSAL_DIAGNOSTIC_FEASIBILITY_ORACLE_NO_SELECTION_AUTHORITY
native_development_072,setpoint,calm,aligned,False,False,"[""attitude"",""joint_angle"",""uav_height""]",SAFETY_OR_AUTHORITY_LIMIT,1.1372538657242472,0.00031615323092754033,1.5451842018647435,1.82636970135111,1.6788203532131059,148.99528262460373,"[25.0,25.0,12.0]",0.4051666666666667,0.49625,0.17213009815702668,0.07675505555555555,0.1301,63fdf47ac1b996018ae50404c471ba66775275051521093b896e45d937448fea,NONCAUSAL_DIAGNOSTIC_FEASIBILITY_ORACLE_NO_SELECTION_AUTHORITY
native_development_073,smooth_trajectory,calm,aligned,False,False,"[""attitude"",""uav_height""]",SAFETY_OR_AUTHORITY_LIMIT,0.9477951630199478,1.121816944438146e-05,1.2966228661243238,1.8296372700677788,0.5793525761660291,147.90457438785023,"[25.0,0.005115788144020033,0.014166368287749314]",0.08508333333333333,0.18108333333333335,6.513301581354577e-08,0.07812350694444443,0.13069999999999998,f6df95a9e32f8745776f5fba01b89ee7f9d28cb77d45e931998d1b0bee6e0d6d,NONCAUSAL_DIAGNOSTIC_FEASIBILITY_ORACLE_NO_SELECTION_AUTHORITY
native_development_074,setpoint,moderate,aligned,False,False,"[""attitude"",""joint_angle"",""uav_height""]",SAFETY_OR_AUTHORITY_LIMIT,6.372701142057419,0.00039103803931862666,4.537248664058093,1.7723552501654047,1.4263604951082658,140.78624472729916,"[25.0,25.0,12.0]",0.46158333333333335,0.5845,16.079600846041373,0.07742396527777777,0.1299,a3e6362e621fd051e918bdb22abcdef1b594fa8842e96ba3eb03e7752c7a6ced,NONCAUSAL_DIAGNOSTIC_FEASIBILITY_ORACLE_NO_SELECTION_AUTHORITY
native_development_075,smooth_trajectory,moderate,aligned,False,False,"[""attitude"",""joint_angle"",""uav_height""]",SAFETY_OR_AUTHORITY_LIMIT,2.786925480458099,0.23217065396557646,1.2039712530726046,1.2305113071613796,1.134526017397785,136.686675706019,"[25.0,25.0,12.0]",0.151,0.24391666666666667,17.76622608796764,0.07798795138888888,0.13169999999999998,624b82a786f078434b29952ece76efb2719121303485adad853f22de60bce61a,NONCAUSAL_DIAGNOSTIC_FEASIBILITY_ORACLE_NO_SELECTION_AUTHORITY
native_development_076,setpoint,strong_sustained,aligned,False,False,"[""attitude"",""joint_angle"",""uav_height"",""uav_workspace""]",SAFETY_OR_AUTHORITY_LIMIT,7.822286364105322,0.002099352582765695,4.467924987109848,1.8513227829211643,2.6767857647787476,137.36576277570836,"[25.0,25.0,12.0]",0.30533333333333335,0.43033333333333335,5.744522622554143,0.07488717361111111,0.1278,c344b77ae4676437978f70ec1916be8943198209582b945977041005f87000a3,NONCAUSAL_DIAGNOSTIC_FEASIBILITY_ORACLE_NO_SELECTION_AUTHORITY
native_development_077,smooth_trajectory,strong_sustained,aligned,False,False,"[""attitude"",""joint_angle"",""uav_height""]",SAFETY_OR_AUTHORITY_LIMIT,3.540158015579001,0.16877791032372758,1.9144695113249661,1.5844668292904793,2.6502007736684434,141.86461171023967,"[25.0,25.0,12.0]",0.29225,0.3893333333333333,4.430455841076309,0.08093072916666666,0.1359,c354857f4679a67fcec51384080ce1d98ddf0266507fd69a248ed857fd9941dc,NONCAUSAL_DIAGNOSTIC_FEASIBILITY_ORACLE_NO_SELECTION_AUTHORITY
native_development_078,setpoint,strong_transient,aligned,False,False,"[""attitude"",""joint_angle"",""uav_height""]",SAFETY_OR_AUTHORITY_LIMIT,1.8645258423781828,0.11018201584707933,1.5167844227161653,1.5162157327431391,2.4697740402576325,142.63342543655295,"[25.0,25.0,12.0]",0.4359166666666667,0.5304166666666666,2.174243449024398,0.07708528472222222,0.1308,fa502388ac913f17d35c5e3759140d23eefee3fc42c70cb3daa4c4f67a255fbc,NONCAUSAL_DIAGNOSTIC_FEASIBILITY_ORACLE_NO_SELECTION_AUTHORITY
native_development_079,smooth_trajectory,strong_transient,aligned,False,False,"[""attitude"",""uav_height""]",SAFETY_OR_AUTHORITY_LIMIT,1.0271510806093596,5.728021646905735,1.9567253072158393,2.0518893804056906,0.5589994814382306,140.60260296275,"[25.0,18.02353580314544,12.0]",0.03,0.11491666666666667,3.3016217210875394,0.07708300694444445,0.131,b7ab449ad127acaab136fad4fac2536ef795f8e0fa9f0a25a0be1609a01b2c6f,NONCAUSAL_DIAGNOSTIC_FEASIBILITY_ORACLE_NO_SELECTION_AUTHORITY
native_development_080,setpoint,stochastic,aligned,False,False,"[""attitude"",""joint_angle"",""uav_height""]",SAFETY_OR_AUTHORITY_LIMIT,2.7528949168082426,0.001400864896788853,1.9349497779530807,1.5986063512702418,1.4824272043584281,137.8247059722043,"[25.0,14.343037991112237,12.0]",0.3465,0.41991666666666666,15.502825435825141,0.07733244444444444,0.1293,4ce34bee9d694485b252418fef3cc76eb45316578993c0f6a4ebaaf30acc8387,NONCAUSAL_DIAGNOSTIC_FEASIBILITY_ORACLE_NO_SELECTION_AUTHORITY
native_development_081,smooth_trajectory,stochastic,aligned,False,False,"[""attitude""]",SAFETY_OR_AUTHORITY_LIMIT,6.551790514512482,3.3722286568874327,2.7468883647160456,1.7128048260110187,0.20365935366129836,144.36115110366654,"[23.680220091789437,0.5548734408535901,3.160368049503687]",0.0,0.0,13.153094103488733,0.07813683333333334,0.1321,a2e849a19c8f2c4c2effb768ffea3e38bf1a5d56e27cc5282c24b6e257366382,NONCAUSAL_DIAGNOSTIC_FEASIBILITY_ORACLE_NO_SELECTION_AUTHORITY
native_development_082,setpoint,ramp,aligned,False,False,"[""attitude"",""joint_angle"",""uav_height""]",SAFETY_OR_AUTHORITY_LIMIT,3.1471555972763894,0.0006782801732971741,2.4720158362004674,1.4721808979265896,2.7326061960228927,137.98749050217066,"[25.0,25.0,12.0]",0.5343333333333333,0.6313333333333333,15.49171200984615,0.07843622222222223,0.1315,52f9c62ae0eab91e237f045a58902d4659be5dcf78168d3c7f939891a115497d,NONCAUSAL_DIAGNOSTIC_FEASIBILITY_ORACLE_NO_SELECTION_AUTHORITY
native_development_083,smooth_trajectory,ramp,aligned,False,False,"[""attitude"",""joint_angle"",""uav_height"",""uav_workspace""]",SAFETY_OR_AUTHORITY_LIMIT,9.536240421074666,0.33540325074699356,3.763101052081623,1.9658712537424414,1.3362059546528944,140.10945263805274,"[25.0,25.0,12.0]",0.12391666666666666,0.264,15.20710383239692,0.08030197222222221,0.1343,9c0eb7d97f096b1020e018b6918cbc662573c3cd6419a3b41dc99e613d066624,NONCAUSAL_DIAGNOSTIC_FEASIBILITY_ORACLE_NO_SELECTION_AUTHORITY
native_development_084,setpoint,calm,opposed,False,False,"[""attitude"",""joint_angle"",""uav_height""]",SAFETY_OR_AUTHORITY_LIMIT,4.215376660792572,0.0023691636618587697,2.6311329679084103,1.5274559760257735,3.280355343334843,137.37301723682828,"[25.0,12.4126394260048,12.0]",0.3915,0.4846666666666667,0.27518221282579836,0.07717486805555555,0.13,5f17fdb0abb5cbce830236e1f8ac6d91f829b12aa20086639129b2b87e96674d,NONCAUSAL_DIAGNOSTIC_FEASIBILITY_ORACLE_NO_SELECTION_AUTHORITY
native_development_085,smooth_trajectory,calm,opposed,True,False,[],VELOCITY_ENDPOINT,0.37102986216038436,3.402679744551124,0.2914319659466034,0.6464471539726966,0.08416096646945188,134.2305121228869,"[20.964677735237032,0.21576233468045677,0.38401516912161326]",0.0,0.0,0.026365375589260467,0.07777869444444445,0.1317049999999999,97e9fd10915747e2df94dd3a515afe254bdd9fe4331c9168283b8da7f6a0b680,NONCAUSAL_DIAGNOSTIC_FEASIBILITY_ORACLE_NO_SELECTION_AUTHORITY
native_development_086,setpoint,moderate,opposed,False,False,"[""attitude"",""joint_angle"",""uav_height"",""uav_workspace""]",SAFETY_OR_AUTHORITY_LIMIT,6.810311444617562,0.022208088104906095,3.8154732840837444,2.703152142106248,1.0676922515428335,145.2648522221769,"[25.0,23.66570456227081,12.0]",0.1945,0.31175,24.8983199831356,0.07705061805555556,0.1291,03de5f57af937f692469afb22da4e691edc1021ec1e1e2195a3f76f2027ec350,NONCAUSAL_DIAGNOSTIC_FEASIBILITY_ORACLE_NO_SELECTION_AUTHORITY
native_development_087,smooth_trajectory,moderate,opposed,False,False,"[""attitude"",""joint_angle"",""uav_height""]",SAFETY_OR_AUTHORITY_LIMIT,2.0371781056688936,2.392791107083126,0.956295307057906,1.528101933455154,0.6234736327290245,143.09071066624466,"[25.0,16.796534473225645,12.0]",0.041916666666666665,0.14041666666666666,22.373320229350018,0.07713536805555556,0.1309,5e11ac07d8af59ecdbb748df1c4370f525e80ab454e038aaf0f2eb68f0faa5b2,NONCAUSAL_DIAGNOSTIC_FEASIBILITY_ORACLE_NO_SELECTION_AUTHORITY
native_development_088,setpoint,strong_sustained,opposed,False,False,"[""attitude"",""joint_angle"",""uav_height"",""uav_workspace""]",SAFETY_OR_AUTHORITY_LIMIT,8.703861023072974,0.014259373644104121,6.164741126581378,1.995823283920989,3.0864422406091094,140.49333571169376,"[25.0,25.0,12.0]",0.477,0.6101666666666666,5.6198528935897345,0.0782003125,0.13069999999999998,bd2287650393de7f1c5f356a9f09875c9fd8ec9b874b7351e6d6271d227beb5e,NONCAUSAL_DIAGNOSTIC_FEASIBILITY_ORACLE_NO_SELECTION_AUTHORITY
native_development_089,smooth_trajectory,strong_sustained,opposed,False,False,"[""attitude"",""joint_angle"",""uav_height""]",SAFETY_OR_AUTHORITY_LIMIT,1.7142637457166434,0.0015276975200536464,1.6578641375861851,1.750764980955525,2.048186587351783,148.83541831600866,"[25.0,12.33001278182154,12.0]",0.39008333333333334,0.47591666666666665,36.411469450771655,0.07962722916666665,0.1343,bd21e34b72e59a1ba2562f8dd14408482a32a8916bd9d1d1430abd8a4b00f204,NONCAUSAL_DIAGNOSTIC_FEASIBILITY_ORACLE_NO_SELECTION_AUTHORITY
native_development_090,setpoint,strong_transient,opposed,False,False,"[""attitude"",""joint_angle"",""uav_height""]",SAFETY_OR_AUTHORITY_LIMIT,1.7503117472806458,0.31916282559345377,1.569172176323338,1.695170877578256,1.8026548427675195,146.4427944940251,"[25.0,25.0,12.0]",0.40175,0.4826666666666667,19.83241614592389,0.07941489583333333,0.13219999999999998,84e976526ae68dc6f64503b7e437d7857331f598459ce1e98ee6097ba2d51ca9,NONCAUSAL_DIAGNOSTIC_FEASIBILITY_ORACLE_NO_SELECTION_AUTHORITY
native_development_091,smooth_trajectory,strong_transient,opposed,False,False,"[""attitude"",""joint_angle"",""uav_height""]",SAFETY_OR_AUTHORITY_LIMIT,2.95365470469139,0.23131477619860402,1.128018361886211,1.6859761276177916,1.0943314781281088,143.15834856574423,"[25.0,25.0,12.0]",0.08366666666666667,0.18275,5.446194070964653,0.07612882638888888,0.12969999999999998,fec3befd8f02ff50ff5b763464b3d5229fd5e51fae486301983cbdb65af2d41a,NONCAUSAL_DIAGNOSTIC_FEASIBILITY_ORACLE_NO_SELECTION_AUTHORITY
native_development_092,setpoint,stochastic,opposed,False,False,"[""attitude"",""joint_angle"",""uav_height""]",SAFETY_OR_AUTHORITY_LIMIT,3.337966160228891,0.0029748502458241525,2.5826370698001457,1.4316123672752237,2.807625470164762,136.95224306341575,"[25.0,25.0,12.0]",0.5381666666666667,0.6340833333333333,17.496573603044116,0.07602458333333333,0.12969999999999998,2e30c9d3b3781731b81e9822ad04f3d6042cd48db1cecc5cb253b2e9a38cb3c0,NONCAUSAL_DIAGNOSTIC_FEASIBILITY_ORACLE_NO_SELECTION_AUTHORITY
native_development_093,smooth_trajectory,stochastic,opposed,False,False,"[""attitude"",""joint_angle"",""uav_height""]",SAFETY_OR_AUTHORITY_LIMIT,2.347902638293169,5.04873131380583,1.1376816510235435,1.8033342621234631,0.5615623855801641,145.42168514214902,"[25.0,17.85742470279424,12.0]",0.030083333333333333,0.12908333333333333,17.532150931738208,0.0791168125,0.1318,aee99dd75aa44fcafd033fd003b6797b5fdddb64bfcd8d89da73713978c8b4c4,NONCAUSAL_DIAGNOSTIC_FEASIBILITY_ORACLE_NO_SELECTION_AUTHORITY
native_development_094,setpoint,ramp,opposed,False,False,"[""attitude"",""joint_angle"",""uav_height""]",SAFETY_OR_AUTHORITY_LIMIT,2.6929088861108474,0.0004767287030704184,2.068229588674955,1.8848514109047925,1.1917577947484077,147.9454680699674,"[25.0,22.89608024161417,12.0]",0.36891666666666667,0.4676666666666667,34.23046270743126,0.07551710416666665,0.1288,2d57028fd3c4b532a6d25329450e60b6be2b64a90d444f9081947d76be987a75,NONCAUSAL_DIAGNOSTIC_FEASIBILITY_ORACLE_NO_SELECTION_AUTHORITY
native_development_095,smooth_trajectory,ramp,opposed,False,False,"[""attitude"",""joint_angle"",""uav_height""]",SAFETY_OR_AUTHORITY_LIMIT,1.4963527671351244,0.0062046763378171416,1.6206603258630121,1.816764697852539,1.795376136160935,148.88955343906284,"[25.0,25.0,12.0]",0.3729166666666667,0.46475,37.60088244479637,0.07902324305555555,0.1338,4eda93c905113efe84ab3445bea0a294c402e434b67bfdc1ccdba485b5626564,NONCAUSAL_DIAGNOSTIC_FEASIBILITY_ORACLE_NO_SELECTION_AUTHORITY
native_development_096,setpoint,calm,cross,False,False,"[""attitude"",""joint_angle"",""uav_height""]",SAFETY_OR_AUTHORITY_LIMIT,1.6496447789195887,0.04297562997655503,1.6413988489871125,1.9997691061865503,2.0999759311227657,149.68204386267294,"[25.0,25.0,12.0]",0.23891666666666667,0.34375,0.4017418669537243,0.07693373611111111,0.1299,779ac123d07a8280c6df2739fd7a69d48982377752bf97164ce84adb9208fd9a,NONCAUSAL_DIAGNOSTIC_FEASIBILITY_ORACLE_NO_SELECTION_AUTHORITY
native_development_097,smooth_trajectory,calm,cross,False,False,"[""attitude"",""joint_angle"",""uav_height""]",SAFETY_OR_AUTHORITY_LIMIT,5.180766468312147,3.215249093976117,1.265649203853981,1.850184763690598,0.9867731028144434,140.29414926912617,"[25.0,25.0,12.0]",0.06216666666666667,0.1645,0.15994657182455108,0.07711520833333332,0.1309,b1c107913bf1fb2612fbba20d96e40319c4d9d49e4f8d73a51422df928b811ac,NONCAUSAL_DIAGNOSTIC_FEASIBILITY_ORACLE_NO_SELECTION_AUTHORITY
native_development_098,setpoint,moderate,cross,False,False,"[""attitude"",""joint_angle"",""uav_height""]",SAFETY_OR_AUTHORITY_LIMIT,3.6290073965802354,0.0802215594209481,2.734427704948352,1.495132861366782,1.7658872351404502,136.47690002945959,"[25.0,22.802957026468366,12.0]",0.5140833333333333,0.6070833333333333,1.39434150359256,0.07654454861111112,0.1291,40b6dc4ef7a992dd3183eb70a399ebf509d8272137062bf997cf00518e84b99a,NONCAUSAL_DIAGNOSTIC_FEASIBILITY_ORACLE_NO_SELECTION_AUTHORITY
native_development_099,smooth_trajectory,moderate,cross,False,False,"[""attitude"",""joint_angle"",""uav_height""]",SAFETY_OR_AUTHORITY_LIMIT,2.2289935755822285,0.13183846273897795,1.1378540796424568,1.7197944530553497,0.8580652489265971,145.31195097785198,"[25.0,25.0,12.0]",0.06975,0.16858333333333334,2.4969685006217945,0.07706675694444444,0.1306,41d81ee32fb9dcaeb036eb0f6ed5377f49dc6e1d670c6fb6472955e50012a109,NONCAUSAL_DIAGNOSTIC_FEASIBILITY_ORACLE_NO_SELECTION_AUTHORITY
native_development_100,setpoint,strong_sustained,cross,False,False,"[""attitude"",""joint_angle"",""uav_height""]",SAFETY_OR_AUTHORITY_LIMIT,2.6274882255041545,0.01570014969573263,1.7716720059192135,1.8613946708569797,1.6905560699533235,145.9146918737894,"[25.0,17.72338336124569,12.0]",0.24625,0.3383333333333333,34.61883972058479,0.07675609722222222,0.1295,b210b653a2495f6019ef5355496699cb57e9f16d8f98a821d9c12241161f9273,NONCAUSAL_DIAGNOSTIC_FEASIBILITY_ORACLE_NO_SELECTION_AUTHORITY
native_development_101,smooth_trajectory,strong_sustained,cross,False,False,"[""attitude"",""tip_workspace"",""uav_workspace""]",SAFETY_OR_AUTHORITY_LIMIT,8.233432296772708,6.707525787041098,6.740538499099113,2.8440585375215948,0.3017520300571237,171.42943342320626,"[23.898763316161126,2.23655069557764,8.112040023643894]",0.0,0.0,46.199113082888836,0.07997331249999999,0.1343,e5bd28bf64bcaefbdd42d39f229bba5f56b303f1e51df17932bd9530be9615c3,NONCAUSAL_DIAGNOSTIC_FEASIBILITY_ORACLE_NO_SELECTION_AUTHORITY
native_development_102,setpoint,strong_transient,cross,False,False,"[""attitude"",""joint_angle"",""uav_height""]",SAFETY_OR_AUTHORITY_LIMIT,3.6894679669713035,0.05325565756563217,3.086533395760562,2.6044741983432376,1.389160933339734,146.13685221695062,"[25.0,25.0,12.0]",0.2695,0.35683333333333334,2.5696274184721983,0.07842858333333333,0.1309,b00b5a010f021d4a3b82fff12bf314cae399f79d50290d126e0f3a073c5e4951,NONCAUSAL_DIAGNOSTIC_FEASIBILITY_ORACLE_NO_SELECTION_AUTHORITY
native_development_103,smooth_trajectory,strong_transient,cross,False,False,"[""attitude"",""joint_angle"",""uav_height""]",SAFETY_OR_AUTHORITY_LIMIT,4.908673037096934,0.0010608595777364992,2.284773008376581,1.50212376850599,1.0684919384256837,135.78833284747301,"[25.0,9.555515304275882,12.0]",0.20533333333333334,0.30183333333333334,3.6132349066333025,0.0784274236111111,0.1314,40186d47f72f02ec844eecfdb03d5793b418cdfbddfcb2b0dee71a1197dafdca,NONCAUSAL_DIAGNOSTIC_FEASIBILITY_ORACLE_NO_SELECTION_AUTHORITY
native_development_104,setpoint,stochastic,cross,False,False,"[""attitude"",""joint_angle"",""uav_height""]",SAFETY_OR_AUTHORITY_LIMIT,0.9057070047188679,0.6010862098396204,1.8054282009761145,2.039696612740333,2.580231794404604,152.4382330092637,"[25.0,25.0,12.0]",0.4078333333333333,0.49116666666666664,1.9561721730066681,0.07561296527777778,0.12789999999999999,e020a9e9076be6b860c5aac58fdd71d5eb860203b511f31c5853be269ea99bd5,NONCAUSAL_DIAGNOSTIC_FEASIBILITY_ORACLE_NO_SELECTION_AUTHORITY
native_development_105,smooth_trajectory,stochastic,cross,False,False,"[""attitude"",""joint_angle"",""uav_height""]",SAFETY_OR_AUTHORITY_LIMIT,4.430758894399722,0.0008275835616395298,1.8571880013365412,1.5361143249720925,1.89891947166704,136.69430241363762,"[25.0,19.492959973708935,12.0]",0.17741666666666667,0.27225,1.2766341478002576,0.07780677083333333,0.1304,9447888e10be615635c550d6ff8d5b7a0f384683d621173b6186dae3982f72c8,NONCAUSAL_DIAGNOSTIC_FEASIBILITY_ORACLE_NO_SELECTION_AUTHORITY
native_development_106,setpoint,ramp,cross,False,False,"[""attitude"",""joint_angle"",""uav_height""]",SAFETY_OR_AUTHORITY_LIMIT,4.776602496002299,0.2743644070688696,3.397890053404936,1.6229796128541432,3.720167184642604,136.16030184870885,"[25.0,25.0,12.0]",0.49,0.6188333333333333,10.351926685064786,0.07575188888888888,0.12869999999999998,66e12186de3ab4132e1e5a9c4b6ebea21318d9d7e68e1a882cfe82c78caf3fe8,NONCAUSAL_DIAGNOSTIC_FEASIBILITY_ORACLE_NO_SELECTION_AUTHORITY
native_development_107,smooth_trajectory,ramp,cross,False,False,"[""attitude"",""uav_height""]",SAFETY_OR_AUTHORITY_LIMIT,2.889213571938539,2.5731837507952258,1.6758472331785237,2.215658603893233,0.46967593210012104,151.03814756117805,"[25.0,9.687084960995064,12.0]",0.006,0.12283333333333334,38.763346060502634,0.07827986805555555,0.1328,720a0a547405ca7f40c89b2004d56165985d73c634b7b0fc683bddecb7f0fc34,NONCAUSAL_DIAGNOSTIC_FEASIBILITY_ORACLE_NO_SELECTION_AUTHORITY
native_development_108,setpoint,calm,aligned,False,False,"[""attitude"",""joint_angle"",""uav_height""]",SAFETY_OR_AUTHORITY_LIMIT,1.2564045717322851,0.008298944759549474,1.733277443386075,2.0191402503932263,1.7878634002153966,149.78267460107523,"[25.0,25.0,12.0]",0.3943333333333333,0.4825,0.21954124184665047,0.07601034027777778,0.1286,4546ff4fb3b0a3768161f111192006a4e207664efb5839e3fc09fddced6e7d57,NONCAUSAL_DIAGNOSTIC_FEASIBILITY_ORACLE_NO_SELECTION_AUTHORITY
native_development_109,smooth_trajectory,calm,aligned,True,True,[],ENDPOINT_REACHED,0.06343343542040765,0.02347782944602688,0.024027380060906742,0.04355686405568574,0.011690884415023783,129.93798670231695,"[0.16209593854995324,0.16388700270177162,0.0027618729074615463]",0.0,0.0,0.017951040416359774,0.07655722916666664,0.1291,41b97668b3c044f46d9ff6a23e582180b51cfc0aef8b32672b37153d2e623636,NONCAUSAL_DIAGNOSTIC_FEASIBILITY_ORACLE_NO_SELECTION_AUTHORITY
native_development_110,setpoint,moderate,aligned,False,False,"[""attitude"",""joint_angle"",""uav_height""]",SAFETY_OR_AUTHORITY_LIMIT,6.543946220918628,0.13964741980968642,2.0456282681229085,1.8613391481526909,1.1357440110503145,136.52956987960334,"[25.0,25.0,12.0]",0.0955,0.19975,2.0122960676152606,0.07717006944444445,0.1306,a002f37c7116e1c98e78fe9f9fb733946dc0c4b1cd557d15049fb6d4683e824a,NONCAUSAL_DIAGNOSTIC_FEASIBILITY_ORACLE_NO_SELECTION_AUTHORITY
native_development_111,smooth_trajectory,moderate,aligned,False,False,"[""attitude"",""joint_angle"",""uav_height""]",SAFETY_OR_AUTHORITY_LIMIT,3.8237317624008758,4.003123898156815,1.0138804743494607,1.7531337523047497,0.6520695020968257,142.1160969047736,"[25.0,25.0,12.0]",0.0425,0.14291666666666666,4.763608208395324,0.07608611805555554,0.1289,00965fa0b5669ad806d1999073668bb77775ac6d6d9be7444e183cc036311836,NONCAUSAL_DIAGNOSTIC_FEASIBILITY_ORACLE_NO_SELECTION_AUTHORITY
native_development_112,setpoint,strong_sustained,aligned,False,False,"[""attitude"",""joint_angle"",""uav_height""]",SAFETY_OR_AUTHORITY_LIMIT,3.4722872835533067,0.0010528305372021396,2.4363074883018525,1.9453204319195085,1.9281231017969918,147.37446647101174,"[25.0,23.761433700942156,12.0]",0.3883333333333333,0.48183333333333334,15.31921849098795,0.07704433333333334,0.1299,465d781a06d4b48f56ad67ec9204d46b986d26c16c2f516b4645117caf8090b3,NONCAUSAL_DIAGNOSTIC_FEASIBILITY_ORACLE_NO_SELECTION_AUTHORITY
native_development_113,smooth_trajectory,strong_sustained,aligned,False,False,"[""attitude"",""joint_angle"",""tip_workspace"",""uav_height"",""uav_workspace""]",SAFETY_OR_AUTHORITY_LIMIT,12.064475727865336,0.00044324536936723926,6.379915117889538,2.1469170748451685,2.3093748129058604,138.55122704515762,"[25.0,23.019644024180128,12.0]",0.24575,0.36466666666666664,7.605354978337161,0.07884037499999999,0.1328,803d77ffd6e897bba6537b943109f0ae415eb0f7fad895f6f6997afb82cd933c,NONCAUSAL_DIAGNOSTIC_FEASIBILITY_ORACLE_NO_SELECTION_AUTHORITY
native_development_114,setpoint,strong_transient,aligned,False,False,"[""attitude"",""joint_angle"",""uav_height""]",SAFETY_OR_AUTHORITY_LIMIT,5.385509443811657,0.014150246776917601,3.9333740773676307,1.801369487541578,3.32608976209604,136.62226891724862,"[25.0,25.0,12.0]",0.517,0.6276666666666667,30.368906539431432,0.07533899999999999,0.1271049999999999,e49032c87e187db4d5f3f900ab99e3c8c05d3303374494d857004dabf64b6acf,NONCAUSAL_DIAGNOSTIC_FEASIBILITY_ORACLE_NO_SELECTION_AUTHORITY
native_development_115,smooth_trajectory,strong_transient,aligned,False,False,"[""attitude"",""uav_height""]",SAFETY_OR_AUTHORITY_LIMIT,4.764423998803135,0.0524865003592813,1.3135433154502179,1.4543974976761138,0.7530448655329876,135.5073764811451,"[25.0,11.605028004181376,12.0]",0.07933333333333334,0.16941666666666666,3.6812192176570764,0.0756108888888889,0.1295,b4953b340872cc1e2d14fb1bb0c5f6734886a8d6e2b1f7916d862df58e209299,NONCAUSAL_DIAGNOSTIC_FEASIBILITY_ORACLE_NO_SELECTION_AUTHORITY
native_development_116,setpoint,stochastic,aligned,False,False,"[""attitude"",""joint_angle"",""uav_height""]",SAFETY_OR_AUTHORITY_LIMIT,2.429780387275869,0.00022350295437557275,2.0399896973502756,1.5078875228622428,1.5904140508965428,139.105975495911,"[25.0,25.0,12.0]",0.535,0.6343333333333333,17.52047195890476,0.0760407361111111,0.1285,eaf4b878578ef8181f241c94a1cde010bc250c70f338772a02c1fd004ed5ee50,NONCAUSAL_DIAGNOSTIC_FEASIBILITY_ORACLE_NO_SELECTION_AUTHORITY
native_development_117,smooth_trajectory,stochastic,aligned,False,False,"[""attitude""]",SAFETY_OR_AUTHORITY_LIMIT,2.1309358264874487,1.7881612908857478,0.6200519585536728,0.8244269721447424,0.12966471922725767,140.53534142248688,"[25.0,0.40902381532598325,0.2739729927823662]",0.0,0.0125,1.673942015583666,0.07690331944444444,0.1307049999999999,32a788de47f2c36c9552d037fd59ea2adffdf9e07ca451a1a2310fb3dc369c3d,NONCAUSAL_DIAGNOSTIC_FEASIBILITY_ORACLE_NO_SELECTION_AUTHORITY
native_development_118,setpoint,ramp,aligned,False,False,"[""attitude"",""joint_angle"",""uav_height""]",SAFETY_OR_AUTHORITY_LIMIT,3.9305957356014583,0.30888324251872,2.1258793532875195,1.8634073243744758,1.2956954311990505,141.8897099256374,"[25.0,25.0,12.0]",0.23575,0.3375,7.0860676827988,0.07733911805555553,0.1294,1dcb3df1e7a44c5dec200542d6a63a10dda53fd2566ecc219c4d1aade3eec03d,NONCAUSAL_DIAGNOSTIC_FEASIBILITY_ORACLE_NO_SELECTION_AUTHORITY
native_development_119,smooth_trajectory,ramp,aligned,False,False,"[""attitude"",""joint_angle"",""uav_height""]",SAFETY_OR_AUTHORITY_LIMIT,1.1579979277659398,0.14193489915448868,1.583859797802865,1.8888250936687556,2.4933129432374037,148.51784518661336,"[25.0,25.0,12.0]",0.38725,0.475,6.5935117326286905,0.07709871527777777,0.1301,31d9bce8c447fa876b217973020a76818381003babca197e40e8871efae7acbd,NONCAUSAL_DIAGNOSTIC_FEASIBILITY_ORACLE_NO_SELECTION_AUTHORITY
native_development_120,setpoint,calm,opposed,False,False,"[""attitude"",""joint_angle"",""uav_height""]",SAFETY_OR_AUTHORITY_LIMIT,3.3621196764535433,0.00033990263389748187,2.2665012132464537,1.780957118791449,1.957778495814032,142.70321911797214,"[25.0,25.0,12.0]",0.3849166666666667,0.484,0.24567612709286468,0.07506647916666667,0.1276,9182691a20b348877ba36085bbfbcf41f9e2060e88cc50881e000d80bcf27790,NONCAUSAL_DIAGNOSTIC_FEASIBILITY_ORACLE_NO_SELECTION_AUTHORITY
native_development_121,smooth_trajectory,calm,opposed,False,False,"[""attitude"",""joint_angle"",""uav_height""]",SAFETY_OR_AUTHORITY_LIMIT,1.620881342949996,0.3029412237556408,1.5403352217181587,2.0919440582611517,1.1681425961614558,150.62663110288798,"[25.0,22.53135433918909,12.0]",0.11691666666666667,0.20791666666666667,0.43908502584966436,0.07678620833333333,0.13,32280006e599361f5617d71c9b49b7666e4bbebb12688109fc71c3773a616dac,NONCAUSAL_DIAGNOSTIC_FEASIBILITY_ORACLE_NO_SELECTION_AUTHORITY
native_development_122,setpoint,moderate,opposed,False,False,"[""attitude"",""joint_angle"",""uav_height""]",SAFETY_OR_AUTHORITY_LIMIT,4.727767318140025,0.16667478144510142,3.028247101491599,1.7381619320541792,2.4832765568309303,140.26598629738905,"[25.0,25.0,12.0]",0.41041666666666665,0.5084166666666666,5.125112119925942,0.07637330555555555,0.1286,a207d195f17661d86c08293df8b2c42c46db1b21d92692bebfbbe50e1785e259,NONCAUSAL_DIAGNOSTIC_FEASIBILITY_ORACLE_NO_SELECTION_AUTHORITY
native_development_123,smooth_trajectory,moderate,opposed,False,False,"[""attitude"",""joint_angle"",""uav_height""]",SAFETY_OR_AUTHORITY_LIMIT,1.4577614364257458,0.22097646926528564,1.3767821864123932,1.8481951510679704,0.7383050015562379,149.60927927137703,"[25.0,19.681643545190123,12.0]",0.06325,0.15675,22.805876966957005,0.07756529166666666,0.1309,904fd4ffbe26d99c2b533403f74a521a177a601863b93ad064030eb6e8a0e723,NONCAUSAL_DIAGNOSTIC_FEASIBILITY_ORACLE_NO_SELECTION_AUTHORITY
native_development_124,setpoint,strong_sustained,opposed,False,False,"[""attitude"",""joint_angle"",""uav_height""]",SAFETY_OR_AUTHORITY_LIMIT,3.6107294910375005,0.07326278245006841,2.753985459894571,1.661474125818574,3.8676402008459556,139.6024700202393,"[25.0,20.42457553134003,12.0]",0.5356666666666666,0.6516666666666666,8.167683438158187,0.0760593888888889,0.1285,b723d9546f5560972d99b9ef7984e72f42ca6abe66c9f122a5c57bd7ba41d1d0,NONCAUSAL_DIAGNOSTIC_FEASIBILITY_ORACLE_NO_SELECTION_AUTHORITY
native_development_125,smooth_trajectory,strong_sustained,opposed,False,False,"[""attitude"",""joint_angle"",""uav_height""]",SAFETY_OR_AUTHORITY_LIMIT,4.500182360390311,0.03935671035030779,3.8531457616100946,2.877227558349638,1.839479971021187,154.73975202826165,"[25.0,21.01525681495477,12.0]",0.17575,0.2981666666666667,47.496504915744765,0.07814659722222224,0.1324,d82a0598bc772952b113d0fbb7c1cc03c94d6d1259435e17318436bbc299559a,NONCAUSAL_DIAGNOSTIC_FEASIBILITY_ORACLE_NO_SELECTION_AUTHORITY
native_development_126,setpoint,strong_transient,opposed,False,False,"[""attitude"",""joint_angle"",""uav_height""]",SAFETY_OR_AUTHORITY_LIMIT,6.853143287778039,0.018163571753076046,3.98405018022849,1.6438715108735198,2.6188098239232795,133.61644546107982,"[25.0,25.0,12.0]",0.33441666666666664,0.45325,5.030950487015716,0.07679097916666666,0.12819999999999998,cea9dde2c44c579a310d890db7d63bdc49a5b39f543efaebf5574fcc0c105fc8,NONCAUSAL_DIAGNOSTIC_FEASIBILITY_ORACLE_NO_SELECTION_AUTHORITY
native_development_127,smooth_trajectory,strong_transient,opposed,False,False,"[""attitude""]",SAFETY_OR_AUTHORITY_LIMIT,2.3823698343082746,2.785718730205017,2.286169685781241,1.8728274149854787,0.29588618048331033,143.60743101002362,"[25.0,15.567294076725856,12.0]",0.0,0.0665,5.564634262939344,0.07796252777777776,0.13119999999999998,55724d7d94f5e74b088f0f2147ca4b462d4e3dc1647791031a4c7825877f8ce3,NONCAUSAL_DIAGNOSTIC_FEASIBILITY_ORACLE_NO_SELECTION_AUTHORITY
native_development_128,setpoint,stochastic,opposed,False,False,"[""attitude"",""joint_angle"",""uav_height""]",SAFETY_OR_AUTHORITY_LIMIT,4.118452122881241,0.058223021382916476,2.1815960670138588,1.8887510924503201,1.7535124896596392,142.25035536536188,"[25.0,25.0,12.0]",0.24108333333333334,0.3401666666666667,1.5980123074942179,0.07516078472222222,0.1284,2b3379247e5dfc097fef6cc1536be1a4c45917b4b55893ebd875e8ac8926e801,NONCAUSAL_DIAGNOSTIC_FEASIBILITY_ORACLE_NO_SELECTION_AUTHORITY
native_development_129,smooth_trajectory,stochastic,opposed,False,False,"[""attitude"",""uav_height""]",SAFETY_OR_AUTHORITY_LIMIT,2.4870616241130943,5.1011644212437215,1.059527718162157,1.7623803729598875,0.5226269972602674,144.73050380485694,"[25.0,24.585367838281464,12.0]",0.02666666666666667,0.12625,13.423871704588926,0.07803479166666667,0.13069999999999998,9ad3bd9375f01daf6b4283b319ee3548a910cb95f3d1bd84878ba656e3164889,NONCAUSAL_DIAGNOSTIC_FEASIBILITY_ORACLE_NO_SELECTION_AUTHORITY
native_development_130,setpoint,ramp,opposed,False,False,"[""attitude"",""joint_angle"",""uav_height""]",SAFETY_OR_AUTHORITY_LIMIT,3.867939733169819,0.00026079023381491107,2.531067965512806,1.8344292768581678,1.8268776078913593,144.2933348053718,"[25.0,25.0,12.0]",0.35141666666666665,0.4569166666666667,31.60304005364359,0.07534774999999999,0.128,6ee60385e6ee7ee47fc7ffb690579873496c1aa96243166edd45675d1f658663,NONCAUSAL_DIAGNOSTIC_FEASIBILITY_ORACLE_NO_SELECTION_AUTHORITY
native_development_131,smooth_trajectory,ramp,opposed,False,False,"[""attitude"",""joint_angle"",""uav_height""]",SAFETY_OR_AUTHORITY_LIMIT,1.4809804063054652,0.10309026695895292,1.5361164429259015,1.8109448624615352,2.871251721363587,147.47707707119102,"[25.0,25.0,12.0]",0.38483333333333336,0.47808333333333336,23.35767558936099,0.07831824305555556,0.13269999999999998,5788a24b5d35650560e5e9a3d744cf86883bbb2b4f2c13c56b1cbab039e8526c,NONCAUSAL_DIAGNOSTIC_FEASIBILITY_ORACLE_NO_SELECTION_AUTHORITY
native_development_132,setpoint,calm,cross,False,False,"[""attitude"",""joint_angle"",""uav_height""]",SAFETY_OR_AUTHORITY_LIMIT,1.4321679060039667,0.028149119019560853,1.5434273942873806,1.7744884109803467,2.8961254872547735,147.51617149700456,"[25.0,25.0,12.0]",0.4365,0.5245833333333333,0.3323759905989498,0.07614387499999999,0.1291,0436038ef7d5cda6921360d2b9f5c0400e324003546dc41c9c9a16f392d9d777,NONCAUSAL_DIAGNOSTIC_FEASIBILITY_ORACLE_NO_SELECTION_AUTHORITY
native_development_133,smooth_trajectory,calm,cross,False,False,"[""attitude"",""joint_angle"",""uav_height""]",SAFETY_OR_AUTHORITY_LIMIT,2.4886607772107414,0.010412522806279837,1.1619233240854372,1.6269520044169477,1.383637386866304,143.5759858582432,"[25.0,25.0,12.0]",0.12175,0.21916666666666668,0.49639419767716725,0.07763188194444444,0.13080499999999992,e5d2d6298515e7b7a4681123a7ad035643669129bec8afad73879e2d60d7247c,NONCAUSAL_DIAGNOSTIC_FEASIBILITY_ORACLE_NO_SELECTION_AUTHORITY
native_development_134,setpoint,moderate,cross,False,False,"[""attitude"",""joint_angle"",""uav_height""]",SAFETY_OR_AUTHORITY_LIMIT,3.013818013301535,0.00048166494530568505,2.417854961174143,1.5382795192326735,3.1697054736223165,139.92805735602798,"[25.0,17.247659864673146,12.0]",0.5688333333333333,0.6583333333333333,2.5419355592136985,0.0774268263888889,0.1304,8eda9aac6005cdcfe5bfc495b3c2aa4ba51334291a31f060e4c62f13b437835f,NONCAUSAL_DIAGNOSTIC_FEASIBILITY_ORACLE_NO_SELECTION_AUTHORITY
native_development_135,smooth_trajectory,moderate,cross,False,False,"[""attitude""]",SAFETY_OR_AUTHORITY_LIMIT,0.6240575751352746,2.106170066259176,0.5859199862033753,1.0414190759162978,0.18932792581950098,138.09150524253275,"[25.0,1.0280187312486082,2.221552963321256]",0.0,0.065,5.446967101377477,0.07688208333333332,0.1304,8338e667256775ef8b17d60da979a8ce539a876f958da3a4abf8a7ff5c193bbe,NONCAUSAL_DIAGNOSTIC_FEASIBILITY_ORACLE_NO_SELECTION_AUTHORITY
native_development_136,setpoint,strong_sustained,cross,False,False,"[""attitude"",""joint_angle"",""uav_height""]",SAFETY_OR_AUTHORITY_LIMIT,3.530098868543094,0.22533353592196323,2.710617769363574,1.5612207948816559,3.2693276398100783,138.38710010622586,"[25.0,24.767323935334794,12.0]",0.5488333333333333,0.63925,4.54655061394782,0.07679838888888889,0.13,40717c35ccb6c2f7c51d8c7a4047caa9fe06775e0c868cb012d47804c5ae4d60,NONCAUSAL_DIAGNOSTIC_FEASIBILITY_ORACLE_NO_SELECTION_AUTHORITY
native_development_137,smooth_trajectory,strong_sustained,cross,False,False,"[""attitude"",""joint_angle"",""uav_height""]",SAFETY_OR_AUTHORITY_LIMIT,1.7778448167546723,0.2866228164300839,1.5872195451791746,1.6931678074611238,2.532529597673399,145.20653504270996,"[25.0,25.0,12.0]",0.3909166666666667,0.48041666666666666,30.720140356767565,0.0797152361111111,0.1340049999999999,a7ae87e8419b84498b533b55c3dd1f506499a65226b258dd507296554bad78d4,NONCAUSAL_DIAGNOSTIC_FEASIBILITY_ORACLE_NO_SELECTION_AUTHORITY
native_development_138,setpoint,strong_transient,cross,False,False,"[""attitude"",""joint_angle"",""uav_height""]",SAFETY_OR_AUTHORITY_LIMIT,5.971843755112289,0.0009759682725020225,3.6106510877425593,2.3980839454172163,3.351205007525829,145.84460126037524,"[25.0,25.0,12.0]",0.31783333333333336,0.4041666666666667,4.372636458293151,0.07664561111111111,0.1286,5bbee7511337765d2b44b1350c81b2ea3050d6cd479d8153d218b433c3b5cc85,NONCAUSAL_DIAGNOSTIC_FEASIBILITY_ORACLE_NO_SELECTION_AUTHORITY
native_development_139,smooth_trajectory,strong_transient,cross,False,False,"[""attitude"",""uav_height""]",SAFETY_OR_AUTHORITY_LIMIT,0.9920955917654583,4.420230658390827,0.8412623521845104,1.3934308915033617,0.37153753939616346,142.32349188809937,"[25.0,12.180704557957508,12.0]",0.016,0.11391666666666667,3.7008083766605626,0.07642793055555555,0.1305,b4f6c20b689d7fe23344f86bca61924c45231489b6f8633f4d780647860deb90,NONCAUSAL_DIAGNOSTIC_FEASIBILITY_ORACLE_NO_SELECTION_AUTHORITY
native_development_140,setpoint,stochastic,cross,False,False,"[""attitude"",""joint_angle"",""uav_height""]",SAFETY_OR_AUTHORITY_LIMIT,1.578092616599451,0.00029963635906770644,1.6066714278282268,1.8138298881478419,1.659034004357662,146.23327034244494,"[25.0,19.04728786888447,12.0]",0.3844166666666667,0.48083333333333333,16.258771019223094,0.07558486805555555,0.1293,c61e863d43202dea459d9ddb0f184f2581414dfa57e9e3752b2d3912d9c09561,NONCAUSAL_DIAGNOSTIC_FEASIBILITY_ORACLE_NO_SELECTION_AUTHORITY
native_development_141,smooth_trajectory,stochastic,cross,False,False,"[""attitude""]",SAFETY_OR_AUTHORITY_LIMIT,1.8800861620560647,3.597507986068309,0.8411300649702532,1.4624912128450538,0.29560317259156954,141.69282014907742,"[25.0,7.656748633867343,12.0]",0.0,0.10233333333333333,26.859842648988554,0.0771017986111111,0.1317049999999999,8e349133077d683899ed9ecddcfb0cd496c58321299d8b49c28f006ee34eee83,NONCAUSAL_DIAGNOSTIC_FEASIBILITY_ORACLE_NO_SELECTION_AUTHORITY
native_development_142,setpoint,ramp,cross,False,False,"[""attitude"",""joint_angle"",""uav_height""]",SAFETY_OR_AUTHORITY_LIMIT,3.3923460473158213,0.14871209297955693,2.2868701321242284,1.844559886365643,2.153067543243903,138.73688093236558,"[25.0,25.0,12.0]",0.30025,0.39408333333333334,31.425625364475753,0.07805118055555554,0.1308,82da59b9ecdd8323a2aa574bbda4e9c32ae7c841c7af0d90d632d47c676d252c,NONCAUSAL_DIAGNOSTIC_FEASIBILITY_ORACLE_NO_SELECTION_AUTHORITY
native_development_143,smooth_trajectory,ramp,cross,False,False,"[""attitude"",""joint_angle"",""uav_height"",""uav_workspace""]",SAFETY_OR_AUTHORITY_LIMIT,7.929742267083167,0.9835339555794305,6.469645718003321,2.403582737438318,3.532731363373475,137.6993051671122,"[25.0,25.0,12.0]",0.39916666666666667,0.5645,12.395771232253358,0.07872154166666666,0.1334,d8f762c4192e54a52cf96f8aeed6cb80acc5f5237de775536071b10988645eed,NONCAUSAL_DIAGNOSTIC_FEASIBILITY_ORACLE_NO_SELECTION_AUTHORITY
native_development_144,setpoint,calm,aligned,False,False,"[""attitude"",""joint_angle"",""uav_height""]",SAFETY_OR_AUTHORITY_LIMIT,3.3430358832837186,0.00068603787995452,2.2897735036546685,1.597925520648291,2.93737069549517,140.63980447504716,"[25.0,25.0,12.0]",0.42475,0.5224166666666666,0.24357778469683491,0.07678015972222221,0.1294,1e0ae7e65cb1828638341e7cf427740ebee9f6fc4633d76ca439731f0531bfec,NONCAUSAL_DIAGNOSTIC_FEASIBILITY_ORACLE_NO_SELECTION_AUTHORITY
native_development_145,smooth_trajectory,calm,aligned,True,False,[],POSITION_AND_VELOCITY_ENDPOINT,1.4173617265941993,3.7886173763768727,0.3245271565311385,0.8669330483450209,0.08080993899227235,141.83513925987018,"[21.02275189040209,0.09115943641283641,0.15569581874186522]",0.0,0.0,0.00492129492647801,0.07667334027777778,0.1298,68d850c29dcc63dab68d220edf692977d5a388ef2e35a36ead807746864a164f,NONCAUSAL_DIAGNOSTIC_FEASIBILITY_ORACLE_NO_SELECTION_AUTHORITY
native_development_146,setpoint,moderate,aligned,False,False,"[""attitude"",""joint_angle"",""uav_height""]",SAFETY_OR_AUTHORITY_LIMIT,3.0230672016462456,0.0013712426468770974,1.8124113216139797,1.8223658160475267,1.016571910735854,143.8612369123013,"[25.0,25.0,12.0]",0.26658333333333334,0.365,5.000645243044097,0.07720276388888887,0.1296,7bcc671878aef45bd2274f841cc4fcc4b8a23ebbfc088e357fdbe7d6b8103d87,NONCAUSAL_DIAGNOSTIC_FEASIBILITY_ORACLE_NO_SELECTION_AUTHORITY
native_development_147,smooth_trajectory,moderate,aligned,False,False,"[""attitude"",""uav_height"",""uav_workspace""]",SAFETY_OR_AUTHORITY_LIMIT,8.452787548702197,4.2658827089345195,2.52604152873964,1.7991952532517446,0.6969229282088113,142.294224904994,"[25.0,25.0,12.0]",0.0505,0.18358333333333332,22.14303862468043,0.07853911805555555,0.1315,b9081e2d6a72c05beeaa3f107b5ae887621101f1273226ede259212a498747f4,NONCAUSAL_DIAGNOSTIC_FEASIBILITY_ORACLE_NO_SELECTION_AUTHORITY
native_development_148,setpoint,strong_sustained,aligned,False,False,"[""attitude"",""joint_angle"",""uav_height""]",SAFETY_OR_AUTHORITY_LIMIT,4.147015868252485,0.0811268532227024,2.7726086230159406,2.1110910018456828,2.467435101405949,147.87776882671886,"[25.0,25.0,12.0]",0.37466666666666665,0.4723333333333333,15.410897217381466,0.07844041666666667,0.1311,9c7bc080502bd8330a3a12f29a0cfd228661f2edfeace4b54ea829eac1ae101c,NONCAUSAL_DIAGNOSTIC_FEASIBILITY_ORACLE_NO_SELECTION_AUTHORITY
native_development_149,smooth_trajectory,strong_sustained,aligned,False,False,"[""attitude"",""joint_angle"",""uav_height""]",SAFETY_OR_AUTHORITY_LIMIT,1.4348344441724843,0.0028877940934862643,1.2343757900472336,1.5341875146377448,1.6670040387158886,143.2121137579941,"[25.0,25.0,12.0]",0.4125,0.49883333333333335,7.803000264315834,0.07964695833333332,0.13549999999999998,1f448c8a47e79f2b030f94555a38ea251a4a90e5226044124cb4aa09f09c3c5c,NONCAUSAL_DIAGNOSTIC_FEASIBILITY_ORACLE_NO_SELECTION_AUTHORITY
native_development_150,setpoint,strong_transient,aligned,False,False,"[""attitude"",""joint_angle"",""uav_height""]",SAFETY_OR_AUTHORITY_LIMIT,5.369264894337605,0.00046330884358468226,3.9703044572747523,1.801673192234407,1.6366285956091842,136.5317173615144,"[25.0,25.0,12.0]",0.49291666666666667,0.6088333333333333,30.984398205687096,0.07934629166666665,0.1321,75b28d51f55e5c55aa149a825336e454f6957beb9e164721cd795b804921bf0b,NONCAUSAL_DIAGNOSTIC_FEASIBILITY_ORACLE_NO_SELECTION_AUTHORITY
native_development_151,smooth_trajectory,strong_transient,aligned,False,False,"[""attitude"",""uav_height""]",SAFETY_OR_AUTHORITY_LIMIT,5.9172798078630775,3.993712683529473,1.3173422640069874,1.6187691660482975,0.5618739687820297,135.66674025464485,"[25.0,14.710786001834222,12.0]",0.0345,0.1495,3.597894581782569,0.07713327777777777,0.13019999999999998,c0536fe9957eb660229dd6189bcb12a2fc21c566918342683640171da3c452db,NONCAUSAL_DIAGNOSTIC_FEASIBILITY_ORACLE_NO_SELECTION_AUTHORITY
native_development_152,setpoint,stochastic,aligned,False,False,"[""attitude"",""joint_angle"",""uav_height""]",SAFETY_OR_AUTHORITY_LIMIT,4.302591561417764,0.00015278197706301123,3.1173558558132837,1.5226335363902905,3.188090656188589,135.97594413786734,"[25.0,25.0,12.0]",0.5144166666666666,0.6075,9.128313420310333,0.07726873611111112,0.1304049999999999,d7a0a1b11cffd73fff9427d68ee9602d6b691933712d7b1a8309a0ed87a8e1e5,NONCAUSAL_DIAGNOSTIC_FEASIBILITY_ORACLE_NO_SELECTION_AUTHORITY
native_development_153,smooth_trajectory,stochastic,aligned,False,False,"[""attitude"",""joint_angle"",""uav_height""]",SAFETY_OR_AUTHORITY_LIMIT,2.0860436361432853,2.2071736753877067,0.8313914038090958,1.456637371655099,0.7514248289460507,141.65407885875752,"[25.0,10.979368279197995,12.0]",0.049916666666666665,0.145,2.896780917702785,0.07821921527777778,0.1321,4caf8d2221b9612ea3062e0c269313c833b6bdf263e05370ddbbc3544ee4b346,NONCAUSAL_DIAGNOSTIC_FEASIBILITY_ORACLE_NO_SELECTION_AUTHORITY
native_development_154,setpoint,ramp,aligned,False,False,"[""attitude"",""joint_angle"",""uav_height""]",SAFETY_OR_AUTHORITY_LIMIT,5.487224726297952,0.05720902832300843,3.4661174018057266,1.6631277318030155,1.8011831298642196,137.05150418266163,"[25.0,25.0,12.0]",0.393,0.4965833333333333,6.023255825764213,0.08007027777777777,0.1396,5e2831851908b8a2fe5aba5f4158e2de8d15fc98eefce5a737b6765fb5480368,NONCAUSAL_DIAGNOSTIC_FEASIBILITY_ORACLE_NO_SELECTION_AUTHORITY
native_development_155,smooth_trajectory,ramp,aligned,False,False,"[""attitude"",""joint_angle"",""uav_height""]",SAFETY_OR_AUTHORITY_LIMIT,2.921292056922383,0.0004835739964786247,2.018688721087209,1.4262222078832034,1.260443388758334,138.71092874988256,"[25.0,25.0,12.0]",0.4053333333333333,0.5014166666666666,5.572401026515378,0.08026695138888887,0.14590499999999992,b05bbda96ff60b496025b35de6905a67ba22c7587278d5a0d2a5fe65abd9afc2,NONCAUSAL_DIAGNOSTIC_FEASIBILITY_ORACLE_NO_SELECTION_AUTHORITY
native_development_156,setpoint,calm,opposed,False,False,"[""attitude"",""joint_angle"",""uav_height""]",SAFETY_OR_AUTHORITY_LIMIT,6.9330754435953335,0.0848717627861738,3.3952249337821434,2.210890573959033,2.9796691498018535,139.32951191967373,"[25.0,25.0,12.0]",0.122,0.34425,0.737309602501221,0.07988702777777777,0.1467,27de24ec3a1f033feff61bf096d054000451da843674dc8e59dec651914fd1e5,NONCAUSAL_DIAGNOSTIC_FEASIBILITY_ORACLE_NO_SELECTION_AUTHORITY
native_development_157,smooth_trajectory,calm,opposed,False,False,"[""attitude"",""uav_height""]",SAFETY_OR_AUTHORITY_LIMIT,1.8738248053563726,1.3622980148330496e-06,0.9913353540523313,1.534592357164707,0.5954374484280426,141.83223982499607,"[25.0,0.028463559235225082,0.05326689152230955]",0.09933333333333333,0.19858333333333333,2.1300944843631544e-06,0.08051540972222221,0.14330999999999983,ffc14e1889a1ab7796beb19324c8355e660e9ece62417a17491840357637b9ca,NONCAUSAL_DIAGNOSTIC_FEASIBILITY_ORACLE_NO_SELECTION_AUTHORITY
native_development_158,setpoint,moderate,opposed,False,False,"[""attitude"",""joint_angle"",""uav_height""]",SAFETY_OR_AUTHORITY_LIMIT,1.6013676984340406,0.06364878710588766,1.5572172564013826,1.7162933081926914,2.7770748107352468,146.77729070321993,"[25.0,25.0,12.0]",0.40891666666666665,0.5046666666666667,16.395752659963776,0.0782679513888889,0.1358,62db2a74bc2cac8c601c8121f76cb1f588e815e50eafa0c5676160f5d54fddd8,NONCAUSAL_DIAGNOSTIC_FEASIBILITY_ORACLE_NO_SELECTION_AUTHORITY
native_development_159,smooth_trajectory,moderate,opposed,True,False,[],VELOCITY_ENDPOINT,0.2960816495327249,2.2946040666190934,0.24686177283764635,0.421203821953275,0.07181525162804665,131.508423525779,"[19.14935217708325,0.48084894685960566,0.48811861249021604]",0.0,0.0,1.1669706879953758,0.07788289583333333,0.1324,37081974bd2ac3fc2031b018fc4a0b6e59902fdd0750809353fbe93d709ef34a,NONCAUSAL_DIAGNOSTIC_FEASIBILITY_ORACLE_NO_SELECTION_AUTHORITY
native_development_160,setpoint,strong_sustained,opposed,False,False,"[""attitude"",""joint_angle"",""uav_height""]",SAFETY_OR_AUTHORITY_LIMIT,3.389796676885355,0.003365155933198631,2.434068682937336,2.704815408324958,1.613712466732152,148.4158444202995,"[25.0,16.808895635077047,12.0]",0.13475,0.228,25.059813308242763,0.07789685416666667,0.131,9b4e191ff8c9cd85ff40d3717d9f2a629d960ca03ed499627bde0a17a3154291,NONCAUSAL_DIAGNOSTIC_FEASIBILITY_ORACLE_NO_SELECTION_AUTHORITY
native_development_161,smooth_trajectory,strong_sustained,opposed,False,False,"[""attitude"",""joint_angle"",""uav_height""]",SAFETY_OR_AUTHORITY_LIMIT,4.127889507741225,0.02357267592217659,2.6152970738458947,2.5907005385715687,1.0271515594490799,142.22398885609942,"[25.0,25.0,12.0]",0.0905,0.20233333333333334,9.192245126059042,0.07897493749999998,0.1333,d72b1ca5fa3d1321146fe5fa6fd94ed6787fad88f3266c01ce7967feee83b70a,NONCAUSAL_DIAGNOSTIC_FEASIBILITY_ORACLE_NO_SELECTION_AUTHORITY
native_development_162,setpoint,strong_transient,opposed,False,False,"[""attitude"",""joint_angle"",""uav_height""]",SAFETY_OR_AUTHORITY_LIMIT,1.7943539529533226,0.00012511284315638567,1.7210937063696032,1.8496176312824548,2.2785763985915777,148.37482084026394,"[25.0,25.0,12.0]",0.39425,0.4865833333333333,7.993228971690913,0.07673209722222223,0.1298,4c1c56282536c520ebd184479f6c038fe6c64eedf70195a4855364eda496cf27,NONCAUSAL_DIAGNOSTIC_FEASIBILITY_ORACLE_NO_SELECTION_AUTHORITY
native_development_163,smooth_trajectory,strong_transient,opposed,False,False,"[""attitude"",""uav_height"",""uav_workspace""]",SAFETY_OR_AUTHORITY_LIMIT,10.09106527646101,4.74036616325261,2.936931718139298,1.898546281248217,0.42990039277564335,138.37936362053028,"[25.0,16.042797296524956,12.0]",0.026916666666666665,0.14466666666666667,5.044006225240807,0.07846300694444444,0.1329,a977aee7105238096b13df3f47951e55a87f68b7499c2dcfd49199f356510465,NONCAUSAL_DIAGNOSTIC_FEASIBILITY_ORACLE_NO_SELECTION_AUTHORITY
native_development_164,setpoint,stochastic,opposed,False,False,"[""attitude"",""joint_angle"",""uav_height""]",SAFETY_OR_AUTHORITY_LIMIT,2.7134446617758283,0.0007510550485334417,2.030802677154552,1.9543386567691212,2.8093632353872815,146.1871697887373,"[25.0,25.0,12.0]",0.37833333333333335,0.4746666666666667,14.497308320883546,0.07726799305555554,0.1303,4e304cc09b9a71cd1a8bfbc3ca55c769a675d915d65500f28393d5f89c05bfa8,NONCAUSAL_DIAGNOSTIC_FEASIBILITY_ORACLE_NO_SELECTION_AUTHORITY
native_development_165,smooth_trajectory,stochastic,opposed,False,False,"[""attitude"",""uav_height""]",SAFETY_OR_AUTHORITY_LIMIT,2.9673985105738927,0.04973291191835362,1.1026158711240546,1.687324197369579,1.0200882545839387,143.31847919300773,"[25.0,25.0,12.0]",0.06641666666666667,0.16633333333333333,7.230321819829411,0.0778576388888889,0.13269999999999998,049ae80d7772be6777093ee6dcb824872c5eb946de73d4f8975344cabe3ce6b6,NONCAUSAL_DIAGNOSTIC_FEASIBILITY_ORACLE_NO_SELECTION_AUTHORITY
native_development_166,setpoint,ramp,opposed,False,False,"[""attitude"",""joint_angle"",""uav_height""]",SAFETY_OR_AUTHORITY_LIMIT,4.913041212865249,0.008247470576218215,3.129564941951817,1.7154118636579279,2.489362266760762,140.39218704419272,"[25.0,19.176936054097514,12.0]",0.38233333333333336,0.49191666666666667,26.05215243517263,0.07849306249999999,0.1314,b10d0ad53d6353b98f8f144407791475efacac213b89e75783d0299ec01abdfd,NONCAUSAL_DIAGNOSTIC_FEASIBILITY_ORACLE_NO_SELECTION_AUTHORITY
native_development_167,smooth_trajectory,ramp,opposed,False,False,"[""attitude"",""joint_angle"",""uav_height""]",SAFETY_OR_AUTHORITY_LIMIT,7.496395785575514,0.11915457113079078,5.118934084781352,1.6680591036538068,2.991652630016223,137.41108240827197,"[25.0,25.0,12.0]",0.4855,0.605,5.845276134415278,0.08009386805555554,0.13410499999999992,ebfc6550e806c550f1b48bdb6695f7870a1793634097c0959f26f12dda0f95c5,NONCAUSAL_DIAGNOSTIC_FEASIBILITY_ORACLE_NO_SELECTION_AUTHORITY
native_development_168,setpoint,calm,cross,False,False,"[""attitude"",""joint_angle"",""uav_height""]",SAFETY_OR_AUTHORITY_LIMIT,3.3424324595944683,0.17038607173437176,2.579151558474958,1.4278318260399732,1.9598938878089434,137.0783230559055,"[25.0,19.38479525953116,12.0]",0.5535,0.6419166666666667,0.10584455563669691,0.07665530555555555,0.1299,0bedabecf962745f2ddde2307d62a2cdeda9ddc1fa8568cbbb7b0b0b83b76d4b,NONCAUSAL_DIAGNOSTIC_FEASIBILITY_ORACLE_NO_SELECTION_AUTHORITY
native_development_169,smooth_trajectory,calm,cross,False,False,"[""attitude"",""joint_angle"",""uav_height""]",SAFETY_OR_AUTHORITY_LIMIT,2.2719606222900777,0.3941430677464629,1.2299925511538357,1.7490525975257198,1.3195375283714315,145.37112463019946,"[25.0,25.0,12.0]",0.10358333333333333,0.20225,0.14665187689070494,0.07737146527777777,0.1303,bea0ad6fc4d688df2b6e5ad745d1cd9606a891871293464fcad26dd79cc29bbc,NONCAUSAL_DIAGNOSTIC_FEASIBILITY_ORACLE_NO_SELECTION_AUTHORITY
native_development_170,setpoint,moderate,cross,False,False,"[""attitude"",""joint_angle"",""uav_height""]",SAFETY_OR_AUTHORITY_LIMIT,3.45054440531262,0.042716489014930796,2.6394368719975945,1.333161501036965,3.076882939288747,135.78303723322733,"[25.0,20.052623528443533,12.0]",0.53725,0.6245,1.2379284337084202,0.07685634027777777,0.12789999999999999,a3e4a439f5fdd4b324d758ce0ce77c573509cf2cc69a48bb33d2e880aa839362,NONCAUSAL_DIAGNOSTIC_FEASIBILITY_ORACLE_NO_SELECTION_AUTHORITY
native_development_171,smooth_trajectory,moderate,cross,False,False,"[""attitude"",""uav_height""]",SAFETY_OR_AUTHORITY_LIMIT,4.161886758289344,3.071860429088379,1.0030297482902806,1.4266040670350695,0.3651572373110509,136.70321749010816,"[25.0,10.864760709955371,12.0]",0.017083333333333332,0.12941666666666668,15.71563080412326,0.07641379861111111,0.1296,94f6e04900e4fb381af091f5f1b65bf0178e31531421553041c9a93b44315b8b,NONCAUSAL_DIAGNOSTIC_FEASIBILITY_ORACLE_NO_SELECTION_AUTHORITY
native_development_172,setpoint,strong_sustained,cross,False,False,"[""attitude"",""joint_angle"",""uav_height""]",SAFETY_OR_AUTHORITY_LIMIT,5.154185296074943,0.07587112409443343,2.267974942907689,1.8947940976049187,2.0056242674244547,142.5513856610445,"[25.0,25.0,12.0]",0.14208333333333334,0.2781666666666667,34.142313551566545,0.07616490277777778,0.1286,4cc3d03d6d939a92a7e7319e59b06e99423d903defdcbd766450aef92735599c,NONCAUSAL_DIAGNOSTIC_FEASIBILITY_ORACLE_NO_SELECTION_AUTHORITY
native_development_173,smooth_trajectory,strong_sustained,cross,False,False,"[""attitude"",""joint_angle"",""uav_height""]",SAFETY_OR_AUTHORITY_LIMIT,2.2808030613758645,0.14596794048690998,1.5177771228193209,1.6521185822482216,1.70604177736811,142.507968600019,"[25.0,25.0,12.0]",0.20316666666666666,0.29191666666666666,32.21113238831636,0.07867784722222222,0.13460499999999992,b5692164724ea9afcf8962208cc891593ae100252b7c533afa9db2b5f775596e,NONCAUSAL_DIAGNOSTIC_FEASIBILITY_ORACLE_NO_SELECTION_AUTHORITY
native_development_174,setpoint,strong_transient,cross,False,False,"[""attitude"",""joint_angle"",""uav_height""]",SAFETY_OR_AUTHORITY_LIMIT,1.4126382481947477,0.09347872818662151,2.1684939823388683,2.120944353502733,1.5869510835209923,139.859577413942,"[25.0,25.0,12.0]",0.29933333333333334,0.38166666666666665,1.4540040573048403,0.07735478472222222,0.1295,2e33fb83fe72324890b2c9930369707a5d81b5d603d7bdeb58d8e64a415b2360,NONCAUSAL_DIAGNOSTIC_FEASIBILITY_ORACLE_NO_SELECTION_AUTHORITY
native_development_175,smooth_trajectory,strong_transient,cross,False,False,"[""attitude"",""uav_height""]",SAFETY_OR_AUTHORITY_LIMIT,3.211377133598575,4.5680236707241,0.9548989303422653,1.7838523692708141,0.5840032393897456,142.22512711086497,"[25.0,12.24310268501628,12.0]",0.034666666666666665,0.13383333333333333,4.284393650939704,0.07630495138888888,0.1293,7505d3bcbe647a16aa1a9d704fcf41f60b3f533c6930e0d5d58ea43e0d2b290a,NONCAUSAL_DIAGNOSTIC_FEASIBILITY_ORACLE_NO_SELECTION_AUTHORITY
native_development_176,setpoint,stochastic,cross,False,False,"[""attitude"",""joint_angle"",""uav_height""]",SAFETY_OR_AUTHORITY_LIMIT,4.1713142652049635,0.07865516146264702,2.2242585052098627,1.6605878018825446,1.4772638776307077,140.44714492901562,"[25.0,25.0,12.0]",0.25275,0.36283333333333334,19.321076550763454,0.07750097222222221,0.1294049999999999,458892dc75b33d3ce44e265dce0a58cf32155a60ec5af2ba1e9101f040360240,NONCAUSAL_DIAGNOSTIC_FEASIBILITY_ORACLE_NO_SELECTION_AUTHORITY
native_development_177,smooth_trajectory,stochastic,cross,False,False,"[""attitude""]",SAFETY_OR_AUTHORITY_LIMIT,2.4773351457656645,2.682942901124452,0.8213744152114612,1.0212988334605952,0.15448847126927998,143.29882977702204,"[25.0,0.20827011542224944,0.1528944553536836]",0.0,0.02125,3.9272668744525565,0.07818205555555553,0.1318,15ecca92dc0816c8acbd3f28ba5fc13c1ffbad592e84f2afd30fb4b2d88eac9d,NONCAUSAL_DIAGNOSTIC_FEASIBILITY_ORACLE_NO_SELECTION_AUTHORITY
native_development_178,setpoint,ramp,cross,False,False,"[""attitude"",""joint_angle"",""uav_height""]",SAFETY_OR_AUTHORITY_LIMIT,1.3624088738735207,0.014585450486117413,1.7579537684591664,2.0197473217592625,1.3814831601797624,155.613320412963,"[25.0,24.500042529434452,12.0]",0.2465,0.32716666666666666,35.87937217277087,0.0772345347222222,0.13050499999999993,e770be93fa26378ac0c735461ffd5411bc3723a74b0bbbb47df31968e29d5385,NONCAUSAL_DIAGNOSTIC_FEASIBILITY_ORACLE_NO_SELECTION_AUTHORITY
native_development_179,smooth_trajectory,ramp,cross,False,False,"[""attitude"",""joint_angle"",""uav_height""]",SAFETY_OR_AUTHORITY_LIMIT,2.9075560044381055,0.00025354637570209715,2.018045852839743,1.5364556478626226,2.465956516159116,138.91544033433118,"[25.0,22.470319547816707,12.0]",0.418,0.5108333333333334,6.24480367962082,0.0774317986111111,0.1339,4be32069295602a4176d6f14e10eab5deec950622bc5c605c58fa85eded8e2ec,NONCAUSAL_DIAGNOSTIC_FEASIBILITY_ORACLE_NO_SELECTION_AUTHORITY
native_development_180,setpoint,calm,aligned,False,False,"[""attitude"",""joint_angle"",""uav_height""]",SAFETY_OR_AUTHORITY_LIMIT,3.0394034794709777,0.00021001579101048192,2.070692797829073,1.5460771441888732,1.187366417370677,140.83193817056355,"[25.0,18.569777199859768,12.0]",0.402,0.4985833333333333,0.12671167533973893,0.07703768055555556,0.1311,57438b73a16ae5dda6e002c5d0344c339a47081d74912be06c1c65b31609b932,NONCAUSAL_DIAGNOSTIC_FEASIBILITY_ORACLE_NO_SELECTION_AUTHORITY
native_development_181,smooth_trajectory,calm,aligned,False,False,"[""attitude"",""joint_angle"",""uav_height""]",SAFETY_OR_AUTHORITY_LIMIT,0.8225756893322352,0.3784637929544485,1.6371617712979956,2.090043240031098,1.2512067667026445,151.95362632709737,"[25.0,25.0,12.0]",0.10125,0.18341666666666667,0.346910580589654,0.07771783333333333,0.1308,a8540809524c5d3e6b3e3928082ee7fe171915d2dd7aaffedfbe7d8b00429488,NONCAUSAL_DIAGNOSTIC_FEASIBILITY_ORACLE_NO_SELECTION_AUTHORITY
native_development_182,setpoint,moderate,aligned,False,False,"[""attitude"",""joint_angle"",""uav_height""]",SAFETY_OR_AUTHORITY_LIMIT,4.078529750762878,0.11269813719512044,3.0674078672339875,1.4573601503875608,2.593265603073967,135.68104827945115,"[25.0,25.0,12.0]",0.5080833333333333,0.6045,17.51962040913272,0.07689326388888888,0.13,001bd8b485a1d8bf47ab6f1bedf92f3aacb139b9e8e010a5865b847e7601a44a,NONCAUSAL_DIAGNOSTIC_FEASIBILITY_ORACLE_NO_SELECTION_AUTHORITY
native_development_183,smooth_trajectory,moderate,aligned,False,False,"[""attitude""]",SAFETY_OR_AUTHORITY_LIMIT,3.151791578358031,3.920825252295939,0.8418422177070606,1.5200034946467662,0.2644593792033674,138.77433145602234,"[25.0,11.011452183846634,12.0]",0.0,0.10525,1.8824155267251503,0.07719070833333333,0.1314,b311acfb6acb0419c1034027fb46032f7aa618d4f0dcbc3a178df963f494042b,NONCAUSAL_DIAGNOSTIC_FEASIBILITY_ORACLE_NO_SELECTION_AUTHORITY
native_development_184,setpoint,strong_sustained,aligned,False,False,"[""attitude"",""joint_angle"",""uav_height""]",SAFETY_OR_AUTHORITY_LIMIT,1.3021575360192217,0.0038072597924433092,1.7296963175756086,2.062173302919611,1.8949991164911277,151.57834520570754,"[25.0,25.0,12.0]",0.24983333333333332,0.33625,8.12353287583279,0.07644652777777777,0.1299,742d0436ceadf30a8bd7530d71327a69c7114bfef3bdedacbbc1c6645db1bed6,NONCAUSAL_DIAGNOSTIC_FEASIBILITY_ORACLE_NO_SELECTION_AUTHORITY
native_development_185,smooth_trajectory,strong_sustained,aligned,False,False,"[""attitude"",""joint_angle"",""uav_height""]",SAFETY_OR_AUTHORITY_LIMIT,4.320067598587524,0.4273514251023951,2.7010472769828735,1.66694160049684,3.155225623933622,138.521911813337,"[25.0,25.0,12.0]",0.34391666666666665,0.4635,9.510647299211508,0.07975479166666667,0.1362,d0557183d4691e0b7b0f7604bf5f557e6410df7aad59739cc7af5af94e10520f,NONCAUSAL_DIAGNOSTIC_FEASIBILITY_ORACLE_NO_SELECTION_AUTHORITY
native_development_186,setpoint,strong_transient,aligned,False,False,"[""attitude"",""joint_angle"",""uav_height""]",SAFETY_OR_AUTHORITY_LIMIT,2.551773963425494,0.045655082942451346,2.078942394668898,2.0899056106964,2.780899813720952,150.16328321959435,"[25.0,25.0,12.0]",0.37233333333333335,0.46291666666666664,10.1183128156958,0.07691213194444443,0.131,95814da90c50388ee986d0c095f2bd953f9c87a82f02bf5917b8f2c3f815c1c2,NONCAUSAL_DIAGNOSTIC_FEASIBILITY_ORACLE_NO_SELECTION_AUTHORITY
native_development_187,smooth_trajectory,strong_transient,aligned,False,False,"[""attitude"",""joint_angle"",""uav_height""]",SAFETY_OR_AUTHORITY_LIMIT,4.909686781522852,0.02233504707914025,2.321495648451023,1.4206931554933306,1.0686611524517518,135.17230439488367,"[25.0,10.0490120513612,12.0]",0.22325,0.32366666666666666,2.7446224951797835,0.07779523611111112,0.1315,7c99e2df1283981c90279a9c092d1371054a97bb85220f342c318e84fec89d40,NONCAUSAL_DIAGNOSTIC_FEASIBILITY_ORACLE_NO_SELECTION_AUTHORITY
native_development_188,setpoint,stochastic,aligned,False,False,"[""attitude"",""joint_angle"",""uav_height""]",SAFETY_OR_AUTHORITY_LIMIT,4.317999319299526,0.0007482639778531911,2.823103519294836,1.7083103298195728,3.215967552592665,140.20265060989655,"[25.0,22.722370033904348,12.0]",0.41508333333333336,0.51375,2.0021623451604724,0.07628171527777777,0.1301,61f7a19b039c23f3b987cd30fc0697243ea4cb0a3ab8c3ec7b1491ffef9503f2,NONCAUSAL_DIAGNOSTIC_FEASIBILITY_ORACLE_NO_SELECTION_AUTHORITY
native_development_189,smooth_trajectory,stochastic,aligned,False,False,"[""attitude"",""joint_angle"",""uav_height""]",SAFETY_OR_AUTHORITY_LIMIT,3.4168733845977917,0.8824714143544355,0.8968737650971607,1.4304399059215331,0.8069705722657264,138.90693341954176,"[25.0,25.0,12.0]",0.058583333333333334,0.15425,16.380089157016947,0.07710841666666665,0.1316,28f804b3615ba57b92a118220422a3e9afd0acb297002786beb8c2ccafe367cd,NONCAUSAL_DIAGNOSTIC_FEASIBILITY_ORACLE_NO_SELECTION_AUTHORITY
native_development_190,setpoint,ramp,aligned,False,False,"[""attitude"",""joint_angle"",""uav_height""]",SAFETY_OR_AUTHORITY_LIMIT,4.550210586624149,0.1871242224700013,3.319877063730344,1.3158463157453013,3.0368880789080617,133.77149502316018,"[25.0,24.576396668841788,12.0]",0.5000833333333333,0.6135,19.827502811383365,0.07778280555555556,0.13019999999999998,d0d897babd2768e24eadc2c1801f571111e217a723c2542619314f9264c2e0ef,NONCAUSAL_DIAGNOSTIC_FEASIBILITY_ORACLE_NO_SELECTION_AUTHORITY
native_development_191,smooth_trajectory,ramp,aligned,False,False,"[""attitude"",""joint_angle"",""uav_height""]",SAFETY_OR_AUTHORITY_LIMIT,3.3046468473252086,0.0006190092660911536,2.2417262764698345,1.5680948096416345,1.3447557496964637,138.8364949513196,"[25.0,14.524703276671508,12.0]",0.4045,0.49533333333333335,6.002335942269163,0.07786895138888889,0.132,d9fcf603edb20ac7eeafb2e89eb15a8b745f0fd901ea16b219991209fcd0a63b,NONCAUSAL_DIAGNOSTIC_FEASIBILITY_ORACLE_NO_SELECTION_AUTHORITY
native_development_192,setpoint,calm,opposed,False,False,"[""attitude"",""joint_angle"",""uav_height""]",SAFETY_OR_AUTHORITY_LIMIT,1.714346687209119,0.003495478976377583,1.564522968158425,1.6913457048348963,2.0568141295024374,145.39527369255475,"[25.0,25.0,12.0]",0.41258333333333336,0.50875,0.16840740032154902,0.07441069444444445,0.1276,4b6d2822bc2689a766f06ec4657c0a84a661c2865fb8fc6833938faaadfbb546,NONCAUSAL_DIAGNOSTIC_FEASIBILITY_ORACLE_NO_SELECTION_AUTHORITY
native_development_193,smooth_trajectory,calm,opposed,False,False,"[""attitude"",""joint_angle"",""uav_height""]",SAFETY_OR_AUTHORITY_LIMIT,3.3735057124298544,0.07472710022441144,1.2193830820739753,1.7321898792677932,1.1144081577858416,142.73066336872375,"[25.0,17.893729693627186,12.0]",0.09116666666666666,0.18425,0.18309935017452877,0.07687834722222221,0.13019999999999998,5dd1730d6a0dbdef5ebb6e896cc2afb1d5e856e611a02440596328f4591ab934,NONCAUSAL_DIAGNOSTIC_FEASIBILITY_ORACLE_NO_SELECTION_AUTHORITY
native_development_194,setpoint,moderate,opposed,False,False,"[""attitude"",""joint_angle"",""uav_height""]",SAFETY_OR_AUTHORITY_LIMIT,3.5409666709595804,0.01966088750142984,2.450620021444163,1.9548129293031655,1.6590474405371565,143.00082511103182,"[25.0,25.0,12.0]",0.3888333333333333,0.48825,6.387194737265877,0.07655847222222223,0.1284,b05fa472fe94b8d9624e5edfb9eff7ff8e88202a125504fdf140016da7c3d633,NONCAUSAL_DIAGNOSTIC_FEASIBILITY_ORACLE_NO_SELECTION_AUTHORITY
native_development_195,smooth_trajectory,moderate,opposed,False,False,"[""attitude"",""uav_height""]",SAFETY_OR_AUTHORITY_LIMIT,3.3792529274758447,3.621359802840392,1.0197591716338001,1.6612190578397295,0.5638982044550512,141.7061833592137,"[25.0,15.357752900747323,12.0]",0.03175,0.13833333333333334,22.475056860406585,0.07593586111111111,0.1293,dc37069756f448170a261d08db168abff3a271646e445e75d4e6f596aacf8da3,NONCAUSAL_DIAGNOSTIC_FEASIBILITY_ORACLE_NO_SELECTION_AUTHORITY
native_development_196,setpoint,strong_sustained,opposed,False,False,"[""attitude"",""joint_angle"",""uav_height""]",SAFETY_OR_AUTHORITY_LIMIT,3.8164910240328864,0.0010210199904242758,2.103022682507697,2.0253868072121626,2.9257375462567246,144.28033230176038,"[25.0,25.0,12.0]",0.22416666666666665,0.34125,7.374546593475199,0.07716684027777777,0.1316,116d81a871c612166882b61dc2616fbbf3711d82e0298cfe03446e2c20e6e723,NONCAUSAL_DIAGNOSTIC_FEASIBILITY_ORACLE_NO_SELECTION_AUTHORITY
native_development_197,smooth_trajectory,strong_sustained,opposed,False,False,"[""attitude"",""joint_angle"",""uav_height""]",SAFETY_OR_AUTHORITY_LIMIT,3.471532699453395,0.12406589880042045,2.2319792982811633,1.4074588507010355,2.637716243709215,135.15725205774538,"[25.0,25.0,12.0]",0.37866666666666665,0.46608333333333335,7.856398026757022,0.07807354166666666,0.1325,1d9ea893ef4be2840d87e7d582a44ce2dcef390660e5e48724fb4f1cfdd96e91,NONCAUSAL_DIAGNOSTIC_FEASIBILITY_ORACLE_NO_SELECTION_AUTHORITY
native_development_198,setpoint,strong_transient,opposed,False,False,"[""attitude"",""joint_angle"",""uav_height""]",SAFETY_OR_AUTHORITY_LIMIT,2.4514573789465333,0.0003976992361871195,2.0355850303827503,1.9958232990608897,3.1535472152972006,148.41769036117208,"[25.0,13.816455769858052,12.0]",0.41825,0.5075833333333334,15.282782555579022,0.07711424305555555,0.13100499999999993,e653a63241efe6da941f59faf0982773507d727ea90976e8eca5b328c474e1db,NONCAUSAL_DIAGNOSTIC_FEASIBILITY_ORACLE_NO_SELECTION_AUTHORITY
native_development_199,smooth_trajectory,strong_transient,opposed,False,False,"[""attitude"",""joint_angle"",""uav_height""]",SAFETY_OR_AUTHORITY_LIMIT,3.4614485321642006,0.19230168159677316,1.0668047076125453,1.344289631976736,1.0980132544278176,136.42365524709678,"[25.0,25.0,12.0]",0.09558333333333334,0.18783333333333332,4.732303324276923,0.07633977083333333,0.13,abe1e1427f34598d16b7876fe413f89293a48b69f9e2d1b550ceab73d70a651a,NONCAUSAL_DIAGNOSTIC_FEASIBILITY_ORACLE_NO_SELECTION_AUTHORITY
