diagnostic_id,source_sample_id,controller,regime,wind_kind,wind_speed_m_s,wind_onset_time_s,target_issue_time_s,safe,task_success,acquisition_time_s,position_rmse_3d_m,position_peak_m,position_steady_mean_m,orientation_rmse_deg,orientation_peak_deg,cutter_angular_speed_peak_rad_s,joint_angle_peak_deg,command_effort,command_norm_peak,raw_command_norm_peak,physical_saturation_fraction,slew_active_fraction,wind_force_peak_N,d_raw_norm_mean,d_raw_norm_max,d_hat_norm_mean,d_hat_norm_max,d_projected_norm_mean,d_projected_norm_max,d_rejected_norm_mean,d_rejected_norm_max,steady_input_norm_mean,steady_input_norm_max,steady_input_max_abs_mean,steady_input_max_abs_max,unscaled_steady_input_max_abs_mean,unscaled_steady_input_max_abs_max,steady_scale_mean,steady_scale_max,steady_state_residual_mean,steady_state_residual_max,steady_task_residual_mean,steady_task_residual_max,backbone_norm_mean,backbone_norm_max,qp_correction_norm_mean,qp_correction_norm_max,limiter_mismatch_mean,limiter_mismatch_max,qp_iterations_mean,qp_iterations_max,raw_clip_update_fraction,raw_clip_component_fraction,steady_input_infeasible_fraction,steady_scaling_active_fraction,qp_solved_fraction,raw_clip_state_00_fraction,raw_clip_state_01_fraction,raw_clip_state_02_fraction,raw_clip_state_03_fraction,raw_clip_state_04_fraction,raw_clip_state_05_fraction,raw_clip_state_06_fraction,raw_clip_state_07_fraction,raw_clip_state_08_fraction,raw_clip_state_09_fraction,raw_clip_state_10_fraction,raw_clip_state_11_fraction,raw_clip_state_12_fraction,raw_clip_state_13_fraction,raw_clip_state_14_fraction,raw_clip_state_15_fraction,raw_clip_state_16_fraction,raw_clip_state_17_fraction,raw_clip_state_18_fraction,raw_clip_state_19_fraction,pre_target_d_hat_p95,reference_step_d_raw_peak,post_target_1s_d_raw_mean,post_target_1s_state_norm_peak
replay_holdout_constant_3p5_spherical_00,holdout_constant_3p5_spherical_00,full_lqr_048,V3_CONSTANT_3P5_REPLAY,constant,3.5,0.0,3.0,True,False,,0.21554065619723844,0.34253271751253467,0.20213247889346372,0.950556312419896,2.529873279239506,0.13284987030249895,1.167088908317725,1.681742095274405,1.3305810022466666,2.170181008065009,0.0,0.02074688796680498,4.47452552494418,0.0,0.0,0.0,0.0,0.0,0.0,0.0,0.0,0.0,0.0,0.0,0.0,0.0,0.0,0.0,0.0,0.0,0.0,0.0,0.0,0.0,0.0,0.0,0.0,0.0,0.0,0.0,0.0,0.0,0.0,0.0,0.0,1.0,0.0,0.0,0.0,0.0,0.0,0.0,0.0,0.0,0.0,0.0,0.0,0.0,0.0,0.0,0.0,0.0,0.0,0.0,0.0,0.0,0.0,0.0,0.0,0.3167926686194584
replay_holdout_constant_3p5_spherical_00,holdout_constant_3p5_spherical_00,self_a_034,V3_CONSTANT_3P5_REPLAY,constant,3.5,0.0,3.0,True,False,,0.7096975048609242,1.2730670615878932,0.6376506218700179,10.237362676434843,17.398620414743668,0.7639389503289593,16.918952210247348,27.393364327241216,2.151778222186315,2.151778222186315,0.27800829875518673,0.6390041493775933,5.521251720602423,0.42854940583058265,0.8352112874142712,0.26233751021088825,0.40047756707491633,0.2622782649489889,0.4004367787163975,0.004923269471286823,0.010065669500272845,1.5551987208697646,1.9132430911760474,1.5485655547068697,1.9000000000000001,5.179757263371692,11.223247532960592,0.5510551173511772,1.0,2.7918743944382996e-16,4.2070289391245425e-16,5.361078073108056e-08,8.075453519599816e-08,21.666405705991902,38.45679383260767,19.196993593553795,36.058581558396035,3.2696633113695433e-06,4.10550142060373e-05,99.1701244813278,375.0,0.6970954356846473,0.07385892116182573,0.0,0.6929460580912863,1.0,0.0,0.0,0.0,0.0,0.0,0.0,0.0,0.0,0.0,0.12033195020746888,0.0,0.0,0.0,0.0,0.0,0.6970954356846473,0.3900414937759336,0.2697095435684647,0.0,0.0,0.327822608753659,0.6130089782927529,0.4103424990259222,1.1839774383423762
replay_holdout_constant_3p5_spherical_01,holdout_constant_3p5_spherical_01,full_lqr_048,V3_CONSTANT_3P5_REPLAY,constant,3.5,0.0,3.0,True,False,,0.21305567912616047,0.34228289666727785,0.20197670402277323,0.9508436233916246,2.529873279239506,0.13284987030249895,1.2149181912690394,1.550308744888587,1.4566767447479712,2.1224591121594,0.0,0.016597510373443983,4.481309692747265,0.0,0.0,0.0,0.0,0.0,0.0,0.0,0.0,0.0,0.0,0.0,0.0,0.0,0.0,0.0,0.0,0.0,0.0,0.0,0.0,0.0,0.0,0.0,0.0,0.0,0.0,0.0,0.0,0.0,0.0,0.0,0.0,1.0,0.0,0.0,0.0,0.0,0.0,0.0,0.0,0.0,0.0,0.0,0.0,0.0,0.0,0.0,0.0,0.0,0.0,0.0,0.0,0.0,0.0,0.0,0.0,0.3263434976329883
replay_holdout_constant_3p5_spherical_01,holdout_constant_3p5_spherical_01,self_a_034,V3_CONSTANT_3P5_REPLAY,constant,3.5,0.0,3.0,True,False,,0.758207287394317,1.289417795603269,0.7039034471916158,10.399669646574289,17.319615549846546,0.7676354212893993,16.87527493424382,27.13353320853182,2.1511520742886203,2.1511521016455215,0.3070539419087137,0.6431535269709544,5.511072996682675,0.4324266688073066,0.8356586339093307,0.2636221677989215,0.4003678479638748,0.2635628223181934,0.40032744111330204,0.004946650670415979,0.010065669500272845,1.5608210262823097,1.9115084079498472,1.5545885475401968,1.9000000000000001,5.235772757979757,11.144469352975351,0.5468974099508025,1.0,2.814197315925128e-16,4.246336675255262e-16,5.378432647642982e-08,8.186219081705453e-08,21.750801337098128,38.45679383260767,19.281199529733577,36.058581558396035,3.2329148707701126e-06,4.098333082147576e-05,92.73858921161826,350.0,0.7012448132780082,0.07385892116182573,0.0,0.6970954356846473,1.0,0.0,0.0,0.0,0.0,0.0,0.0,0.0,0.0,0.0,0.11618257261410789,0.0,0.0,0.0,0.0,0.0,0.7012448132780082,0.3941908713692946,0.26556016597510373,0.0,0.0,0.327822608753659,0.6130089782927529,0.4310547618136898,1.2262314848989666
replay_holdout_constant_3p5_spherical_02,holdout_constant_3p5_spherical_02,full_lqr_048,V3_CONSTANT_3P5_REPLAY,constant,3.5,0.0,3.0,True,False,,0.21359066228219886,0.34061958131062353,0.20214729744331425,0.9501988165922517,2.529873279239506,0.13284987030249895,1.167088908317725,1.5880504414711396,1.462830177034944,2.1394476577550963,0.0,0.016597510373443983,4.4669142960285155,0.0,0.0,0.0,0.0,0.0,0.0,0.0,0.0,0.0,0.0,0.0,0.0,0.0,0.0,0.0,0.0,0.0,0.0,0.0,0.0,0.0,0.0,0.0,0.0,0.0,0.0,0.0,0.0,0.0,0.0,0.0,0.0,1.0,0.0,0.0,0.0,0.0,0.0,0.0,0.0,0.0,0.0,0.0,0.0,0.0,0.0,0.0,0.0,0.0,0.0,0.0,0.0,0.0,0.0,0.0,0.0,0.32144284661896316
replay_holdout_constant_3p5_spherical_02,holdout_constant_3p5_spherical_02,self_a_034,V3_CONSTANT_3P5_REPLAY,constant,3.5,0.0,3.0,True,False,,0.7296794675370177,1.2653205283124545,0.7235240657243283,10.353980282293351,17.793153921394335,0.7689636155195542,17.060022307499555,27.413863146886726,2.161496138682135,2.1614970391720822,0.24066390041493776,0.6016597510373444,5.546078836673326,0.43028625088639283,0.8441305471527415,0.26316845002917344,0.40081145402946694,0.26310919197505916,0.4007681047698264,0.004938019869943653,0.010065669500272845,1.5572833969079316,1.912065062249429,1.5502454455384418,1.9000000000000001,5.200226317418237,11.236441265108093,0.5489532179598174,1.0,2.7783561036589336e-16,4.2922792518775807e-16,5.356723191322986e-08,8.060503800111937e-08,21.813629058312134,38.45679383260767,19.367801792171207,36.058581558396035,3.860422083428729e-06,7.251041718348006e-05,100.51867219917013,450.0,0.6970954356846473,0.07406639004149378,0.0,0.6887966804979253,1.0,0.0,0.0,0.0,0.0,0.0,0.0,0.0,0.0,0.0,0.11618257261410789,0.0,0.0,0.0,0.0,0.0,0.6970954356846473,0.3941908713692946,0.27385892116182575,0.0,0.0,0.327822608753659,0.6130089782927529,0.40562416616695635,1.1714290372243756
replay_holdout_constant_3p5_spherical_03,holdout_constant_3p5_spherical_03,full_lqr_048,V3_CONSTANT_3P5_REPLAY,constant,3.5,0.0,3.0,True,False,,0.19999610680821645,0.3185266096566334,0.20490509162241022,1.4175603242886698,3.0621230463459295,0.13284987030249895,1.5892366529010915,1.4649753609772929,1.052866763799565,1.7916425074165303,0.0,0.03734439834024896,4.383916485067425,0.0,0.0,0.0,0.0,0.0,0.0,0.0,0.0,0.0,0.0,0.0,0.0,0.0,0.0,0.0,0.0,0.0,0.0,0.0,0.0,0.0,0.0,0.0,0.0,0.0,0.0,0.0,0.0,0.0,0.0,0.0,0.0,1.0,0.0,0.0,0.0,0.0,0.0,0.0,0.0,0.0,0.0,0.0,0.0,0.0,0.0,0.0,0.0,0.0,0.0,0.0,0.0,0.0,0.0,0.0,0.0,0.2244842519792515
replay_holdout_constant_3p5_spherical_03,holdout_constant_3p5_spherical_03,self_a_034,V3_CONSTANT_3P5_REPLAY,constant,3.5,0.0,3.0,True,False,,0.69980790554375,1.150800929513261,0.7709146158934467,10.362451455030907,17.306470546793552,0.761279699464528,16.88413957500181,27.31254580904569,2.1559101760067727,2.1559101760067727,0.21991701244813278,0.6141078838174274,5.397606629662671,0.43090278372858487,0.8339079268419556,0.2632602449346923,0.40043736591305185,0.26320076266231623,0.4004113343373637,0.004944884588405553,0.010065669500272845,1.5586870671043531,1.9111294335560014,1.5521745791030601,1.9000000000000001,5.206620124673392,11.304133674946765,0.5494062176801001,1.0,2.8057976651320424e-16,4.716227365918482e-16,5.3642251932492486e-08,8.129061699608367e-08,21.816759883294317,38.45679383260767,19.353203595576677,36.058581558396035,3.997926356052948e-06,7.15992310986735e-05,102.28215767634855,450.0,0.6970954356846473,0.07323651452282158,0.0,0.6970954356846473,1.0,0.0,0.0,0.0,0.0,0.0,0.0,0.0,0.0,0.0,0.12033195020746888,0.0,0.0,0.0,0.0,0.0,0.6970954356846473,0.38589211618257263,0.26141078838174275,0.0,0.0,0.327822608753659,0.6130089782927529,0.39953795575597056,1.0531840702479243
replay_holdout_constant_3p5_spherical_04,holdout_constant_3p5_spherical_04,full_lqr_048,V3_CONSTANT_3P5_REPLAY,constant,3.5,0.0,3.0,True,False,,0.20699388936731378,0.28997289220043804,0.20393246720601585,1.1504321313622594,2.529873279239506,0.13284987030249895,1.167088908317725,1.809912163710952,1.2712448022506506,1.9880936311240325,0.0,0.029045643153526972,4.343568276411581,0.0,0.0,0.0,0.0,0.0,0.0,0.0,0.0,0.0,0.0,0.0,0.0,0.0,0.0,0.0,0.0,0.0,0.0,0.0,0.0,0.0,0.0,0.0,0.0,0.0,0.0,0.0,0.0,0.0,0.0,0.0,0.0,1.0,0.0,0.0,0.0,0.0,0.0,0.0,0.0,0.0,0.0,0.0,0.0,0.0,0.0,0.0,0.0,0.0,0.0,0.0,0.0,0.0,0.0,0.0,0.0,0.21539786532570374
replay_holdout_constant_3p5_spherical_04,holdout_constant_3p5_spherical_04,self_a_034,V3_CONSTANT_3P5_REPLAY,constant,3.5,0.0,3.0,True,False,,0.6634511665315024,1.1418076436903382,0.6530116258954669,10.185589030344566,17.163000469232745,0.7565417826039915,16.732514023437172,27.291415510650275,2.1519040073399394,2.151904621624401,0.3070539419087137,0.6473029045643154,5.455198890968404,0.42728423670802385,0.8288411349381251,0.2618660940032965,0.40040988099885483,0.26180715681298605,0.40037120286214495,0.00490025812931302,0.010065669500272845,1.5553931283016178,1.912484608464723,1.5491095363322542,1.9000000000000001,5.172553887539294,11.223385115433182,0.5513689383856953,1.0,2.8082831103268137e-16,4.350657853565461e-16,5.3644475503792125e-08,8.174944701132169e-08,21.612536737905895,38.45679383260767,19.128768158973166,36.058581558396035,3.957030972932928e-06,0.00011409358716463203,99.1701244813278,400.0,0.6929460580912863,0.07365145228215768,0.0,0.6846473029045643,1.0,0.0,0.0,0.0,0.0,0.0,0.0,0.0,0.0,0.0,0.12033195020746888,0.0,0.0,0.0,0.0,0.0,0.6929460580912863,0.3941908713692946,0.26556016597510373,0.0,0.0,0.327822608753659,0.6130089782927529,0.4228346665661363,1.1269144285805464
replay_holdout_constant_3p5_spherical_05,holdout_constant_3p5_spherical_05,full_lqr_048,V3_CONSTANT_3P5_REPLAY,constant,3.5,0.0,3.0,True,False,,0.20870870654621915,0.3238565485789483,0.20231563378591447,0.9573309781512515,2.529873279239506,0.13284987030249895,1.167088908317725,1.4407083644993464,1.2578933074027787,2.0602085754431987,0.0,0.03319502074688797,4.419872147893267,0.0,0.0,0.0,0.0,0.0,0.0,0.0,0.0,0.0,0.0,0.0,0.0,0.0,0.0,0.0,0.0,0.0,0.0,0.0,0.0,0.0,0.0,0.0,0.0,0.0,0.0,0.0,0.0,0.0,0.0,0.0,0.0,1.0,0.0,0.0,0.0,0.0,0.0,0.0,0.0,0.0,0.0,0.0,0.0,0.0,0.0,0.0,0.0,0.0,0.0,0.0,0.0,0.0,0.0,0.0,0.0,0.324121973235109
replay_holdout_constant_3p5_spherical_05,holdout_constant_3p5_spherical_05,self_a_034,V3_CONSTANT_3P5_REPLAY,constant,3.5,0.0,3.0,True,False,,0.6775795147736462,1.234725337525025,0.632103386195083,10.140789444691876,17.02004679016814,0.752001672975336,16.618760704067117,27.458829317715253,2.240247093892863,2.240247466178445,0.29045643153526973,0.6099585062240664,5.5788277513266005,0.42531830039872376,0.8212631353195713,0.2615380470490911,0.40069214158023914,0.26147884030345275,0.4006655456982951,0.0049052622753014636,0.010065669500272845,1.551734761670396,1.914189988550689,1.5451309452985391,1.9000000000000001,5.133848360032685,11.273982340997412,0.5543665684076758,1.0,2.822045775449404e-16,4.2332678552491737e-16,5.349136721450141e-08,8.12752696251531e-08,21.58522927727909,38.45679383260767,19.11609327933404,36.058581558396035,5.02260573140975e-06,5.537308737579849e-05,94.91701244813278,375.0,0.6970954356846473,0.07344398340248963,0.0,0.6846473029045643,1.0,0.0,0.0,0.0,0.0,0.0,0.0,0.0,0.0,0.0,0.12033195020746888,0.0,0.0,0.0,0.0,0.0,0.6970954356846473,0.3900414937759336,0.26141078838174275,0.0,0.0,0.327822608753659,0.6130089782927529,0.39982082364502014,1.143599943405867
replay_holdout_constant_3p5_spherical_06,holdout_constant_3p5_spherical_06,full_lqr_048,V3_CONSTANT_3P5_REPLAY,constant,3.5,0.0,3.0,True,False,,0.22179512494166148,0.3990441929625962,0.20187967531501655,0.9788940912615214,2.529873279239506,0.13284987030249895,1.6122807067329934,1.7353932435875707,1.830532596037367,2.7007797562698124,0.0,0.03734439834024896,4.583381698578522,0.0,0.0,0.0,0.0,0.0,0.0,0.0,0.0,0.0,0.0,0.0,0.0,0.0,0.0,0.0,0.0,0.0,0.0,0.0,0.0,0.0,0.0,0.0,0.0,0.0,0.0,0.0,0.0,0.0,0.0,0.0,0.0,1.0,0.0,0.0,0.0,0.0,0.0,0.0,0.0,0.0,0.0,0.0,0.0,0.0,0.0,0.0,0.0,0.0,0.0,0.0,0.0,0.0,0.0,0.0,0.0,0.3996997035781149
replay_holdout_constant_3p5_spherical_06,holdout_constant_3p5_spherical_06,self_a_034,V3_CONSTANT_3P5_REPLAY,constant,3.5,0.0,3.0,True,False,,0.7329583208202278,1.3178871516674875,0.6710940569464781,10.347904670209893,17.584860712113187,0.7693457561137935,16.99129476334005,27.50695359631402,2.227764105372848,2.227764105372848,0.2946058091286307,0.6390041493775933,5.569462697188518,0.42995542422234967,0.8399679909556166,0.263140033205961,0.40065314116219103,0.2630806491562226,0.4006157613887761,0.004942280484900226,0.010065669500272845,1.5564125890409903,1.912500831454277,1.5494070480838509,1.9000000000000001,5.192099618049424,11.221673724671692,0.549797471008211,1.0,2.8182038871372117e-16,4.2018624304043526e-16,5.355251230354112e-08,8.073691706710753e-08,21.729691984414682,38.45679383260767,19.276489819768596,36.058581558396035,2.7707760485901594e-06,2.8204337107595734e-05,99.89626556016597,400.0,0.7012448132780082,0.07406639004149378,0.0,0.6929460580912863,1.0,0.0,0.0,0.0,0.0,0.0,0.0,0.0,0.0,0.0,0.12033195020746888,0.0,0.0,0.0,0.0,0.0,0.7012448132780082,0.3900414937759336,0.2697095435684647,0.0,0.0,0.327822608753659,0.6130089782927529,0.40141543230259924,1.199258533002337
replay_holdout_constant_3p5_spherical_07,holdout_constant_3p5_spherical_07,full_lqr_048,V3_CONSTANT_3P5_REPLAY,constant,3.5,0.0,3.0,True,False,,0.202515346204937,0.28997289220043804,0.203966300202144,1.2030386153677832,2.529873279239506,0.13284987030249895,1.167088908317725,1.5976917954251264,1.2864564758576496,2.406212457822104,0.012448132780082987,0.04979253112033195,4.343568276411581,0.0,0.0,0.0,0.0,0.0,0.0,0.0,0.0,0.0,0.0,0.0,0.0,0.0,0.0,0.0,0.0,0.0,0.0,0.0,0.0,0.0,0.0,0.0,0.0,0.0,0.0,0.0,0.0,0.0,0.0,0.0,0.0,1.0,0.0,0.0,0.0,0.0,0.0,0.0,0.0,0.0,0.0,0.0,0.0,0.0,0.0,0.0,0.0,0.0,0.0,0.0,0.0,0.0,0.0,0.0,0.0,0.3595869597198977
replay_holdout_constant_3p5_spherical_07,holdout_constant_3p5_spherical_07,self_a_034,V3_CONSTANT_3P5_REPLAY,constant,3.5,0.0,3.0,True,False,,0.6478251049124721,1.114707917175469,0.691498897344852,9.983110383441453,16.98665505339625,0.7426588863859296,16.578919106334187,27.70703333194146,2.4270060020758293,2.427006048517145,0.29045643153526973,0.6390041493775933,5.525974698255233,0.4209976616931935,0.8266617439421973,0.2597571738216687,0.40035406188913925,0.25969827506444554,0.40031725764560333,0.00486854542549033,0.010065669500272845,1.5458661139376866,1.9148053427766603,1.538858693431602,1.9000000000000001,5.073196926014874,11.007445697728027,0.5595966739198293,1.0,2.7908754401963055e-16,4.4408789841545175e-16,5.33974489286219e-08,8.205477156348367e-08,21.58221253993567,38.45679383260767,19.108183529216245,36.058581558396035,4.7835005618961836e-06,0.00012332376284973634,96.05809128630706,425.0,0.6887966804979253,0.07157676348547717,0.0,0.6721991701244814,1.0,0.0,0.0,0.0,0.0,0.0,0.0,0.0,0.0,0.0,0.11203319502074689,0.0,0.0,0.0,0.0,0.0,0.6887966804979253,0.3775933609958506,0.25311203319502074,0.0,0.0,0.327822608753659,0.6130089782927529,0.39184677367947474,1.049433307903166
replay_holdout_constant_3p5_spherical_08,holdout_constant_3p5_spherical_08,full_lqr_048,V3_CONSTANT_3P5_REPLAY,constant,3.5,0.0,3.0,True,False,,0.20627459866852219,0.3661335677908604,0.2068722558540387,1.7447139986435762,4.057144700362724,0.17098735411340582,2.6118215435219114,1.6957058532465243,1.2756215775318207,2.309104227357613,0.008298755186721992,0.06639004149377593,4.448211094269067,0.0,0.0,0.0,0.0,0.0,0.0,0.0,0.0,0.0,0.0,0.0,0.0,0.0,0.0,0.0,0.0,0.0,0.0,0.0,0.0,0.0,0.0,0.0,0.0,0.0,0.0,0.0,0.0,0.0,0.0,0.0,0.0,1.0,0.0,0.0,0.0,0.0,0.0,0.0,0.0,0.0,0.0,0.0,0.0,0.0,0.0,0.0,0.0,0.0,0.0,0.0,0.0,0.0,0.0,0.0,0.0,0.34970563071630195
replay_holdout_constant_3p5_spherical_08,holdout_constant_3p5_spherical_08,self_a_034,V3_CONSTANT_3P5_REPLAY,constant,3.5,0.0,3.0,True,False,,0.7034241157768192,1.1845671954715555,0.785216427747748,10.60881010759692,18.619369156951173,0.7897898452311393,17.506072744433673,27.106731491425037,2.163929430037176,2.163929430037373,0.23651452282157676,0.5975103734439834,5.433747497542449,0.4370242697478725,0.8601596563485318,0.26484653452033724,0.40201825687884407,0.2647870930837886,0.4019906117942717,0.0049733945050029794,0.010065669500272845,1.5641366996258945,1.9185059406550984,1.557194952941399,1.9000000000000001,5.288517653944565,11.341733402499827,0.5436457355778186,1.0,2.802607768880564e-16,4.422614802782391e-16,5.373644088204996e-08,8.239547582409526e-08,21.919620175540764,38.45679383260767,19.462976637825033,36.058581558396035,5.197459873871845e-06,0.00013475646491301063,97.9253112033195,475.0,0.7012448132780082,0.07531120331950207,0.0,0.7012448132780082,1.0,0.0,0.0,0.0,0.0,0.0,0.0,0.0,0.0,0.0,0.14107883817427386,0.0,0.0,0.0,0.0,0.0,0.7012448132780082,0.3941908713692946,0.2697095435684647,0.0,0.0,0.327822608753659,0.6130089782927529,0.414051758218676,1.0651977619275017
replay_holdout_constant_3p5_spherical_09,holdout_constant_3p5_spherical_09,full_lqr_048,V3_CONSTANT_3P5_REPLAY,constant,3.5,0.0,3.0,True,False,,0.22819389116235664,0.427940251693197,0.2008408918448211,1.105743229610817,2.529873279239506,0.16337605866011937,2.2461765652382297,1.667030700056092,1.5649456941441888,2.76527649299643,0.016597510373443983,0.05394190871369295,4.776454554099172,0.0,0.0,0.0,0.0,0.0,0.0,0.0,0.0,0.0,0.0,0.0,0.0,0.0,0.0,0.0,0.0,0.0,0.0,0.0,0.0,0.0,0.0,0.0,0.0,0.0,0.0,0.0,0.0,0.0,0.0,0.0,0.0,1.0,0.0,0.0,0.0,0.0,0.0,0.0,0.0,0.0,0.0,0.0,0.0,0.0,0.0,0.0,0.0,0.0,0.0,0.0,0.0,0.0,0.0,0.0,0.0,0.45220185962008275
replay_holdout_constant_3p5_spherical_09,holdout_constant_3p5_spherical_09,self_a_034,V3_CONSTANT_3P5_REPLAY,constant,3.5,0.0,3.0,True,False,,0.7671535046797918,1.3738413785912302,0.6938136988184542,10.344099861607836,17.733768250515507,0.7660151841483406,17.02938619562095,27.23852892642334,2.1556670059273384,2.1556670059273384,0.29045643153526973,0.6058091286307054,5.586246844977342,0.43014116824058674,0.8425903696552011,0.26316778051843953,0.4007703951686596,0.26310848604126047,0.400727488209038,0.004939113097151881,0.010065669500272845,1.5575140169512691,1.9112391248598255,1.5507371313259213,1.9000000000000001,5.197002010623965,11.189645648921674,0.5490873275390042,1.0,2.7987874626165163e-16,4.195576816486424e-16,5.360080466662336e-08,8.16698919505778e-08,21.800861144905628,38.45679383260767,19.349121265079283,36.058581558396035,4.500528449781407e-06,5.5087970579847934e-05,101.86721991701245,450.0,0.6970954356846473,0.07323651452282158,0.0,0.6929460580912863,1.0,0.0,0.0,0.0,0.0,0.0,0.0,0.0,0.0,0.0,0.1078838174273859,0.0,0.0,0.0,0.0,0.0,0.6970954356846473,0.3900414937759336,0.2697095435684647,0.0,0.0,0.327822608753659,0.6130089782927529,0.4089302863330767,1.2469145500439132
replay_holdout_constant_3p5_spherical_10,holdout_constant_3p5_spherical_10,full_lqr_048,V3_CONSTANT_3P5_REPLAY,constant,3.5,0.0,3.0,True,False,,0.2096197319878778,0.31559890483371544,0.2049859546578204,1.394197271592002,2.9881313107073035,0.13284987030249895,1.5348673681069462,2.0980974782848105,1.3456946980811808,2.4661622826197083,0.004149377593360996,0.04564315352697095,4.383055439748451,0.0,0.0,0.0,0.0,0.0,0.0,0.0,0.0,0.0,0.0,0.0,0.0,0.0,0.0,0.0,0.0,0.0,0.0,0.0,0.0,0.0,0.0,0.0,0.0,0.0,0.0,0.0,0.0,0.0,0.0,0.0,0.0,1.0,0.0,0.0,0.0,0.0,0.0,0.0,0.0,0.0,0.0,0.0,0.0,0.0,0.0,0.0,0.0,0.0,0.0,0.0,0.0,0.0,0.0,0.0,0.0,0.26128698248160925
replay_holdout_constant_3p5_spherical_10,holdout_constant_3p5_spherical_10,self_a_034,V3_CONSTANT_3P5_REPLAY,constant,3.5,0.0,3.0,True,False,,0.708418454507763,1.1575977364655172,0.7763330158217121,10.366768387204024,17.28685827552867,0.761679256962041,16.87177402103094,27.539394763435517,2.198621713222293,2.198621717180755,0.2863070539419087,0.6348547717842323,5.398989344222035,0.4311212175910062,0.8340462866361643,0.2632996292176538,0.40028354478011946,0.2632401774582892,0.4002437781162783,0.004943395292782095,0.010065669500272845,1.5591508657480084,1.91112010320372,1.5525613187964058,1.9000000000000001,5.210774565312071,11.273624753195111,0.548960557805747,1.0,2.7969353293714685e-16,4.297771495661607e-16,5.366353576352644e-08,8.128046134240255e-08,21.826141897806494,38.45679383260767,19.362114070477567,36.058581558396035,3.1572630360158607e-06,3.875191892888097e-05,91.18257261410788,350.0,0.6970954356846473,0.07323651452282158,0.0,0.6970954356846473,1.0,0.0,0.0,0.0,0.0,0.0,0.0,0.0,0.0,0.0,0.12033195020746888,0.0,0.0,0.0,0.0,0.0,0.6970954356846473,0.38589211618257263,0.26141078838174275,0.0,0.0,0.327822608753659,0.6130089782927529,0.4038389574223843,1.0739071037621564
replay_holdout_constant_3p5_spherical_11,holdout_constant_3p5_spherical_11,full_lqr_048,V3_CONSTANT_3P5_REPLAY,constant,3.5,0.0,3.0,True,False,,0.22141227570617045,0.4058383358030224,0.2016500004543091,0.9967413425260994,2.529873279239506,0.13284987030249895,1.758706826738874,1.5839451305165266,1.6483552929716094,2.6912875664714893,0.004149377593360996,0.04149377593360996,4.625234922302165,0.0,0.0,0.0,0.0,0.0,0.0,0.0,0.0,0.0,0.0,0.0,0.0,0.0,0.0,0.0,0.0,0.0,0.0,0.0,0.0,0.0,0.0,0.0,0.0,0.0,0.0,0.0,0.0,0.0,0.0,0.0,0.0,1.0,0.0,0.0,0.0,0.0,0.0,0.0,0.0,0.0,0.0,0.0,0.0,0.0,0.0,0.0,0.0,0.0,0.0,0.0,0.0,0.0,0.0,0.0,0.0,0.4115413689825966
replay_holdout_constant_3p5_spherical_11,holdout_constant_3p5_spherical_11,self_a_034,V3_CONSTANT_3P5_REPLAY,constant,3.5,0.0,3.0,True,False,,0.7383480493146668,1.3274675027775866,0.6798133902059333,10.347598433830768,17.62409566934646,0.7697758886414798,17.008850807633447,27.45569700036181,2.2400181211222736,2.2400181211222736,0.29045643153526973,0.6348547717842323,5.579631491840999,0.42984061061380435,0.8406695284957423,0.2631248939769137,0.4006795938888591,0.2630654917830259,0.40064269694861127,0.004942429447731009,0.010065669500272845,1.5560419486898187,1.910872103425949,1.548986901181398,1.9000000000000001,5.1902570429086925,11.23029542169421,0.5500119545792579,1.0,2.8062609251081124e-16,4.4036156391506065e-16,5.3534059094671037e-08,8.061085668052923e-08,21.741687432281996,38.45679383260767,19.291108939743413,36.058581558396035,3.6377499057155857e-06,4.288930629314791e-05,91.70124481327801,375.0,0.7012448132780082,0.07406639004149378,0.0,0.6887966804979253,1.0,0.0,0.0,0.0,0.0,0.0,0.0,0.0,0.0,0.0,0.12033195020746888,0.0,0.0,0.0,0.0,0.0,0.7012448132780082,0.3900414937759336,0.2697095435684647,0.0,0.0,0.327822608753659,0.6130089782927529,0.39965968319932615,1.2027081459869418
matched_calm,V4_R0_TIMING_DIAGNOSTIC,full_lqr_048,MATCHED_CALM,calm,0.0,0.0,3.0,True,True,6.395,0.06385712378356415,0.18000000000000002,0.030385292887784757,0.7765509414675952,1.7808659423479436,0.126013632576928,1.3557189667104133,0.3691147435134527,1.2354298790999068,1.970987504905631,0.0,0.04149377593360996,0.0040579110158051185,0.0,0.0,0.0,0.0,0.0,0.0,0.0,0.0,0.0,0.0,0.0,0.0,0.0,0.0,0.0,0.0,0.0,0.0,0.0,0.0,0.0,0.0,0.0,0.0,0.0,0.0,0.0,0.0,0.0,0.0,0.0,0.0,1.0,0.0,0.0,0.0,0.0,0.0,0.0,0.0,0.0,0.0,0.0,0.0,0.0,0.0,0.0,0.0,0.0,0.0,0.0,0.0,0.0,0.0,0.0,0.0,0.2677670359098171
matched_calm,V4_R0_TIMING_DIAGNOSTIC,self_a_034,MATCHED_CALM,calm,0.0,0.0,3.0,True,True,1.9900000000000002,0.055647029775933214,0.17999999999999997,0.0010014709382251538,0.2718006384825013,1.1755155387395422,0.08421177547595192,0.8289960519962836,0.24755998680757638,0.9313512403200978,0.9313512403200978,0.0,0.008298755186721992,0.001568524551180774,0.00858861235611856,0.10271741334538506,0.006454809342908632,0.07125231994967196,0.006447696266974757,0.0711744534116816,0.00030185807782890154,0.0033302071645452814,0.005949589378593636,0.06352870940868335,0.0058764605838794014,0.06333305473782935,0.0058764605838794014,0.06333305473782935,1.0,1.0,8.06663577718416e-18,8.718466771708162e-17,9.531423256432225e-11,1.0833804369170843e-09,0.07603301373243775,1.9759999681568188,0.03270820051134137,1.5827374623497443,2.2280015313160088e-08,5.369483690453869e-06,25.311203319502074,75.0,0.0,0.0,0.0,0.0,1.0,0.0,0.0,0.0,0.0,0.0,0.0,0.0,0.0,0.0,0.0,0.0,0.0,0.0,0.0,0.0,0.0,0.0,0.0,0.0,0.0,1.6601543346449856e-16,0.01986929923189181,0.04959632558466025,0.24824909110759183
matched_constant_2p0,V4_R0_TIMING_DIAGNOSTIC,full_lqr_048,MATCHED_CONSTANT_2P0,constant,2.0,0.0,3.0,True,True,7.17,0.08380244683441035,0.15873341508945066,0.06696139800932498,0.9113785873109697,2.135556973354915,0.11911925899564567,1.4068708650847814,0.474416146543906,1.1756908975345621,1.9129034843654478,0.0,0.04149377593360996,1.403490893812124,0.0,0.0,0.0,0.0,0.0,0.0,0.0,0.0,0.0,0.0,0.0,0.0,0.0,0.0,0.0,0.0,0.0,0.0,0.0,0.0,0.0,0.0,0.0,0.0,0.0,0.0,0.0,0.0,0.0,0.0,0.0,0.0,1.0,0.0,0.0,0.0,0.0,0.0,0.0,0.0,0.0,0.0,0.0,0.0,0.0,0.0,0.0,0.0,0.0,0.0,0.0,0.0,0.0,0.0,0.0,0.0,0.24833368642698714
matched_constant_2p0,V4_R0_TIMING_DIAGNOSTIC,self_a_034,MATCHED_CONSTANT_2P0,constant,2.0,0.0,3.0,True,True,1.96,0.05843263261270715,0.18216124317946114,0.0014408843032425941,0.40130473517711657,1.0025387043880787,0.07703962422200797,0.8227655687837787,0.4092011066254625,0.8854111385032776,0.8854111385032776,0.0,0.008298755186721992,1.3668679999590907,0.020938486647727628,0.09636527255742607,0.017900298433712717,0.06383329291721679,0.017891060730694134,0.06376241927933107,0.0004922151984300189,0.003075683605204607,0.07636950407827503,0.13403002596052283,0.07632732467270073,0.13401665531477006,0.07632732467270073,0.13401665531477006,1.0,1.0,1.89193245721486e-17,8.580030086590071e-17,2.1354604782187506e-09,3.1458616037573573e-09,0.11315103940541413,1.970806965831206,0.04756725818650597,1.5852024563801164,2.2498902360781574e-08,5.422235468899306e-06,25.311203319502074,75.0,0.0,0.0,0.0,0.0,1.0,0.0,0.0,0.0,0.0,0.0,0.0,0.0,0.0,0.0,0.0,0.0,0.0,0.0,0.0,0.0,0.0,0.0,0.0,0.0,0.0,0.052322963029760715,0.028146191844775913,0.052363172051996386,0.2532865989080507
matched_ramp_equilibrium,holdout_ramp_wind_equilibrium_hold,full_lqr_048,V3_RAMP_0_TO_3P5_REPLAY,ramp,3.5,0.0,,True,True,0.0,0.1242663694256408,0.21973627276197452,0.19854111622246182,0.457515516176091,1.079057467216151,0.010951411890647886,0.45212132925360904,0.47889806069069396,0.3294820765218943,0.3294820765218943,0.0,0.0,4.251087046595411,0.0,0.0,0.0,0.0,0.0,0.0,0.0,0.0,0.0,0.0,0.0,0.0,0.0,0.0,0.0,0.0,0.0,0.0,0.0,0.0,0.0,0.0,0.0,0.0,0.0,0.0,0.0,0.0,0.0,0.0,0.0,0.0,1.0,0.0,0.0,0.0,0.0,0.0,0.0,0.0,0.0,0.0,0.0,0.0,0.0,0.0,0.0,0.0,0.0,0.0,0.0,0.0,0.0,0.0,0.0,0.0,0.0
matched_ramp_equilibrium,holdout_ramp_wind_equilibrium_hold,self_a_034,V3_RAMP_0_TO_3P5_REPLAY,ramp,3.5,0.0,,True,True,0.0,0.028342467997933524,0.06135563684596497,0.02584900722731307,0.44708566783740256,1.0301480146434148,0.011213385894776561,0.48320553241709513,0.47564611422979086,0.3501383211145033,0.3501383211145033,0.0,0.0,4.288429212161051,0.018780667448996098,0.045376582411332064,0.01839023637588894,0.043189652897503296,0.018389535642719633,0.043181960041013184,0.0001520072749556097,0.0008151346043204189,0.12699781017832532,0.2726917824476259,0.1269968119690673,0.27268453545484866,0.1269968119690673,0.27268453545484866,1.0,1.0,1.6754175138507678e-17,4.137585743055734e-17,3.3202762473227213e-09,7.071239618632765e-09,0.06698311101192839,0.24371049355478394,0.038676722196044795,0.1490744910946459,0.0,0.0,25.0,25.0,0.0,0.0,0.0,0.0,1.0,0.0,0.0,0.0,0.0,0.0,0.0,0.0,0.0,0.0,0.0,0.0,0.0,0.0,0.0,0.0,0.0,0.0,0.0,0.0,0.0,0.0,0.0,0.0,0.0
timing_simultaneous_t3,V4_R0_TIMING_DIAGNOSTIC,full_lqr_048,TIMING_SIMULTANEOUS,constant,3.5,3.0,3.0,True,False,,0.18208017006403557,0.3487928056172166,0.21013260515967408,1.4039379508986785,3.7800031125469036,0.19935850633744526,1.8596379625817878,1.255585201490158,1.1877793936180474,1.970987504905631,0.0,0.04149377593360996,4.427388298545601,0.0,0.0,0.0,0.0,0.0,0.0,0.0,0.0,0.0,0.0,0.0,0.0,0.0,0.0,0.0,0.0,0.0,0.0,0.0,0.0,0.0,0.0,0.0,0.0,0.0,0.0,0.0,0.0,0.0,0.0,0.0,0.0,1.0,0.0,0.0,0.0,0.0,0.0,0.0,0.0,0.0,0.0,0.0,0.0,0.0,0.0,0.0,0.0,0.0,0.0,0.0,0.0,0.0,0.0,0.0,0.0,0.3898088854976829
timing_simultaneous_t3,V4_R0_TIMING_DIAGNOSTIC,self_a_034,TIMING_SIMULTANEOUS,constant,3.5,3.0,3.0,True,False,,0.5074458696352694,1.3539268826668285,0.7654058394572437,8.339843659792484,18.54722362582337,0.7757698137573515,17.30293125452505,19.13677911829828,2.1537116715156817,2.1537116715156817,0.17842323651452283,0.5062240663900415,5.685043368164684,0.29231773798693883,0.8523850353992941,0.18246586421400177,0.4020073171665332,0.18241212532939102,0.4019657216935218,0.0039011614848795235,0.010368477832852632,1.0410038173164864,1.912739411644193,1.036759245497021,1.9000000000000001,3.2800248774507343,11.126860095316529,0.7151102888588761,1.0,1.997671129533257e-16,4.394670672741344e-16,3.604609960455308e-08,8.157436639313633e-08,14.549881986974441,37.66774410267811,12.848438604835206,34.15582040630939,2.7746843178353397e-06,6.731020196326654e-05,70.850622406639,350.0,0.48132780082987553,0.04688796680497925,0.0,0.44813278008298757,1.0,0.0,0.0,0.0,0.0,0.0,0.0,0.0,0.0,0.0,0.06639004149377593,0.0,0.0,0.0,0.0,0.0,0.48132780082987553,0.24066390041493776,0.14937759336099585,0.0,0.0,1.6601543346449856e-16,0.11159076283205625,0.1651467754346273,0.4024839479352776
timing_post_target_t4,V4_R0_TIMING_DIAGNOSTIC,full_lqr_048,TIMING_POST_TARGET,constant,3.5,4.0,1.0,True,False,,0.16932311017435045,0.29050655290883803,0.19469749025324654,1.0916125186267445,2.490911513199583,0.18066167352285828,1.3939098488260002,1.1204322695914417,1.2354298790999068,1.970987504905631,0.0,0.04149377593360996,4.344669112181547,0.0,0.0,0.0,0.0,0.0,0.0,0.0,0.0,0.0,0.0,0.0,0.0,0.0,0.0,0.0,0.0,0.0,0.0,0.0,0.0,0.0,0.0,0.0,0.0,0.0,0.0,0.0,0.0,0.0,0.0,0.0,0.0,1.0,0.0,0.0,0.0,0.0,0.0,0.0,0.0,0.0,0.0,0.0,0.0,0.0,0.0,0.0,0.0,0.0,0.0,0.0,0.0,0.0,0.0,0.0,0.0,0.2677670359098171
timing_post_target_t4,V4_R0_TIMING_DIAGNOSTIC,self_a_034,TIMING_POST_TARGET,constant,3.5,4.0,1.0,True,True,1.9900000000000002,0.5939911355242795,1.231700496760956,0.7668396821866668,7.545305319623209,16.8915533488184,0.7678946374198964,16.534041362261217,17.160714697629203,2.15225511161519,2.1522551209720406,0.15352697095435686,0.45228215767634855,5.408521500531877,0.2804634754272569,0.821017275508685,0.17311206760397876,0.40036900956995225,0.1730649272040414,0.4003330495846503,0.0034950154660480168,0.010144527044277048,0.9893270424305103,1.9102728387222756,0.9853130597905482,1.9000000000000001,3.1655314235435554,11.17956784045997,0.7262232831214765,1.0,1.8968730993960922e-16,4.159439416215992e-16,3.369769121942984e-08,7.996674530294868e-08,13.6984256396813,38.35455603791795,12.11867520838477,35.87999030869039,2.1663033699927554e-06,3.163010525097931e-05,72.19917012448133,375.0,0.44813278008298757,0.045020746887966805,0.0,0.42738589211618255,1.0,0.0,0.0,0.0,0.0,0.0,0.0,0.0,0.0,0.0,0.058091286307053944,0.0,0.0,0.0,0.0,0.0,0.44813278008298757,0.23651452282157676,0.15767634854771784,0.0,0.0,1.0763059484009279e-16,0.01986929923189179,0.04959632558466033,0.2482490911075916
strong_wind_equilibrium_no_step,V4_R0_TIMING_DIAGNOSTIC,full_lqr_048,STRONG_WIND_NO_REFERENCE_STEP,constant,3.5,0.0,,True,False,,0.19926360800930673,0.28997289220043804,0.2030874857524574,1.0377143015055463,2.529873279239506,0.13284987030249895,1.167088908317725,1.110930503282646,0.5505782898949741,0.5505782898949741,0.0,0.0,4.343568276411581,0.0,0.0,0.0,0.0,0.0,0.0,0.0,0.0,0.0,0.0,0.0,0.0,0.0,0.0,0.0,0.0,0.0,0.0,0.0,0.0,0.0,0.0,0.0,0.0,0.0,0.0,0.0,0.0,0.0,0.0,0.0,0.0,1.0,0.0,0.0,0.0,0.0,0.0,0.0,0.0,0.0,0.0,0.0,0.0,0.0,0.0,0.0,0.0,0.0,0.0,0.0,0.0,0.0,0.0,0.0,0.0,0.0
strong_wind_equilibrium_no_step,V4_R0_TIMING_DIAGNOSTIC,self_a_034,STRONG_WIND_NO_REFERENCE_STEP,constant,3.5,0.0,,True,False,,0.6888948476837699,1.1748157552999883,0.694049478356869,10.211431801984972,17.122921103687688,0.7567205794098432,16.71087599731047,27.02598536598328,2.1512848585839133,2.1512848585839133,0.2863070539419087,0.6141078838174274,5.483917873082552,0.42803890824404833,0.8261328778561574,0.26212024856570487,0.40039936603998644,0.26206123626287453,0.4003611466706069,0.004907686742815094,0.010065669500272845,1.556554825890496,1.9121323193313229,1.549997840563009,1.9000000000000001,5.180543208800939,11.22613746619952,0.5512785536935955,1.0,2.8130510505914556e-16,4.282834277585691e-16,5.364332311222193e-08,8.271921135896053e-08,21.730224114329438,38.45679383260767,19.25460557765666,36.058581558396035,3.3534361073587584e-06,8.841387793623312e-05,95.64315352697095,425.0,0.6929460580912863,0.07344398340248963,0.0,0.6929460580912863,1.0,0.0,0.0,0.0,0.0,0.0,0.0,0.0,0.0,0.0,0.11618257261410789,0.0,0.0,0.0,0.0,0.0,0.6929460580912863,0.3900414937759336,0.2697095435684647,0.0,0.0,0.0,0.0,0.0,0.0
