candidate_id,sample_count,safe_sample_count,task_success_count,safety_rate,success_rate,acquisition_median_s,position_rmse_3d_m,orientation_rmse_deg,ramp_peak_position_error_m,ramp_steady_state_position_error_m,total_acceleration_effort,parameters
pid_x_00,4,4,0,1.0,0.0,,1.0776034851626486,13.469622095243237,1.6798740684873466,1.8272486192437283,20.71370173590575,"{'candidate_id': 'pid_x_00', 'kp': [0.4, 0.0, 0.0], 'kd': [2.0, 0.0, 0.0], 'ki': [0.0, 0.0, 0.0], 'screen_axis': 'x'}"
pid_x_01,4,4,0,1.0,0.0,,1.083636487803545,14.0086158358319,1.7843945322974513,1.7915063065390486,20.681347308844007,"{'candidate_id': 'pid_x_01', 'kp': [0.4, 0.0, 0.0], 'kd': [2.0, 0.0, 0.0], 'ki': [0.1, 0.0, 0.0], 'screen_axis': 'x'}"
pid_x_02,4,3,0,0.75,0.0,,2.2360014708632905,18.823964638983547,4.0230204407324734,4.179214756388521,25.4672108451584,"{'candidate_id': 'pid_x_02', 'kp': [0.4, 0.0, 0.0], 'kd': [4.0, 0.0, 0.0], 'ki': [0.0, 0.0, 0.0], 'screen_axis': 'x'}"
pid_x_03,4,4,0,1.0,0.0,,2.154208202761479,16.19208272924081,4.0276540367403495,4.352436119792,24.939846642347113,"{'candidate_id': 'pid_x_03', 'kp': [0.4, 0.0, 0.0], 'kd': [4.0, 0.0, 0.0], 'ki': [0.1, 0.0, 0.0], 'screen_axis': 'x'}"
pid_x_04,4,4,0,1.0,0.0,,2.7800163671223324,18.572451838930483,4.818942520926264,5.723593624918987,28.08218232147251,"{'candidate_id': 'pid_x_04', 'kp': [0.4, 0.0, 0.0], 'kd': [6.0, 0.0, 0.0], 'ki': [0.0, 0.0, 0.0], 'screen_axis': 'x'}"
pid_x_05,4,4,0,1.0,0.0,,2.8040912060542857,17.884043388113035,4.847656502000157,5.632999063368976,27.592288490325203,"{'candidate_id': 'pid_x_05', 'kp': [0.4, 0.0, 0.0], 'kd': [6.0, 0.0, 0.0], 'ki': [0.1, 0.0, 0.0], 'screen_axis': 'x'}"
pid_x_06,4,2,0,0.5,0.0,,1.440768575796088,16.20996265862295,2.010971177321878,2.4664411605342837,22.533419991181653,"{'candidate_id': 'pid_x_06', 'kp': [0.8, 0.0, 0.0], 'kd': [2.0, 0.0, 0.0], 'ki': [0.0, 0.0, 0.0], 'screen_axis': 'x'}"
pid_x_07,4,2,0,0.5,0.0,,1.391042726098748,16.141732730012468,2.108657716421658,2.4083153141509595,22.633527835918745,"{'candidate_id': 'pid_x_07', 'kp': [0.8, 0.0, 0.0], 'kd': [2.0, 0.0, 0.0], 'ki': [0.1, 0.0, 0.0], 'screen_axis': 'x'}"
pid_x_08,4,4,0,1.0,0.0,,2.1966541374237583,16.52586237243304,4.244264725064987,3.69132348991208,26.566076179917864,"{'candidate_id': 'pid_x_08', 'kp': [0.8, 0.0, 0.0], 'kd': [4.0, 0.0, 0.0], 'ki': [0.0, 0.0, 0.0], 'screen_axis': 'x'}"
pid_x_09,4,4,0,1.0,0.0,,2.2211453341533174,16.99054976152167,4.2569399608914,3.5534459249054184,26.690379117149796,"{'candidate_id': 'pid_x_09', 'kp': [0.8, 0.0, 0.0], 'kd': [4.0, 0.0, 0.0], 'ki': [0.1, 0.0, 0.0], 'screen_axis': 'x'}"
pid_x_10,4,4,0,1.0,0.0,,2.7117855529975317,19.129803579120022,4.936397637155887,4.477676871083894,28.144953979942997,"{'candidate_id': 'pid_x_10', 'kp': [0.8, 0.0, 0.0], 'kd': [6.0, 0.0, 0.0], 'ki': [0.0, 0.0, 0.0], 'screen_axis': 'x'}"
pid_x_11,4,4,0,1.0,0.0,,2.651950132497667,19.244780486621245,4.905961983043337,4.411382984219372,27.98666195543071,"{'candidate_id': 'pid_x_11', 'kp': [0.8, 0.0, 0.0], 'kd': [6.0, 0.0, 0.0], 'ki': [0.1, 0.0, 0.0], 'screen_axis': 'x'}"
pid_x_12,4,4,0,1.0,0.0,,1.984245684083003,17.756854795034336,3.9631627492186365,3.074094084509685,26.964622859221887,"{'candidate_id': 'pid_x_12', 'kp': [1.6, 0.0, 0.0], 'kd': [2.0, 0.0, 0.0], 'ki': [0.0, 0.0, 0.0], 'screen_axis': 'x'}"
pid_x_13,4,4,0,1.0,0.0,,1.9524691431482253,17.525369484162997,3.913912853261408,3.093403654298353,26.90525050515031,"{'candidate_id': 'pid_x_13', 'kp': [1.6, 0.0, 0.0], 'kd': [2.0, 0.0, 0.0], 'ki': [0.1, 0.0, 0.0], 'screen_axis': 'x'}"
pid_x_14,4,4,0,1.0,0.0,,2.1803849480028763,20.432016145517014,4.736045016115338,2.639568538385419,29.8306262743326,"{'candidate_id': 'pid_x_14', 'kp': [1.6, 0.0, 0.0], 'kd': [4.0, 0.0, 0.0], 'ki': [0.0, 0.0, 0.0], 'screen_axis': 'x'}"
pid_x_15,4,4,0,1.0,0.0,,2.176149984456525,20.123176512487895,4.7923632699482095,2.654343336614007,30.007670541482952,"{'candidate_id': 'pid_x_15', 'kp': [1.6, 0.0, 0.0], 'kd': [4.0, 0.0, 0.0], 'ki': [0.1, 0.0, 0.0], 'screen_axis': 'x'}"
pid_x_16,4,4,0,1.0,0.0,,2.2385671314673754,19.28310196754689,5.16304458092082,2.3489669771141553,30.605995022553294,"{'candidate_id': 'pid_x_16', 'kp': [1.6, 0.0, 0.0], 'kd': [6.0, 0.0, 0.0], 'ki': [0.0, 0.0, 0.0], 'screen_axis': 'x'}"
pid_x_17,4,4,0,1.0,0.0,,2.1145436252736305,18.33584951881153,5.132385178410459,2.293503583212772,30.718409434168077,"{'candidate_id': 'pid_x_17', 'kp': [1.6, 0.0, 0.0], 'kd': [6.0, 0.0, 0.0], 'ki': [0.1, 0.0, 0.0], 'screen_axis': 'x'}"
pid_y_00,4,4,2,1.0,0.5,6.42,2.322175887724222,0.21811511473783607,4.782663324563003,7.077737337849633,0.0002133796553771035,"{'candidate_id': 'pid_y_00', 'kp': [0.0, 0.05, 0.0], 'kd': [0.0, 0.25, 0.0], 'ki': [0.0, 0.0, 0.0], 'screen_axis': 'y'}"
pid_y_01,4,4,0,1.0,0.0,,2.4055384965980005,0.21811502179734124,4.781822450596289,7.081177371227687,0.008676829790920262,"{'candidate_id': 'pid_y_01', 'kp': [0.0, 0.05, 0.0], 'kd': [0.0, 0.25, 0.0], 'ki': [0.0, 0.05, 0.0], 'screen_axis': 'y'}"
pid_y_02,4,4,0,1.0,0.0,,2.327649863107252,0.21811512327565857,4.78271716665912,7.077902656458452,0.0005008643075902588,"{'candidate_id': 'pid_y_02', 'kp': [0.0, 0.05, 0.0], 'kd': [0.0, 0.5, 0.0], 'ki': [0.0, 0.0, 0.0], 'screen_axis': 'y'}"
pid_y_03,4,4,2,1.0,0.5,4.84,2.3542283397474337,0.21811514377716504,4.781850775885306,7.079154245885642,0.0027760291465949005,"{'candidate_id': 'pid_y_03', 'kp': [0.0, 0.05, 0.0], 'kd': [0.0, 0.5, 0.0], 'ki': [0.0, 0.05, 0.0], 'screen_axis': 'y'}"
pid_y_04,4,4,0,1.0,0.0,,2.337184207051661,0.21811511572993975,4.782834921356453,7.078455726976783,0.005558687036015191,"{'candidate_id': 'pid_y_04', 'kp': [0.0, 0.05, 0.0], 'kd': [0.0, 1.0, 0.0], 'ki': [0.0, 0.0, 0.0], 'screen_axis': 'y'}"
pid_y_05,4,4,2,1.0,0.5,4.9350000000000005,2.319196055083525,0.21811527417674498,4.781920395709119,7.077628410737221,0.012065284468522708,"{'candidate_id': 'pid_y_05', 'kp': [0.0, 0.05, 0.0], 'kd': [0.0, 1.0, 0.0], 'ki': [0.0, 0.05, 0.0], 'screen_axis': 'y'}"
pid_y_06,4,4,2,1.0,0.5,4.875,2.323085430080849,0.218115125087317,4.781888508747201,7.077851643207032,0.0015355252914632453,"{'candidate_id': 'pid_y_06', 'kp': [0.0, 0.1, 0.0], 'kd': [0.0, 0.25, 0.0], 'ki': [0.0, 0.0, 0.0], 'screen_axis': 'y'}"
pid_y_07,4,4,0,1.0,0.0,,2.4071234743241243,0.2181148690994008,4.781744204488256,7.083732641304284,0.01749939354463348,"{'candidate_id': 'pid_y_07', 'kp': [0.0, 0.1, 0.0], 'kd': [0.0, 0.25, 0.0], 'ki': [0.0, 0.05, 0.0], 'screen_axis': 'y'}"
pid_y_08,4,4,2,1.0,0.5,4.955,2.321768649508365,0.21811517622547444,4.781938403307904,7.077563302448625,0.0031751876103985836,"{'candidate_id': 'pid_y_08', 'kp': [0.0, 0.1, 0.0], 'kd': [0.0, 0.5, 0.0], 'ki': [0.0, 0.0, 0.0], 'screen_axis': 'y'}"
pid_y_09,4,4,0,1.0,0.0,,2.352123792024591,0.21811521039139242,4.781721839283084,7.080206361666382,0.008123149832910743,"{'candidate_id': 'pid_y_09', 'kp': [0.0, 0.1, 0.0], 'kd': [0.0, 0.5, 0.0], 'ki': [0.0, 0.05, 0.0], 'screen_axis': 'y'}"
pid_y_10,4,4,2,1.0,0.5,5.28,2.3341628984645237,0.21811505090104863,4.782062328351733,7.078175562298739,0.02853499652054209,"{'candidate_id': 'pid_y_10', 'kp': [0.0, 0.1, 0.0], 'kd': [0.0, 1.0, 0.0], 'ki': [0.0, 0.0, 0.0], 'screen_axis': 'y'}"
pid_y_11,4,4,2,1.0,0.5,4.37,2.322898604113281,0.21811527394833527,4.781703284868178,7.077789176632816,0.039103992527425,"{'candidate_id': 'pid_y_11', 'kp': [0.0, 0.1, 0.0], 'kd': [0.0, 1.0, 0.0], 'ki': [0.0, 0.05, 0.0], 'screen_axis': 'y'}"
pid_y_12,4,4,0,1.0,0.0,,2.355204696660387,0.21811512814211634,4.782131476549896,7.080618713634018,0.019486732575000304,"{'candidate_id': 'pid_y_12', 'kp': [0.0, 0.2, 0.0], 'kd': [0.0, 0.25, 0.0], 'ki': [0.0, 0.0, 0.0], 'screen_axis': 'y'}"
pid_y_13,4,4,0,1.0,0.0,,2.414715519718987,0.21811416165233194,4.78335851405256,7.089103020539743,0.06287208885651417,"{'candidate_id': 'pid_y_13', 'kp': [0.0, 0.2, 0.0], 'kd': [0.0, 0.25, 0.0], 'ki': [0.0, 0.05, 0.0], 'screen_axis': 'y'}"
pid_y_14,4,4,0,1.0,0.0,,2.3528751531857646,0.2181154883679796,4.782000340084912,7.078566986679515,0.0346281581164326,"{'candidate_id': 'pid_y_14', 'kp': [0.0, 0.2, 0.0], 'kd': [0.0, 0.5, 0.0], 'ki': [0.0, 0.0, 0.0], 'screen_axis': 'y'}"
pid_y_15,4,4,0,1.0,0.0,,2.386538527821449,0.21811571689565165,4.783061041018745,7.0826059807358375,0.07094144066017188,"{'candidate_id': 'pid_y_15', 'kp': [0.0, 0.2, 0.0], 'kd': [0.0, 0.5, 0.0], 'ki': [0.0, 0.05, 0.0], 'screen_axis': 'y'}"
pid_y_16,4,4,2,1.0,0.5,3.96,2.3527149569868087,0.21811427460947372,4.78180314322576,7.078917250851317,0.190385373902112,"{'candidate_id': 'pid_y_16', 'kp': [0.0, 0.2, 0.0], 'kd': [0.0, 1.0, 0.0], 'ki': [0.0, 0.0, 0.0], 'screen_axis': 'y'}"
pid_y_17,4,4,0,1.0,0.0,,2.3605097075673456,0.2181146576339067,4.78253187611831,7.079145684768776,0.22210819966324424,"{'candidate_id': 'pid_y_17', 'kp': [0.0, 0.2, 0.0], 'kd': [0.0, 1.0, 0.0], 'ki': [0.0, 0.05, 0.0], 'screen_axis': 'y'}"
pid_z_00,4,4,2,1.0,0.5,1.1800000000000002,2.2909886536673385,0.21801233108555448,4.780628861795424,7.076211122101853,0.05296225782258677,"{'candidate_id': 'pid_z_00', 'kp': [0.0, 0.0, 3.0], 'kd': [0.0, 0.0, 2.0], 'ki': [0.0, 0.0, 0.0], 'screen_axis': 'z'}"
pid_z_01,4,4,2,1.0,0.5,1.205,2.291078994787771,0.2180113910408262,4.780624042681721,7.07620647635912,0.054075225497450516,"{'candidate_id': 'pid_z_01', 'kp': [0.0, 0.0, 3.0], 'kd': [0.0, 0.0, 2.0], 'ki': [0.0, 0.0, 0.1], 'screen_axis': 'z'}"
pid_z_02,4,4,2,1.0,0.5,1.3199999999999998,2.292506853004282,0.21787109246226366,4.779947630620915,7.075175060026964,0.030555111860748625,"{'candidate_id': 'pid_z_02', 'kp': [0.0, 0.0, 3.0], 'kd': [0.0, 0.0, 3.5], 'ki': [0.0, 0.0, 0.0], 'screen_axis': 'z'}"
pid_z_03,4,4,2,1.0,0.5,1.29,2.292425550513652,0.21787033546493276,4.779959491942074,7.075184082126661,0.03094858095079115,"{'candidate_id': 'pid_z_03', 'kp': [0.0, 0.0, 3.0], 'kd': [0.0, 0.0, 3.5], 'ki': [0.0, 0.0, 0.1], 'screen_axis': 'z'}"
pid_z_04,4,4,2,1.0,0.5,1.8250000000000002,2.2947415995807185,0.21770521559950534,4.77948169046861,7.074598312278493,0.02238635998365974,"{'candidate_id': 'pid_z_04', 'kp': [0.0, 0.0, 3.0], 'kd': [0.0, 0.0, 5.0], 'ki': [0.0, 0.0, 0.0], 'screen_axis': 'z'}"
pid_z_05,4,4,2,1.0,0.5,1.755,2.2944769667224474,0.21770532041472945,4.779488781448207,7.074608850310494,0.02259713533493994,"{'candidate_id': 'pid_z_05', 'kp': [0.0, 0.0, 3.0], 'kd': [0.0, 0.0, 5.0], 'ki': [0.0, 0.0, 0.1], 'screen_axis': 'z'}"
pid_z_06,4,4,2,1.0,0.5,1.1,2.2891694538006084,0.2177564612043327,4.781543774445772,7.077441277118044,0.20679219066398677,"{'candidate_id': 'pid_z_06', 'kp': [0.0, 0.0, 6.0], 'kd': [0.0, 0.0, 2.0], 'ki': [0.0, 0.0, 0.0], 'screen_axis': 'z'}"
pid_z_07,4,4,2,1.0,0.5,1.105,2.2892311148221824,0.21775643957025087,4.78155753407798,7.077457419897195,0.20926758697013273,"{'candidate_id': 'pid_z_07', 'kp': [0.0, 0.0, 6.0], 'kd': [0.0, 0.0, 2.0], 'ki': [0.0, 0.0, 0.1], 'screen_axis': 'z'}"
pid_z_08,4,4,2,1.0,0.5,0.99,2.288793948713356,0.21762558178447622,4.779909711009592,7.075281128592806,0.11313535059568708,"{'candidate_id': 'pid_z_08', 'kp': [0.0, 0.0, 6.0], 'kd': [0.0, 0.0, 3.5], 'ki': [0.0, 0.0, 0.0], 'screen_axis': 'z'}"
pid_z_09,4,4,2,1.0,0.5,0.9950000000000001,2.2887953779103185,0.21762526172252084,4.779913910002082,7.075287297217562,0.11394176365073325,"{'candidate_id': 'pid_z_09', 'kp': [0.0, 0.0, 6.0], 'kd': [0.0, 0.0, 3.5], 'ki': [0.0, 0.0, 0.1], 'screen_axis': 'z'}"
pid_z_10,4,4,2,1.0,0.5,0.97,2.2897586058426764,0.21752085773115376,4.779120900218817,7.0741458124763055,0.07750783077510093,"{'candidate_id': 'pid_z_10', 'kp': [0.0, 0.0, 6.0], 'kd': [0.0, 0.0, 5.0], 'ki': [0.0, 0.0, 0.0], 'screen_axis': 'z'}"
pid_z_11,4,4,2,1.0,0.5,0.9650000000000001,2.2897147894814016,0.21751988735260674,4.779121126332188,7.07414392591921,0.0779950860932148,"{'candidate_id': 'pid_z_11', 'kp': [0.0, 0.0, 6.0], 'kd': [0.0, 0.0, 5.0], 'ki': [0.0, 0.0, 0.1], 'screen_axis': 'z'}"
pid_z_12,4,4,2,1.0,0.5,1.7650000000000001,2.2883755052499835,0.21731645229777297,4.781181669346554,7.077352436021819,0.4563406803706982,"{'candidate_id': 'pid_z_12', 'kp': [0.0, 0.0, 9.0], 'kd': [0.0, 0.0, 2.0], 'ki': [0.0, 0.0, 0.0], 'screen_axis': 'z'}"
pid_z_13,4,4,2,1.0,0.5,1.775,2.2884211400289978,0.21731609706191646,4.781193403359927,7.077372423937287,0.4605145677991584,"{'candidate_id': 'pid_z_13', 'kp': [0.0, 0.0, 9.0], 'kd': [0.0, 0.0, 2.0], 'ki': [0.0, 0.0, 0.1], 'screen_axis': 'z'}"
pid_z_14,4,4,2,1.0,0.5,0.95,2.287428334490556,0.21724200048561576,4.7793794581654705,7.074603157582409,0.23881615652085575,"{'candidate_id': 'pid_z_14', 'kp': [0.0, 0.0, 9.0], 'kd': [0.0, 0.0, 3.5], 'ki': [0.0, 0.0, 0.0], 'screen_axis': 'z'}"
pid_z_15,4,4,2,1.0,0.5,0.95,2.2874374036147866,0.21724122788924444,4.779384261911176,7.0746106835429545,0.2401407121156307,"{'candidate_id': 'pid_z_15', 'kp': [0.0, 0.0, 9.0], 'kd': [0.0, 0.0, 3.5], 'ki': [0.0, 0.0, 0.1], 'screen_axis': 'z'}"
pid_z_16,4,4,2,1.0,0.5,0.8900000000000001,2.2878621403311046,0.21720493498463833,4.778689951640963,7.073620813642137,0.16149154749074088,"{'candidate_id': 'pid_z_16', 'kp': [0.0, 0.0, 9.0], 'kd': [0.0, 0.0, 5.0], 'ki': [0.0, 0.0, 0.0], 'screen_axis': 'z'}"
pid_z_17,4,4,2,1.0,0.5,0.895,2.2878498275494303,0.21720338488305974,4.7786863041107495,7.07361525248157,0.16221678471393097,"{'candidate_id': 'pid_z_17', 'kp': [0.0, 0.0, 9.0], 'kd': [0.0, 0.0, 5.0], 'ki': [0.0, 0.0, 0.1], 'screen_axis': 'z'}"
