sample_id,scenario,wind_kind,wind_speed_m_s,seed,sample_count,safe,safe_sample_count,task_success,acquisition_time_s,position_rmse_3d_m,orientation_rmse_deg,ramp_peak_position_error_m,ramp_steady_state_position_error_m,total_acceleration_effort,max_abs_ax_m_s2,max_abs_ay_m_s2,max_abs_az_m_s2,max_ax_step_m_s2,max_ay_step_m_s2,max_az_step_m_s2,max_thrust_N,max_abs_torque_Nm,max_cutter_angular_speed_rad_s,solve_time_mean_ms,solve_time_p95_ms,safety_failure_reasons,controller,candidate_id,method,stage2_rank
calm_axis_00,CALM_3D_SETPOINT,calm,0.0,-1,2401,True,2401,False,,1.1957562591406024,13.83328315870018,0.6098746941991544,1.7544007914834032,25.009686768610532,2.0,0.0,2.0,0.25,0.0,0.25,153.95464351585682,3.0027773332642917,0.9963921413488492,0.04585947521865889,0.0633,[],pid,pid_combo_003,pid,1
calm_axis_01,CALM_3D_SETPOINT,calm,0.0,-1,2401,True,2401,False,,0.9905787577400766,16.57204206000114,0.6245647976165735,1.4386749155022447,20.88513686590695,2.0,8.140355852656379e-17,2.0,0.25,7.06595745233352e-18,0.25000000000000006,156.15738631940656,3.531719190032362,2.378395612122043,0.042828363182007494,0.0634,[],pid,pid_combo_003,pid,1
calm_axis_02,CALM_3D_SETPOINT,calm,0.0,-1,2401,True,2401,True,4.955,0.09327564791817095,0.0,0.15053207920818393,0.05567740523425909,0.004016292516711372,3.227987594949145e-14,0.03608192778197682,0.00043291505523271594,3.0500602057404892e-15,0.015,2.899732465206278e-05,129.8877291609118,0.06928926016797075,0.004141095355246396,0.04359733444398167,0.062,[],pid,pid_combo_003,pid,1
calm_axis_03,CALM_3D_SETPOINT,calm,0.0,-1,2401,True,2401,True,4.955,0.09327564791817095,0.0,0.15053207920818393,0.05567740523425909,0.004016292516711372,3.227987594949145e-14,0.03608192778197682,0.00043291505523271594,3.0500602057404892e-15,0.015,2.899732465206278e-05,129.8877291609118,0.06928926016797075,0.004141095355246396,0.03959870887130362,0.0512,[],pid,pid_combo_003,pid,1
calm_axis_04,CALM_3D_SETPOINT,calm,0.0,-1,2401,True,2401,True,0.95,0.027710447045507045,0.0,0.017645507423202367,0.0007280363458451724,0.23921274990503313,0.0,0.0,1.000000000000001,0.0,0.0,0.25,143.1244,0.0,0.0,0.03983594335693461,0.0558,[],pid,pid_combo_003,pid,1
calm_axis_05,CALM_3D_SETPOINT,calm,0.0,-1,2401,True,2401,True,0.95,0.02771044704550717,0.0,0.017645507423203283,0.0007280363458457435,0.23921274990503696,0.0,0.0,0.9999999999999989,0.0,0.0,0.25,134.9406913894439,0.0,0.0,0.03923315285297793,0.0565,[],pid,pid_combo_003,pid,1
calm_face_diagonal_00,CALM_3D_SETPOINT,calm,0.0,-1,2401,True,2401,False,,1.1877807063216388,13.784814178694608,0.5770547755791713,1.721952525220075,23.86257364586446,2.0,0.030324187197596993,2.0,0.25,0.01414213562373095,0.25,153.08049249957043,2.9621934690875675,1.002659678963235,0.04121870054144106,0.0536,[],pid,pid_combo_003,pid,1
calm_face_diagonal_01,CALM_3D_SETPOINT,calm,0.0,-1,2401,True,2401,False,,1.1449751005808821,15.156908899124314,0.590148071111777,1.6119397317414934,22.325760639976266,2.0,0.04799732180276033,2.0,0.25,0.021629277450914135,0.25,152.01515114405532,3.022252053625521,2.3013881202103184,0.041751395251978345,0.0605,[],pid,pid_combo_003,pid,1
calm_face_diagonal_02,CALM_3D_SETPOINT,calm,0.0,-1,2401,True,2401,False,,1.1877807063216388,13.784814178694608,0.5770547755791713,1.721952525220075,23.86257364586446,2.0,0.030324187197596993,2.0,0.25,0.01414213562373095,0.25,153.08049249957043,2.9621934690875675,1.002659678963235,0.0423054977092878,0.0531,[],pid,pid_combo_003,pid,1
calm_face_diagonal_03,CALM_3D_SETPOINT,calm,0.0,-1,2401,True,2401,False,,1.1449751005808826,15.156908899124314,0.590148071111777,1.6119397317414943,22.325760639976277,2.0,0.047997321802760486,2.0,0.25,0.02162927745091421,0.25,152.0151511440554,3.022252053625521,2.301388120210317,0.0428591420241566,0.0555,[],pid,pid_combo_003,pid,1
calm_face_diagonal_04,CALM_3D_SETPOINT,calm,0.0,-1,2401,True,2401,False,,1.188193371999695,13.6592198325096,0.5771608091111727,1.716655875550198,24.014954066005775,2.0,0.0,2.0,0.25000000000000006,0.0,0.2500000000000001,152.44796824729775,2.958657501209552,0.9864770011201529,0.042448021657642644,0.0536,[],pid,pid_combo_003,pid,1
calm_face_diagonal_05,CALM_3D_SETPOINT,calm,0.0,-1,2401,False,2315,False,,0.8355203693345443,41.60551127290385,0.5923360975849116,1.2901138732799315,19.01620650150865,2.0,3.611523135304981e-16,2.0,0.25,2.8619338653165904e-16,0.25,137.5155293307177,16.702643942277156,1.7094056357976493,0.039631986672219906,0.0517,['attitude'],pid,pid_combo_003,pid,1
calm_face_diagonal_06,CALM_3D_SETPOINT,calm,0.0,-1,2401,True,2401,False,,1.1078715381994033,13.10078115171387,0.579121785742457,1.5672182510902948,23.958819007995476,2.0,6.124601950304684e-18,2.0,0.25,4.799553106209331e-18,0.2500000000000001,151.14940510395297,2.98381743516253,3.862078819605625,0.03857521865889213,0.0506,[],pid,pid_combo_003,pid,1
calm_face_diagonal_07,CALM_3D_SETPOINT,calm,0.0,-1,2401,True,2401,False,,1.1230272809713508,14.382483679945874,0.5902677522268149,1.5820895588551607,23.803197886576076,2.0,5.198705387396192e-19,2.0,0.25,5.213590392136265e-20,0.25,152.24236533345885,3.0282167796278854,2.2685071989541084,0.03497767596834653,0.0501,[],pid,pid_combo_003,pid,1
calm_face_diagonal_08,CALM_3D_SETPOINT,calm,0.0,-1,2401,True,2401,True,4.9,0.09188755464647658,0.0,0.1428343723077172,0.05285094876237538,0.2196960381115213,2.5871642208716416e-14,0.03438897045101618,0.9737143502816614,3.3359816231768517e-15,0.01414213562373095,0.25,142.77638087366114,0.06574603394418715,0.0039441543975418,0.04466368179925031,0.0541,[],pid,pid_combo_003,pid,1
calm_face_diagonal_09,CALM_3D_SETPOINT,calm,0.0,-1,2401,True,2401,True,4.89,0.09149851480825444,0.0,0.1427760935050276,0.05230699604772435,0.2195578949748323,5.0559874350017475e-14,0.03368811943091241,0.9737144197213836,7.337387901044509e-15,0.01414213562373095,0.25,134.66598728305596,0.06509426819943565,0.0038683711690040657,0.04066214077467722,0.0538,[],pid,pid_combo_003,pid,1
calm_face_diagonal_10,CALM_3D_SETPOINT,calm,0.0,-1,2401,True,2401,True,4.89,0.09149851480825444,0.0,0.1427760935050276,0.05230699604772435,0.2195578949748323,5.0559874350017475e-14,0.03368811943091241,0.9737144197213836,7.337387901044509e-15,0.01414213562373095,0.25,134.66598728305596,0.06509426819943565,0.0038683711690040657,0.03494489795918367,0.0485,[],pid,pid_combo_003,pid,1
calm_face_diagonal_11,CALM_3D_SETPOINT,calm,0.0,-1,2401,True,2401,True,4.9,0.09188755464647658,0.0,0.1428343723077172,0.05285094876237538,0.2196960381115213,2.5871642208716416e-14,0.03438897045101618,0.9737143502816614,3.3359816231768517e-15,0.01414213562373095,0.25,142.77638087366114,0.06574603394418715,0.0039441543975418,0.03933069554352354,0.0532,[],pid,pid_combo_003,pid,1
constant_1.5_axis_00,WIND_3D_SETPOINT,constant,1.5,-1,2401,True,2401,False,,1.4228959447695015,35.71380207498364,0.9957288193651532,2.173514854352747,21.48205464588748,2.0,3.0246086120806833e-16,2.0,0.25,1.6027321124484825e-16,0.2500000000000001,146.0203788328227,4.75857772659265,2.622578141520394,0.03806855476884632,0.0513,[],pid,pid_combo_003,pid,1
constant_1.5_axis_01,WIND_3D_SETPOINT,constant,1.5,-1,2401,True,2401,False,,1.0347300330664557,27.51096465821487,0.5787532109395374,1.5497818349661712,18.248138016291023,2.0,6.574673280013746e-16,1.8182454156681191,0.2500000000000001,2.762748834657705e-16,0.25,149.71262564924697,5.231582064839619,2.813451594779575,0.03861274468971262,0.0515,[],pid,pid_combo_003,pid,1
constant_1.5_axis_02,WIND_3D_SETPOINT,constant,1.5,-1,2401,True,2401,False,,1.2969519836069092,35.97684121469287,0.7838581159964062,2.0062226316936536,18.683093997629047,2.0,0.021671125267657528,2.0,0.25,0.015,0.25,145.86262423987264,4.144335487990605,2.1138858389548454,0.03436972094960434,0.0516,[],pid,pid_combo_003,pid,1
constant_1.5_axis_03,WIND_3D_SETPOINT,constant,1.5,-1,2401,True,2401,False,,1.2969519836069094,35.976841214692826,0.7838581159964062,2.006222631693654,18.683093997629086,2.0,0.021671125267657528,2.0,0.25,0.015,0.25,145.86262423987299,4.144335487990608,2.1138858389548494,0.03929620991253644,0.0532,[],pid,pid_combo_003,pid,1
constant_1.5_axis_04,WIND_3D_SETPOINT,constant,1.5,-1,2401,True,2401,False,,1.3251785554796571,18.884950130323656,0.7756083151610925,2.016515224119467,26.699461238517557,2.0,2.8558798779252327e-16,2.0,0.2500000000000001,3.01310180378824e-17,0.25000000000000006,154.04678050858558,3.829977943776542,2.2621041994514988,0.03623069554352353,0.0501,[],pid,pid_combo_003,pid,1
constant_1.5_axis_05,WIND_3D_SETPOINT,constant,1.5,-1,2401,False,2352,False,,1.3622971187315522,40.998966976618654,0.7870915317876181,2.159264461795711,23.865213015241427,2.0,3.281535961636774e-16,2.0,0.25000000000000006,1.8169156832963726e-16,0.2500000000000001,143.86363993232482,17.064318879730216,3.477688130541295,0.03439766763848397,0.047,['attitude'],pid,pid_combo_003,pid,1
constant_1.5_face_diagonal_00,WIND_3D_SETPOINT,constant,1.5,-1,2401,True,2401,False,,1.4186151318284166,35.755188626548424,0.9854622989877643,2.1644582087356077,21.356002690444324,2.0,0.020385622525491465,2.0,0.25,0.01414213562373095,0.25,145.92035227786974,4.771740237936877,2.669992180698579,0.041243315285297795,0.0528,[],pid,pid_combo_003,pid,1
constant_1.5_face_diagonal_01,WIND_3D_SETPOINT,constant,1.5,-1,2401,True,2401,False,,1.0606320936016544,28.248500952140702,0.5946380416757396,1.599506254771101,18.011813714258288,2.0,0.020498602564243747,1.884788284795326,0.2500000000000001,0.01414213562373095,0.2500000000000001,150.48891486203766,5.221098271376427,2.8445949016595384,0.03644248229904207,0.054,[],pid,pid_combo_003,pid,1
constant_1.5_face_diagonal_02,WIND_3D_SETPOINT,constant,1.5,-1,2401,True,2401,False,,1.4186151318284161,35.75518862654837,0.9854622989877643,2.164458208735607,21.356002690444264,2.0,0.020385622525491465,2.0,0.25,0.01414213562373095,0.25,145.92035227786974,4.771740237936881,2.6699921806985674,0.04197059558517285,0.0534,[],pid,pid_combo_003,pid,1
constant_1.5_face_diagonal_03,WIND_3D_SETPOINT,constant,1.5,-1,2401,True,2401,False,,1.0606320936016578,28.24850095214123,0.5946380416757396,1.5995062547711136,18.01181371425804,2.0,0.020498602564243747,1.884788284795258,0.2500000000000001,0.01414213562373095,0.25000000000000006,150.48891486203692,5.221098271376527,2.8445949016598537,0.0378884214910454,0.0548,[],pid,pid_combo_003,pid,1
constant_1.5_face_diagonal_04,WIND_3D_SETPOINT,constant,1.5,-1,2401,True,2401,False,,1.392131717273831,21.161077295281782,0.9760405449059388,2.0810565693218823,26.02868116108939,2.0,1.728562285188359e-15,2.0,0.25,1.271602675804534e-16,0.2500000000000001,154.18885108177435,4.473511040538111,3.26549750081542,0.040174968763015406,0.051,[],pid,pid_combo_003,pid,1
constant_1.5_face_diagonal_05,WIND_3D_SETPOINT,constant,1.5,-1,2401,False,2295,False,,1.1982073331985916,42.861074903649374,0.5922496836687919,1.9318095552264847,21.57048563880792,2.0,3.479594131333513e-16,2.0,0.2500000000000001,2.011111338211817e-16,0.2500000000000001,140.85682079575014,18.914637094106155,2.260235004797888,0.04058600583090379,0.0543,['attitude'],pid,pid_combo_003,pid,1
constant_1.5_face_diagonal_06,WIND_3D_SETPOINT,constant,1.5,-1,2401,False,2370,False,,1.4836493590635023,40.837526764502414,0.9921404597845005,2.317158201691868,24.71822212630579,2.0,1.3909668060357593e-16,2.0,0.25,1.4277411926262883e-16,0.2500000000000001,146.08012399283712,16.765377953551436,3.9135386241059424,0.0372929612661391,0.051,['attitude'],pid,pid_combo_003,pid,1
constant_1.5_face_diagonal_07,WIND_3D_SETPOINT,constant,1.5,-1,2401,True,2401,False,,1.2243599296351477,16.157172880342216,0.5890510836683204,1.871718590321802,26.74788731504985,2.0,8.775443244932925e-19,2.0,0.25,6.977791125574329e-19,0.25000000000000006,155.67930928304546,3.228082633177599,2.597035497622416,0.03858521449396085,0.049,[],pid,pid_combo_003,pid,1
constant_1.5_face_diagonal_08,WIND_3D_SETPOINT,constant,1.5,-1,2401,True,2401,False,,1.3282593608700617,19.099265236699907,0.7794089363861761,2.018779801793575,26.270726296867394,2.0,0.020635429063150773,2.0,0.25,0.01414213562373095,0.25000000000000006,154.10014888395085,3.8185940284612503,2.378495166193634,0.03876468138275718,0.05,[],pid,pid_combo_003,pid,1
constant_1.5_face_diagonal_09,WIND_3D_SETPOINT,constant,1.5,-1,2401,False,2357,False,,1.3626924806808969,40.88523371579086,0.7896085642276011,2.1552756600907106,23.380227852983516,2.0,0.021470267329634793,2.0,0.2500000000000001,0.01414213562373095,0.25,143.8470402539743,18.075972110027372,3.424496082016008,0.03744618908788005,0.0492,['attitude'],pid,pid_combo_003,pid,1
constant_1.5_face_diagonal_10,WIND_3D_SETPOINT,constant,1.5,-1,2401,False,2357,False,,1.3626924806808982,40.88523371579086,0.7896085642276011,2.1552756600907133,23.380227852983616,2.0,0.021470267329633908,2.0,0.2500000000000001,0.01414213562373095,0.25,143.8470402539743,18.07597211002726,3.424496082016021,0.04006430653894211,0.0513,['attitude'],pid,pid_combo_003,pid,1
constant_1.5_face_diagonal_11,WIND_3D_SETPOINT,constant,1.5,-1,2401,True,2401,False,,1.3282593608700615,19.099265236699978,0.7794089363861761,2.0187798017935754,26.27072629686738,2.0,0.020635429063150773,2.0,0.25,0.01414213562373095,0.25000000000000006,154.10014888395105,3.818594028461255,2.3784951661936575,0.0446646397334444,0.0495,[],pid,pid_combo_003,pid,1
constant_3_axis_00,WIND_3D_SETPOINT,constant,3.0,-1,2401,False,2375,False,,2.0119245478588645,22.0866722709794,2.17236185429051,2.890295748091505,35.590043799961315,2.0,8.455230098851435e-17,2.0,0.25,8.827677812198792e-17,0.25,154.49169934438532,6.048797708612647,4.6842877907155565,0.04123869221157851,0.0505,['tip_height'],pid,pid_combo_003,pid,1
constant_3_axis_01,WIND_3D_SETPOINT,constant,3.0,-1,2401,True,2401,False,,2.163324773313831,19.7712865854915,1.9568615764554531,3.181003687863797,35.424678091279475,2.0,6.089989656319046e-17,2.0,0.25,5.33430778298109e-17,0.25,157.09656178910677,6.251333465963831,4.0322247792902015,0.04200262390670554,0.0498,[],pid,pid_combo_003,pid,1
constant_3_axis_02,WIND_3D_SETPOINT,constant,3.0,-1,2401,True,2401,False,,2.1201306031392013,21.880331445253287,2.067695880064558,3.063706213971227,35.26342424903861,2.0,0.11576711196302393,2.0,0.25,0.0634577985102995,0.25,154.56116561344646,5.838870438815891,4.931174116561123,0.041714618908788005,0.0526,[],pid,pid_combo_003,pid,1
constant_3_axis_03,WIND_3D_SETPOINT,constant,3.0,-1,2401,True,2401,False,,2.120130603139201,21.88033144525319,2.067695880064558,3.063706213971228,35.263424249038735,2.0,0.11576711196301322,2.0,0.25,0.06345779851028754,0.25,154.5611656134465,5.83887043881616,4.931174116561526,0.041099708454810494,0.0534,[],pid,pid_combo_003,pid,1
constant_3_axis_04,WIND_3D_SETPOINT,constant,3.0,-1,2401,True,2401,False,,1.9583458158403981,18.636027890780454,2.073586730986183,2.827816998583549,37.947136813207194,2.0,1.6535177991740056e-17,2.0,0.25,8.733144569751389e-18,0.25,156.61821013971002,3.8570960900269897,4.119909541403975,0.030285381091211993,0.0313,[],pid,pid_combo_003,pid,1
constant_3_axis_05,WIND_3D_SETPOINT,constant,3.0,-1,2401,True,2401,False,,0.5545221530170295,65.68700256200302,1.3406139626906355,0.34375796110369056,26.382589840688393,2.0,1.208561726267608e-16,2.0,0.25,9.524163795425687e-17,0.25,139.7652373808188,2.8164966988830598,1.485509247412449,0.04088009162848814,0.0518,[],pid,pid_combo_003,pid,1
constant_3_face_diagonal_00,WIND_3D_SETPOINT,constant,3.0,-1,2401,True,2401,False,,2.0332336958635993,22.575256712633877,2.167000901340022,2.923621109812759,35.273192817733666,2.0,0.08147720322125176,2.0,0.25,0.05953796739044656,0.25,154.49497377019796,5.93941505087345,4.31577874872338,0.03876297376093294,0.0522,[],pid,pid_combo_003,pid,1
constant_3_face_diagonal_01,WIND_3D_SETPOINT,constant,3.0,-1,2401,True,2401,False,,2.157337166359482,19.41342807725784,1.9645376817357663,3.1683988084459647,36.01767826605096,2.0,0.1210400427178017,2.0,0.25,0.06479096679703397,0.25,156.75113379122232,5.9171173682435105,3.8794759072866354,0.03828425655976676,0.0482,[],pid,pid_combo_003,pid,1
constant_3_face_diagonal_02,WIND_3D_SETPOINT,constant,3.0,-1,2401,True,2401,False,,2.0332336958636077,22.575256712633372,2.167000901340022,2.923621109812778,35.2731928177335,2.0,0.08147720322119024,2.0,0.25,0.05953796739039691,0.25,154.49497377019796,5.939415050873547,4.3157787487244805,0.04060399833402748,0.053,[],pid,pid_combo_003,pid,1
constant_3_face_diagonal_03,WIND_3D_SETPOINT,constant,3.0,-1,2401,True,2401,False,,2.1573371663594796,19.413428077257848,1.9645376817357663,3.1683988084459607,36.01767826605092,2.0,0.12104004271780355,2.0,0.25,0.06479096679703672,0.25,156.75113379122243,5.9171173682435185,3.879475907286698,0.03819954185755935,0.0525,[],pid,pid_combo_003,pid,1
constant_3_face_diagonal_04,WIND_3D_SETPOINT,constant,3.0,-1,2401,True,2401,False,,1.8360429102039335,18.7572270834111,2.173570596557948,2.636072331118755,38.39693887361266,2.0,5.251623230578337e-18,2.0,0.25,4.244719143422202e-18,0.25,156.7821400203263,3.973413414366376,4.539417922006179,0.04284727197001249,0.0537,[],pid,pid_combo_003,pid,1
constant_3_face_diagonal_05,WIND_3D_SETPOINT,constant,3.0,-1,2401,False,2381,False,,1.6191385768853237,22.79151620313593,1.3822247866408806,1.9913392807372443,31.389409577742942,2.0,1.999006754503611e-16,2.0,0.25,2.582885128970152e-17,0.25,154.68924109531457,3.9527447201552555,2.7457970285138833,0.03900179092044981,0.053,['tip_height'],pid,pid_combo_003,pid,1
constant_3_face_diagonal_06,WIND_3D_SETPOINT,constant,3.0,-1,2401,True,2401,False,,0.5450516618324791,66.48379384211258,1.297924127456502,0.38670404249990936,26.63456742438561,2.0,2.0886623098496366e-16,2.0,0.25,1.7901700970284758e-16,0.25,139.35149398955306,2.5701426354441717,1.9013748325217117,0.040870637234485634,0.0524,[],pid,pid_combo_003,pid,1
constant_3_face_diagonal_07,WIND_3D_SETPOINT,constant,3.0,-1,2401,True,2401,False,,1.9925286966513616,18.42376404668238,1.9693640186290473,2.8777331089895166,37.655138107276784,2.0,1.769671393028433e-17,2.0,0.25,7.165956865782661e-18,0.25,156.50416542398037,3.691833868612085,4.270770616023262,0.03724477301124531,0.0512,[],pid,pid_combo_003,pid,1
constant_3_face_diagonal_08,WIND_3D_SETPOINT,constant,3.0,-1,2401,True,2401,False,,1.9658374976970627,18.673925540465607,2.073976038528521,2.838017622431988,37.99738705228726,2.0,0.11679351095059347,2.0,0.25,0.05660902318699634,0.25,156.6299230952317,3.8878377684598067,4.332405619564044,0.04265860058309038,0.0512,[],pid,pid_combo_003,pid,1
constant_3_face_diagonal_09,WIND_3D_SETPOINT,constant,3.0,-1,2401,True,2401,False,,0.548844426795246,63.80472589300606,1.3452181810355495,0.3252285288998932,24.557843522247417,2.0,0.014554270973257021,2.0,0.25,0.01414213562373095,0.25,139.74044877013836,2.9506307520766817,1.3722927900365234,0.042675926697209494,0.0533,[],pid,pid_combo_003,pid,1
constant_3_face_diagonal_10,WIND_3D_SETPOINT,constant,3.0,-1,2401,True,2401,False,,0.5488444267952447,63.80472589300662,1.3452181810355495,0.325228528899886,24.55784352224715,2.0,0.014554270973257021,2.0,0.25,0.01414213562373095,0.25,139.74044877013836,2.9506307520767714,1.3722927900365525,0.03461599333610996,0.0514,[],pid,pid_combo_003,pid,1
constant_3_face_diagonal_11,WIND_3D_SETPOINT,constant,3.0,-1,2401,True,2401,False,,1.965837497697062,18.673925540465607,2.073976038528521,2.838017622431987,37.99738705228726,2.0,0.11679351095059588,2.0,0.25,0.05660902318700808,0.25,156.6299230952317,3.8878377684598044,4.332405619564009,0.03849067055393586,0.0519,[],pid,pid_combo_003,pid,1
stochastic_2000,WIND_3D_SETPOINT,stochastic,0.0,2000,2401,True,2401,False,,1.1432990119971884,12.9549528239538,0.4550567696391745,1.5758495909275094,19.615553529673672,2.0,4.809998556053661e-18,2.0,0.25,3.7444681578001e-18,0.25,154.85468202409763,2.9905653348626875,2.185580300909774,0.03827230320699709,0.0511,[],pid,pid_combo_003,pid,1
stochastic_2001,WIND_3D_SETPOINT,stochastic,0.0,2001,2401,True,2401,False,,1.0239122786890569,13.648129953900773,0.7083355896441256,1.4858289905019617,21.66386333088449,2.0,2.8158891735300175e-18,2.0,0.25,2.8158891735300175e-18,0.25,154.12944707412484,4.080091690847036,2.554282819023836,0.03962644731361933,0.0537,[],pid,pid_combo_003,pid,1
stochastic_2002,WIND_3D_SETPOINT,stochastic,0.0,2002,2401,True,2401,False,,0.4217640577061637,7.910913643501237,0.15798774586295128,0.5774689498632274,10.992364527341994,2.0,0.03143243932121492,1.6561248815505882,0.25,0.015,0.25,148.05544867532305,2.533869558325394,1.0320919164303801,0.03805939192003332,0.0524,[],pid,pid_combo_003,pid,1
stochastic_2003,WIND_3D_SETPOINT,stochastic,0.0,2003,2401,True,2401,False,,1.208168035050179,33.83809134354598,0.9262163978172248,1.8419881115743464,17.90794279215364,2.0,0.022045579951745112,2.0,0.2500000000000001,0.015,0.25,145.20386349191827,3.994829710024071,1.8301326458701237,0.04083227821740941,0.0535,[],pid,pid_combo_003,pid,1
stochastic_2004,WIND_3D_SETPOINT,stochastic,0.0,2004,2401,True,2401,True,0.9500000000000002,0.0540004950461539,0.8083822740269709,0.15000495576441933,0.05749576856125674,0.4752580943413549,0.4917270940885637,0.0,0.9995740896326423,0.07357415847754384,0.0,0.25,143.11876271143478,0.5000763486603077,0.11302250457099348,0.04094277384423157,0.0523,[],pid,pid_combo_003,pid,1
stochastic_2005,WIND_3D_SETPOINT,stochastic,0.0,2005,2401,True,2401,True,0.9500000000000002,0.5797970654372706,9.061508285909412,0.20418289888562322,0.7605291742016953,11.72153286371353,2.0,0.0,2.0,0.25,0.0,0.25000000000000006,151.06538923617435,2.842221059920108,0.7759318197454104,0.03844410662224073,0.0517,[],pid,pid_combo_003,pid,1
stochastic_2006,WIND_3D_SETPOINT,stochastic,0.0,2006,2401,True,2401,False,,1.1917371576663716,35.33216480687172,1.013211558421593,1.768462735295689,20.01760703223617,2.0,0.020452584340275363,2.0,0.25,0.01414213562373095,0.25000000000000006,144.19324853711166,3.8579566979468614,1.9579768265925428,0.03829333610995419,0.0533,[],pid,pid_combo_003,pid,1
stochastic_2007,WIND_3D_SETPOINT,stochastic,0.0,2007,2401,True,2401,False,,0.8898706511428993,12.143637319039899,0.3338519402033352,1.1352253084757684,12.732310194728923,2.0,0.0245407281835818,1.740027253816768,0.25000000000000006,0.022713288095201574,0.25,145.86158385866878,3.2152073104998675,1.5241209686519295,0.03980728862973761,0.0478,[],pid,pid_combo_003,pid,1
stochastic_2008,WIND_3D_SETPOINT,stochastic,0.0,2008,2401,True,2401,False,,1.1168514685645978,11.87512573926026,0.2964743626091974,1.4850991217701242,17.843177878399818,2.0,0.025210864172575037,2.0,0.25,0.021531979396155407,0.25,147.25849304713805,3.0397293439812736,2.6040784589974915,0.03452565597667639,0.047,[],pid,pid_combo_003,pid,1
stochastic_2009,WIND_3D_SETPOINT,stochastic,0.0,2009,2401,True,2401,False,,1.1989928745905327,13.3417648140353,0.5909874596753284,1.6634325141936315,21.505955007367152,2.0,0.02704819169296258,2.0,0.25,0.018735884430612984,0.2500000000000001,151.56611957059252,3.0103488012304864,2.772912961908741,0.0404932944606414,0.0483,[],pid,pid_combo_003,pid,1
stochastic_2010,WIND_3D_SETPOINT,stochastic,0.0,2010,2401,True,2401,False,,0.8866490470676064,10.440595690038823,0.3427699512079793,1.1011270546449685,16.406285606548245,2.0,0.0,2.0,0.25,0.0,0.25,155.01633937366785,3.06716730440779,0.9353076667190745,0.042422365680966266,0.0523,[],pid,pid_combo_003,pid,1
stochastic_2011,WIND_3D_SETPOINT,stochastic,0.0,2011,2401,True,2401,False,,0.38432224357056627,7.69003412320972,0.19573205745939387,0.5412166455497021,10.705926979975676,2.0,0.0,1.5931323948950489,0.25,0.0,0.25,147.70180405973323,2.5123835855531524,0.9699140632585955,0.036939566847147026,0.0513,[],pid,pid_combo_003,pid,1
stochastic_2012,WIND_3D_SETPOINT,stochastic,0.0,2012,2401,True,2401,False,,0.6259339892906121,9.604771939615942,0.274792087730091,0.8308040829251324,14.609140228998296,2.0,0.0,2.0,0.25,0.0,0.2500000000000001,151.92199018109812,2.89728424315141,0.9594288444803717,0.04145281132861308,0.0523,[],pid,pid_combo_003,pid,1
stochastic_2013,WIND_3D_SETPOINT,stochastic,0.0,2013,2401,True,2401,False,,1.1980830550625132,12.87763917407989,0.4666855651670896,1.594053509504366,18.611354073498937,2.0,1.0152345921938259e-17,2.0,0.25,5.522769394553787e-18,0.25,150.20163829764297,3.1870377153887217,2.2976116221378797,0.041152977925864226,0.0555,[],pid,pid_combo_003,pid,1
stochastic_2014,WIND_3D_SETPOINT,stochastic,0.0,2014,2401,True,2401,False,,1.4337027201801156,19.557071926845616,1.608826870858649,2.223070675511468,25.26360422887921,2.0,0.02716519521873975,2.0,0.25,0.01414213562373095,0.25,151.58384770040865,4.70202634620568,3.264482448852196,0.04019983340274886,0.0527,[],pid,pid_combo_003,pid,1
stochastic_2015,WIND_3D_SETPOINT,stochastic,0.0,2015,2401,True,2401,False,,0.8065584658071834,17.161523016998927,0.21918310502395094,1.1158015031210853,14.076074077908123,2.0,0.025644909474641413,2.0,0.25,0.017355757349150173,0.25000000000000006,138.55787706614748,3.6291726903821213,1.7394197462090686,0.03935206164098292,0.0565,[],pid,pid_combo_003,pid,1
stochastic_2016,WIND_3D_SETPOINT,stochastic,0.0,2016,2401,True,2401,False,,0.839865710666981,9.807880625059923,0.26978844501002935,1.0530802508296049,15.596689768503811,2.0,0.027657533763693776,2.0,0.25,0.01414213562373095,0.25,145.08506675550294,2.4182388140473563,3.0350594859137585,0.03153007080383174,0.0448,[],pid,pid_combo_003,pid,1
stochastic_2017,WIND_3D_SETPOINT,stochastic,0.0,2017,2401,True,2401,False,,1.0810846204590494,11.508081786410955,0.45468994868001805,1.3949768890184515,20.392102912819475,2.0,0.032086681204650566,2.0,0.25,0.01414213562373095,0.25000000000000006,155.66674870684156,2.663028551254324,1.0347779739254297,0.039713994169096205,0.0502,[],pid,pid_combo_003,pid,1
stochastic_2018,WIND_3D_SETPOINT,stochastic,0.0,2018,2401,True,2401,False,,1.1421637716158015,15.362664456447305,0.23984381343805322,1.5943366167854442,16.421474476038412,2.0,3.565592604665227e-17,2.0,0.25,5.241621636320045e-17,0.2500000000000001,145.38382954288187,4.440884818254148,2.3892274524206254,0.03580649729279467,0.0506,[],pid,pid_combo_003,pid,1
stochastic_2019,WIND_3D_SETPOINT,stochastic,0.0,2019,2401,True,2401,False,,1.195887389590749,12.39622028166232,0.48221479619791047,1.6093626131917331,19.49712785990762,2.0,4.597470631354615e-18,2.0,0.25,4.555377552747516e-18,0.25,148.63229884253616,2.8476335793843535,2.8913978582369935,0.03846730528946272,0.0518,[],pid,pid_combo_003,pid,1
ramp_wind_equilibrium_hold,RAMP_WIND_EQUILIBRIUM_HOLD,ramp,3.0,-1,2401,True,2401,True,0.0,0.15996502218702213,1.2568341943445045,0.1564714844220797,0.2541583542019452,1.2607824455770662,1.5483915718802623,0.0,0.18442315536805934,0.08553503747548363,0.0,0.021794779119983704,130.58480386704363,0.6634639915205209,0.22178162247335134,0.04271882548937942,0.0501,[],pid,pid_combo_003,pid,1
calm_axis_00,CALM_3D_SETPOINT,calm,0.0,-1,2401,True,2401,False,,1.1957562591406024,13.83328315870018,0.6098746941991544,1.7544007914834032,25.009686768610532,2.0,0.0,2.0,0.25,0.0,0.25,153.95464351585682,3.0027773332642917,0.9963921413488492,0.038189171178675554,0.0525,[],pid,pid_combo_001,pid,2
calm_axis_01,CALM_3D_SETPOINT,calm,0.0,-1,2401,True,2401,False,,0.9905787577400749,16.572042060001145,0.6245647976165735,1.4386749155022422,20.885136865906894,2.0,1.6076160915505153e-16,2.0,0.25,1.3979538941251842e-17,0.25,156.1573863194066,3.5317191900323586,2.3783956121220604,0.04067271970012495,0.0525,[],pid,pid_combo_001,pid,2
calm_axis_02,CALM_3D_SETPOINT,calm,0.0,-1,2401,True,2401,True,4.9350000000000005,0.08807121413049163,0.0,0.15043189146587374,0.028290911674724945,0.015080624135007556,5.316328219924602e-14,0.10649718834460085,0.0025462959730426704,4.547348387854995e-15,0.007875,0.00012739356446546,129.8977101203526,0.2012875907122077,0.007049230470603098,0.03248725531028738,0.0443,[],pid,pid_combo_001,pid,2
calm_axis_03,CALM_3D_SETPOINT,calm,0.0,-1,2401,True,2401,True,4.9350000000000005,0.08807121413049163,0.0,0.15043189146587374,0.028290911674724945,0.015080624135007556,5.316328219924602e-14,0.10649718834460085,0.0025462959730426704,4.547348387854995e-15,0.007875,0.00012739356446546,129.8977101203526,0.2012875907122077,0.007049230470603098,0.03871815910037484,0.0531,[],pid,pid_combo_001,pid,2
calm_axis_04,CALM_3D_SETPOINT,calm,0.0,-1,2401,True,2401,True,0.95,0.027710447045507045,0.0,0.017645507423202367,0.0007280363458451724,0.23921274990503313,0.0,0.0,1.000000000000001,0.0,0.0,0.25,143.1244,0.0,0.0,0.04393590170762182,0.0549,[],pid,pid_combo_001,pid,2
calm_axis_05,CALM_3D_SETPOINT,calm,0.0,-1,2401,True,2401,True,0.95,0.02771044704550717,0.0,0.017645507423203283,0.0007280363458457435,0.23921274990503696,0.0,0.0,0.9999999999999989,0.0,0.0,0.25,134.9406913894439,0.0,0.0,0.0421628071636818,0.0524,[],pid,pid_combo_001,pid,2
calm_face_diagonal_00,CALM_3D_SETPOINT,calm,0.0,-1,2401,True,2401,False,,1.1876070782232615,13.784762922443567,0.5782952154665717,1.7218264652713589,23.87499467184532,2.0,0.11580814778289278,2.0,0.25,0.007424621202458749,0.25,153.08082390505263,2.9621465896881483,1.0026244339002885,0.04210807996668055,0.0511,[],pid,pid_combo_001,pid,2
calm_face_diagonal_01,CALM_3D_SETPOINT,calm,0.0,-1,2401,True,2401,False,,1.1451620971937253,15.152079377902721,0.5913677753296548,1.6117942836634138,22.356948941836862,2.0,0.06760051728187877,2.0,0.25,0.020320967256324728,0.25,152.2108006640582,3.0222102034552423,2.304405296293097,0.03993981674302374,0.0537,[],pid,pid_combo_001,pid,2
calm_face_diagonal_02,CALM_3D_SETPOINT,calm,0.0,-1,2401,True,2401,False,,1.1876070782232615,13.784762922443567,0.5782952154665717,1.7218264652713589,23.87499467184532,2.0,0.11580814778289278,2.0,0.25,0.007424621202458749,0.25,153.08082390505263,2.9621465896881483,1.0026244339002885,0.03697072053311121,0.0517,[],pid,pid_combo_001,pid,2
calm_face_diagonal_03,CALM_3D_SETPOINT,calm,0.0,-1,2401,True,2401,False,,1.1451620971937244,15.152079377902721,0.5913677753296548,1.6117942836634127,22.356948941836848,2.0,0.06760051728187877,2.0,0.25,0.02032096725632509,0.2500000000000001,152.21080066405813,3.0222102034552423,2.3044052962930976,0.039813744273219494,0.0515,[],pid,pid_combo_001,pid,2
calm_face_diagonal_04,CALM_3D_SETPOINT,calm,0.0,-1,2401,True,2401,False,,1.188193371999695,13.6592198325096,0.5771608091111727,1.716655875550198,24.014954066005775,2.0,0.0,2.0,0.25000000000000006,0.0,0.2500000000000001,152.44796824729775,2.958657501209552,0.9864770011201529,0.04555318617242815,0.0545,[],pid,pid_combo_001,pid,2
calm_face_diagonal_05,CALM_3D_SETPOINT,calm,0.0,-1,2401,False,2315,False,,0.8355203693345437,41.60551127290384,0.5923360975849116,1.2901138732799309,19.016206501508826,2.0,3.1846805202858075e-16,2.0,0.25,2.2334700320297803e-16,0.25,137.5155293307177,16.702643942275678,1.7094056357976364,0.036860141607663474,0.0474,['attitude'],pid,pid_combo_001,pid,2
calm_face_diagonal_06,CALM_3D_SETPOINT,calm,0.0,-1,2401,True,2401,False,,1.1078715381994033,13.10078115171387,0.579121785742457,1.5672182510902948,23.958819007995476,2.0,2.0432225056411992e-17,2.0,0.25,2.896014585754779e-17,0.2500000000000001,151.14940510395297,2.98381743516253,3.8620788196056166,0.03667542690545606,0.0494,[],pid,pid_combo_001,pid,2
calm_face_diagonal_07,CALM_3D_SETPOINT,calm,0.0,-1,2401,True,2401,False,,1.1230272809713508,14.382483679945874,0.5902677522268149,1.5820895588551607,23.803197886576076,2.0,9.860551646425497e-19,2.0,0.25,1.0402834371306085e-19,0.25,152.24236533345885,3.0282167796278854,2.2685071989541084,0.04096468138275718,0.0505,[],pid,pid_combo_001,pid,2
calm_face_diagonal_08,CALM_3D_SETPOINT,calm,0.0,-1,2401,True,2401,True,4.88,0.08706246744549453,0.0,0.14281277331652684,0.027078056216555443,0.2298547478723787,1.988078219134048e-14,0.10234315190723497,0.9737143733158425,1.3974036246075783e-15,0.007424621202458749,0.25,142.77637925429875,0.1924127328937574,0.006729963852124804,0.03541057892544773,0.0523,[],pid,pid_combo_001,pid,2
calm_face_diagonal_09,CALM_3D_SETPOINT,calm,0.0,-1,2401,True,2401,True,4.89,0.08690438811937196,0.0,0.1427610448678415,0.026279128827543755,0.22907817455583518,6.607114897115385e-14,0.09883287265421825,0.9737143942701456,7.903007082852563e-15,0.007424621202458749,0.25,134.6659897432182,0.18714241072006685,0.00655626878472053,0.03956913785922532,0.0509,[],pid,pid_combo_001,pid,2
calm_face_diagonal_10,CALM_3D_SETPOINT,calm,0.0,-1,2401,True,2401,True,4.89,0.08690438811937196,0.0,0.1427610448678415,0.026279128827543755,0.22907817455583518,6.607114897115385e-14,0.09883287265421825,0.9737143942701456,7.903007082852563e-15,0.007424621202458749,0.25,134.6659897432182,0.18714241072006685,0.00655626878472053,0.03457159516867972,0.0475,[],pid,pid_combo_001,pid,2
calm_face_diagonal_11,CALM_3D_SETPOINT,calm,0.0,-1,2401,True,2401,True,4.88,0.08706246744549453,0.0,0.14281277331652684,0.027078056216555443,0.2298547478723787,1.988078219134048e-14,0.10234315190723497,0.9737143733158425,1.3974036246075783e-15,0.007424621202458749,0.25,142.77637925429875,0.1924127328937574,0.006729963852124804,0.03006793002915452,0.0313,[],pid,pid_combo_001,pid,2
constant_1.5_axis_00,WIND_3D_SETPOINT,constant,1.5,-1,2401,True,2401,False,,1.4228959447695002,35.71380207498348,0.9957288193651532,2.173514854352744,21.482054645887473,2.0,1.7951071058249215e-15,2.0,0.25,6.589520510322922e-16,0.2500000000000001,146.0203788328227,4.758577726592666,2.62257814152042,0.041658975426905456,0.0517,[],pid,pid_combo_001,pid,2
constant_1.5_axis_01,WIND_3D_SETPOINT,constant,1.5,-1,2401,True,2401,False,,1.0347300330664586,27.510964658214856,0.5787532109395374,1.549781834966182,18.24813801629098,2.0,2.9895892876599375e-15,1.8182454156683179,0.2500000000000001,6.556789880034927e-16,0.25,149.71262564924902,5.231582064839721,2.813451594779719,0.04404972927946689,0.0534,[],pid,pid_combo_001,pid,2
constant_1.5_axis_02,WIND_3D_SETPOINT,constant,1.5,-1,2401,True,2401,False,,1.297907050172373,36.02575431471645,0.7841356704993611,2.0084049375008926,18.63562802249417,2.0,0.05667221962950912,2.0,0.25,0.024198167529651413,0.2500000000000001,145.8612072400831,4.131404111933626,2.123154276342305,0.041414035818408995,0.0523,[],pid,pid_combo_001,pid,2
constant_1.5_axis_03,WIND_3D_SETPOINT,constant,1.5,-1,2401,True,2401,False,,1.2979070501723715,36.02575431471654,0.7841356704993611,2.008404937500887,18.635628022494338,2.0,0.05667221962950916,2.0,0.25,0.024198167529651204,0.2500000000000001,145.8612072400831,4.131404111933683,2.1231542763422926,0.03657975843398584,0.0511,[],pid,pid_combo_001,pid,2
constant_1.5_axis_04,WIND_3D_SETPOINT,constant,1.5,-1,2401,True,2401,False,,1.325178555479658,18.884950130323652,0.7756083151610925,2.0165152241194684,26.69946123851757,2.0,2.7788610173555343e-16,2.0,0.25,8.116534525738105e-17,0.25000000000000006,154.04678050858553,3.8299779437765453,2.2621041994515254,0.038363848396501456,0.0497,[],pid,pid_combo_001,pid,2
constant_1.5_axis_05,WIND_3D_SETPOINT,constant,1.5,-1,2401,False,2352,False,,1.362297118731554,40.99896697661879,0.7870915317876181,2.1592644617957144,23.865213015241114,2.0,4.705361494500106e-16,2.0,0.25,1.1222836856418623e-16,0.2500000000000001,143.86363993232482,17.06431887973011,3.4776881305412934,0.03852311536859642,0.0507,['attitude'],pid,pid_combo_001,pid,2
constant_1.5_face_diagonal_00,WIND_3D_SETPOINT,constant,1.5,-1,2401,True,2401,False,,1.4171284139489804,35.734353844171515,0.9856210887729474,2.1597334839460425,21.535701012283152,2.0,0.04687877792274024,2.0,0.25,0.024801354173555293,0.25000000000000006,145.92028532785417,4.7991841200808505,2.665648770315984,0.04129587671803415,0.0513,[],pid,pid_combo_001,pid,2
constant_1.5_face_diagonal_01,WIND_3D_SETPOINT,constant,1.5,-1,2401,True,2401,False,,1.049999309899029,26.265362701847906,0.5950299478696124,1.5534012688169239,19.453624756572054,2.0,0.03545255672876459,2.0,0.25,0.012519018483010888,0.25000000000000006,152.7986410477284,5.314652881592885,2.9199774864723005,0.04238758850478967,0.0504,[],pid,pid_combo_001,pid,2
constant_1.5_face_diagonal_02,WIND_3D_SETPOINT,constant,1.5,-1,2401,True,2401,False,,1.4171284139489815,35.73435384417136,0.9856210887729474,2.1597334839460465,21.53570101228307,2.0,0.04687877792273999,2.0,0.25,0.024801354173555612,0.25000000000000006,145.92028532785417,4.799184120080804,2.665648770315978,0.032181382757184504,0.0453,[],pid,pid_combo_001,pid,2
constant_1.5_face_diagonal_03,WIND_3D_SETPOINT,constant,1.5,-1,2401,True,2401,False,,1.0499993098990277,26.265362701847707,0.5950299478696124,1.5534012688169183,19.453624756572015,2.0,0.03545255672876377,2.0,0.25,0.012519018483010617,0.25000000000000006,152.79864104772858,5.31465288159281,2.919977486472411,0.04118996251561849,0.0489,[],pid,pid_combo_001,pid,2
constant_1.5_face_diagonal_04,WIND_3D_SETPOINT,constant,1.5,-1,2401,True,2401,False,,1.392131717273831,21.161077295281792,0.9760405449059388,2.0810565693218828,26.028681161089402,2.0,2.9153145035869235e-16,2.0,0.25,2.332691900694799e-16,0.2500000000000001,154.18885108177406,4.473511040538111,3.2654975008154232,0.03993377759266972,0.0502,[],pid,pid_combo_001,pid,2
constant_1.5_face_diagonal_05,WIND_3D_SETPOINT,constant,1.5,-1,2401,False,2295,False,,1.1982073331985916,42.86107490364943,0.5922496836687919,1.9318095552264853,21.570485638807956,2.0,3.4081126839829675e-16,2.0,0.2500000000000001,1.4227588852394433e-16,0.2500000000000001,140.85682079575017,18.914637094104876,2.2602350047978934,0.042028029987505204,0.055,['attitude'],pid,pid_combo_001,pid,2
constant_1.5_face_diagonal_06,WIND_3D_SETPOINT,constant,1.5,-1,2401,False,2370,False,,1.4836493590635005,40.8375267645025,0.9921404597845005,2.317158201691864,24.71822212630599,2.0,2.579605038657499e-16,2.0,0.25,2.460715678545633e-16,0.2500000000000001,146.08012399283712,16.765377953552214,3.913538624105981,0.03737122032486464,0.0474,['attitude'],pid,pid_combo_001,pid,2
constant_1.5_face_diagonal_07,WIND_3D_SETPOINT,constant,1.5,-1,2401,True,2401,False,,1.2243599296351477,16.157172880342216,0.5890510836683204,1.871718590321802,26.74788731504985,2.0,1.4204270229658451e-18,2.0,0.25,1.3914792373884584e-18,0.25000000000000006,155.67930928304546,3.228082633177599,2.597035497622416,0.03705422740524781,0.0509,[],pid,pid_combo_001,pid,2
constant_1.5_face_diagonal_08,WIND_3D_SETPOINT,constant,1.5,-1,2401,True,2401,False,,1.3391579214949454,19.06931396383515,0.7796074996774794,2.035535428822832,26.618385696108355,2.0,0.042143651416195485,2.0,0.25,0.017828398292993996,0.25000000000000006,153.7827235793815,3.8051109172452025,2.336725435461876,0.03856734693877551,0.0498,[],pid,pid_combo_001,pid,2
constant_1.5_face_diagonal_09,WIND_3D_SETPOINT,constant,1.5,-1,2401,False,2345,False,,1.3663146773468795,41.30812352057991,0.7899088538002572,2.1634785548016313,23.649361174079523,2.0,0.05333473548182638,2.0,0.25,0.041127717742058506,0.25,143.84704986391077,18.13461803621017,3.4141198646706092,0.03606618075801749,0.0484,['attitude'],pid,pid_combo_001,pid,2
constant_1.5_face_diagonal_10,WIND_3D_SETPOINT,constant,1.5,-1,2401,False,2345,False,,1.3663146773468797,41.30812352057995,0.7899088538002572,2.1634785548016318,23.649361174079598,2.0,0.053334735481826226,2.0,0.25,0.04112771774207023,0.25,143.84704986391077,18.134618036210384,3.4141198646706004,0.041163931695127026,0.0523,['attitude'],pid,pid_combo_001,pid,2
constant_1.5_face_diagonal_11,WIND_3D_SETPOINT,constant,1.5,-1,2401,True,2401,False,,1.3391579214949454,19.06931396383517,0.7796074996774794,2.035535428822832,26.618385696108344,2.0,0.04214365141619523,2.0,0.25,0.0178283982929937,0.25000000000000006,153.78272357938133,3.8051109172451865,2.3367254354619087,0.04376351520199917,0.0562,[],pid,pid_combo_001,pid,2
constant_3_axis_00,WIND_3D_SETPOINT,constant,3.0,-1,2401,False,2375,False,,2.0119245478588668,22.086672270979207,2.17236185429051,2.890295748091512,35.59004379996133,2.0,1.529667450472276e-16,2.0,0.25,1.4938523134268703e-16,0.25,154.49169934438532,6.048797708612749,4.684287790716023,0.04257971678467305,0.057,['tip_height'],pid,pid_combo_001,pid,2
constant_3_axis_01,WIND_3D_SETPOINT,constant,3.0,-1,2401,True,2401,False,,2.1633247733138306,19.77128658549163,1.9568615764554531,3.1810036878637953,35.42467809127943,2.0,7.56010275736522e-17,2.0,0.25,5.4864091761392864e-17,0.25,157.0965617891069,6.251333465963183,4.032224779288561,0.04193336109954185,0.0541,[],pid,pid_combo_001,pid,2
constant_3_axis_02,WIND_3D_SETPOINT,constant,3.0,-1,2401,True,2401,False,,2.120946317247982,21.87950615485183,2.0677246717457103,3.0649942282000238,35.27723500683502,2.0,0.2080927247604632,2.0,0.25,0.10577180330005151,0.25,154.56383443997797,5.837220994931262,4.924232511123331,0.03919433569346106,0.0504,[],pid,pid_combo_001,pid,2
constant_3_axis_03,WIND_3D_SETPOINT,constant,3.0,-1,2401,True,2401,False,,2.12094631724799,21.87950615485158,2.0677246717457103,3.0649942282000424,35.277235006835355,2.0,0.20809272476042096,2.0,0.25,0.10577180330003064,0.25,154.56383443997785,5.837220994931715,4.924232511124087,0.04091603498542274,0.0553,[],pid,pid_combo_001,pid,2
constant_3_axis_04,WIND_3D_SETPOINT,constant,3.0,-1,2401,True,2401,False,,1.9583458158403981,18.636027890780454,2.073586730986183,2.827816998583549,37.9471368132072,2.0,2.8631936753580913e-17,2.0,0.25,1.1723011168833668e-17,0.25,156.61821013971002,3.8570960900269897,4.1199095414039775,0.04070907955018742,0.055,[],pid,pid_combo_001,pid,2
constant_3_axis_05,WIND_3D_SETPOINT,constant,3.0,-1,2401,True,2401,False,,0.5545221530170296,65.68700256200286,1.3406139626906355,0.34375796110369056,26.382589840688578,2.0,4.357504209248615e-16,2.0,0.25,2.18227047772845e-16,0.25,139.7652373808188,2.816496698883055,1.4855092474124656,0.040291711786755516,0.055,[],pid,pid_combo_001,pid,2
constant_3_face_diagonal_00,WIND_3D_SETPOINT,constant,3.0,-1,2401,True,2401,False,,2.0326203078469347,22.60103819746864,2.167019544561936,2.921984715199651,35.30619999850481,2.0,0.3089952446305034,2.0,0.25,0.17211570675790347,0.25,154.49633262854144,5.960790975571485,4.29733920712819,0.042207330279050395,0.057,[],pid,pid_combo_001,pid,2
constant_3_face_diagonal_01,WIND_3D_SETPOINT,constant,3.0,-1,2401,True,2401,False,,2.158686269694719,19.428751313995125,1.9645745443713958,3.1703666586556105,36.0435479517181,2.0,0.23291464189343966,2.0,0.25,0.10630304725482731,0.25,156.81368807517262,5.912883351603007,3.8780869167351124,0.030410120783007078,0.033,[],pid,pid_combo_001,pid,2
constant_3_face_diagonal_02,WIND_3D_SETPOINT,constant,3.0,-1,2401,True,2401,False,,2.0326203078469223,22.601038197469045,2.167019544561936,2.921984715199627,35.306199998504916,2.0,0.3089952446305156,2.0,0.25,0.17211570675801718,0.25,154.49633262854144,5.960790975571338,4.297339207127008,0.038574094127446897,0.0568,[],pid,pid_combo_001,pid,2
constant_3_face_diagonal_03,WIND_3D_SETPOINT,constant,3.0,-1,2401,True,2401,False,,2.1586862696947176,19.428751313995225,1.9645745443713958,3.170366658655607,36.04354795171796,2.0,0.2329146418934392,2.0,0.25,0.10630304725482706,0.25,156.8136880751727,5.912883351602568,3.878086916734672,0.03914993752603082,0.0553,[],pid,pid_combo_001,pid,2
constant_3_face_diagonal_04,WIND_3D_SETPOINT,constant,3.0,-1,2401,True,2401,False,,1.8360429102039335,18.7572270834111,2.173570596557948,2.636072331118755,38.39693887361266,2.0,1.4656270844277614e-17,2.0,0.25,1.2272481651232784e-17,0.25,156.7821400203263,3.973413414366376,4.539417922006179,0.04114802165764265,0.0562,[],pid,pid_combo_001,pid,2
constant_3_face_diagonal_05,WIND_3D_SETPOINT,constant,3.0,-1,2401,False,2381,False,,1.6191385768853983,22.79151620313635,1.3822247866408806,1.9913392807373795,31.389409577742683,2.0,1.0507346906221474e-16,2.0,0.25,2.5416245765774478e-17,0.25,154.68924109531454,3.9527447201554518,2.7457970285137154,0.04047775926697209,0.0554,['tip_height'],pid,pid_combo_001,pid,2
constant_3_face_diagonal_06,WIND_3D_SETPOINT,constant,3.0,-1,2401,True,2401,False,,0.5450516618324811,66.48379384211223,1.297924127456502,0.3867040424999169,26.634567424385722,2.0,4.0207662963511375e-16,2.0,0.25,3.2493208429097567e-16,0.25,139.35149398955306,2.570142635444312,1.901374832522034,0.0391271137026239,0.0578,[],pid,pid_combo_001,pid,2
constant_3_face_diagonal_07,WIND_3D_SETPOINT,constant,3.0,-1,2401,True,2401,False,,1.9925286966513616,18.42376404668238,1.9693640186290473,2.8777331089895166,37.655138107276784,2.0,2.961384127046726e-17,2.0,0.25,1.503052874257919e-17,0.25,156.50416542398037,3.691833868612085,4.270770616023247,0.039463973344439816,0.056,[],pid,pid_combo_001,pid,2
constant_3_face_diagonal_08,WIND_3D_SETPOINT,constant,3.0,-1,2401,True,2401,False,,1.9679572211956278,18.674727352427688,2.073986524953518,2.841520092591444,38.04425339631056,2.0,0.2234998764251815,2.0,0.25,0.13965188788334085,0.25,156.63377799512284,3.8876761986252895,4.302997318304848,0.04826018325697626,0.0593,[],pid,pid_combo_001,pid,2
constant_3_face_diagonal_09,WIND_3D_SETPOINT,constant,3.0,-1,2401,True,2401,False,,0.5565435291247756,65.32442935211121,1.345515205082239,0.34401296303628837,24.975778536110933,2.0,0.05911966324087111,2.0,0.25,0.02320047930429592,0.2500000000000001,139.74015367636986,2.686102820660501,1.4559770402947732,0.04440699708454811,0.0587,[],pid,pid_combo_001,pid,2
constant_3_face_diagonal_10,WIND_3D_SETPOINT,constant,3.0,-1,2401,True,2401,False,,0.5565435291247751,65.32442935211145,1.345515205082239,0.3440129630362859,24.975778536110912,2.0,0.05911966324087066,2.0,0.25,0.023200479304292258,0.2500000000000001,139.74015367636986,2.686102820660549,1.4559770402947725,0.04225568513119533,0.0579,[],pid,pid_combo_001,pid,2
constant_3_face_diagonal_11,WIND_3D_SETPOINT,constant,3.0,-1,2401,True,2401,False,,1.967957221195625,18.67472735242768,2.073986524953518,2.8415200925914395,38.044253396310545,2.0,0.22349987642518154,2.0,0.25,0.13965188788334842,0.25,156.63377799512287,3.8876761986252926,4.302997318304786,0.04238900458142441,0.0567,[],pid,pid_combo_001,pid,2
stochastic_2000,WIND_3D_SETPOINT,stochastic,0.0,2000,2401,True,2401,False,,1.1432990119971884,12.9549528239538,0.4550567696391745,1.5758495909275094,19.615553529673672,2.0,9.309069882579546e-18,2.0,0.25,7.515699285800762e-18,0.25,154.85468202409763,2.9905653348626875,2.185580300909774,0.045079092044981256,0.0567,[],pid,pid_combo_001,pid,2
stochastic_2001,WIND_3D_SETPOINT,stochastic,0.0,2001,2401,True,2401,False,,1.0239122786890569,13.648129953900773,0.7083355896441256,1.4858289905019617,21.66386333088449,2.0,5.626870444941038e-18,2.0,0.25,5.626870444941038e-18,0.25,154.12944707412484,4.080091690847036,2.554282819023836,0.045274302374010825,0.0562,[],pid,pid_combo_001,pid,2
stochastic_2002,WIND_3D_SETPOINT,stochastic,0.0,2002,2401,True,2401,False,,0.42233761317852875,7.910780303758526,0.16053844592743796,0.5786693208454725,10.998174700056456,2.0,0.07112490927594618,1.6559916205235017,0.25,0.007875,0.25,148.05405376594823,2.5338310680230243,1.0320780062652382,0.04144731361932528,0.0568,[],pid,pid_combo_001,pid,2
stochastic_2003,WIND_3D_SETPOINT,stochastic,0.0,2003,2401,True,2401,False,,1.2056030957415,33.68545423530235,0.9263103264730823,1.8352422755733184,17.964409387727827,2.0,0.05786096869876028,2.0,0.25,0.02776914468320311,0.25,145.20312802515582,3.810715190472277,1.8467503871682864,0.04588179925031237,0.0572,[],pid,pid_combo_001,pid,2
stochastic_2004,WIND_3D_SETPOINT,stochastic,0.0,2004,2401,True,2401,True,0.9500000000000002,0.0540004950461539,0.8083822740269709,0.15000495576441933,0.05749576856125674,0.4752580943413549,0.4917270940885637,0.0,0.9995740896326423,0.07357415847754384,0.0,0.25,143.11876271143478,0.5000763486603077,0.11302250457099348,0.043910037484381506,0.0567,[],pid,pid_combo_001,pid,2
stochastic_2005,WIND_3D_SETPOINT,stochastic,0.0,2005,2401,True,2401,True,0.9500000000000002,0.5797970654372706,9.061508285909412,0.20418289888562322,0.7605291742016953,11.72153286371353,2.0,0.0,2.0,0.25,0.0,0.25000000000000006,151.06538923617435,2.842221059920108,0.7759318197454104,0.036395710120783006,0.0521,[],pid,pid_combo_001,pid,2
stochastic_2006,WIND_3D_SETPOINT,stochastic,0.0,2006,2401,True,2401,False,,1.183504720988045,34.75046023264492,1.0133812781143314,1.7400339926618906,20.342612146909804,2.0,0.057143691084386244,2.0,0.25,0.02658576726515284,0.25,144.19319830217424,3.868796983817328,1.9649068762580382,0.04559904206580591,0.0578,[],pid,pid_combo_001,pid,2
stochastic_2007,WIND_3D_SETPOINT,stochastic,0.0,2007,2401,True,2401,False,,0.8901429772688959,12.146568495887214,0.3341114951377827,1.1360554749106802,12.731784488913531,2.0,0.06509884964960846,1.7397945389116,0.25000000000000006,0.026949197062221868,0.25,145.8652031985057,3.215177352135733,1.5226940315290542,0.04353394418992086,0.0546,[],pid,pid_combo_001,pid,2
stochastic_2008,WIND_3D_SETPOINT,stochastic,0.0,2008,2401,True,2401,False,,1.1170604882577768,11.874850492738343,0.29677960443297535,1.4856197636476862,17.846916831243888,2.0,0.06564385278400517,2.0,0.25,0.021058901231509365,0.25,147.258864021117,3.0396906851289915,2.597588245478794,0.03891586838817159,0.0551,[],pid,pid_combo_001,pid,2
stochastic_2009,WIND_3D_SETPOINT,stochastic,0.0,2009,2401,True,2401,False,,1.1991511640252392,13.341157582185023,0.5911831967455503,1.6638269658788571,21.51242266696387,2.0,0.06780278717131574,2.0,0.25,0.007424621202458749,0.25,151.56464499036431,3.0102382188807835,2.7809179621476634,0.04567147022074136,0.0585,[],pid,pid_combo_001,pid,2
stochastic_2010,WIND_3D_SETPOINT,stochastic,0.0,2010,2401,True,2401,False,,0.8866490470676064,10.440595690038823,0.3427699512079793,1.1011270546449685,16.406285606548245,2.0,0.0,2.0,0.25,0.0,0.25,155.01633937366785,3.06716730440779,0.9353076667190745,0.046910787172011664,0.0599,[],pid,pid_combo_001,pid,2
stochastic_2011,WIND_3D_SETPOINT,stochastic,0.0,2011,2401,True,2401,False,,0.38432224357056627,7.69003412320972,0.19573205745939387,0.5412166455497021,10.705926979975676,2.0,0.0,1.5931323948950489,0.25,0.0,0.25,147.70180405973323,2.5123835855531524,0.9699140632585955,0.039711745106205745,0.0556,[],pid,pid_combo_001,pid,2
stochastic_2012,WIND_3D_SETPOINT,stochastic,0.0,2012,2401,True,2401,False,,0.6259339892906121,9.604771939615942,0.274792087730091,0.8308040829251324,14.609140228998296,2.0,0.0,2.0,0.25,0.0,0.2500000000000001,151.92199018109812,2.89728424315141,0.9594288444803717,0.04612719700124948,0.0569,[],pid,pid_combo_001,pid,2
stochastic_2013,WIND_3D_SETPOINT,stochastic,0.0,2013,2401,True,2401,False,,1.1980830550625132,12.87763917407989,0.4666855651670896,1.594053509504366,18.611354073498937,2.0,2.0094821839134175e-17,2.0,0.25,1.1032251859817118e-17,0.25,150.20163829764297,3.1870377153887217,2.297611622137868,0.04374668887963348,0.0573,[],pid,pid_combo_001,pid,2
stochastic_2014,WIND_3D_SETPOINT,stochastic,0.0,2014,2401,True,2401,False,,1.4339892208156095,19.663770294040706,1.608752210762882,2.2236750161204664,25.077770224177343,2.0,0.05717819867808435,2.0,0.25,0.016861814373064554,0.2500000000000001,151.60933507227946,4.695061007794118,3.6420706818828137,0.042860558100791334,0.0564,[],pid,pid_combo_001,pid,2
stochastic_2015,WIND_3D_SETPOINT,stochastic,0.0,2015,2401,True,2401,False,,0.8069770158720859,17.165689515571398,0.22059851298438432,1.1167707803610858,14.094741395072875,2.0,0.06047744976004951,2.0,0.25,0.02900872570458566,0.25000000000000006,138.55784113083493,3.6270235264127635,1.7369005668049229,0.04631441066222407,0.0571,[],pid,pid_combo_001,pid,2
stochastic_2016,WIND_3D_SETPOINT,stochastic,0.0,2016,2401,True,2401,False,,0.840130556925541,9.805833358714978,0.2696155293146905,1.0537905262768583,15.600933265882606,2.0,0.06620657325050787,2.0,0.25,0.01131607063070994,0.25,145.085743862961,2.4182232692844616,3.0208313148659713,0.04440158267388588,0.0565,[],pid,pid_combo_001,pid,2
stochastic_2017,WIND_3D_SETPOINT,stochastic,0.0,2017,2401,True,2401,False,,1.0812558696471668,11.507803706059292,0.45451524923362485,1.395355547029612,20.398848842964792,2.0,0.07703167373081364,2.0,0.25,0.007424621202458749,0.25000000000000006,155.66496004535884,2.663014786750014,1.0347752987649335,0.04159279466888797,0.0568,[],pid,pid_combo_001,pid,2
stochastic_2018,WIND_3D_SETPOINT,stochastic,0.0,2018,2401,True,2401,False,,1.1421637716158015,15.362664456447284,0.23984381343805322,1.5943366167854442,16.421474476038412,2.0,1.288554244461605e-16,2.0,0.25,9.628035239477853e-17,0.2500000000000001,145.3838295428819,4.4408848182541085,2.3892274524206076,0.04194610578925448,0.0551,[],pid,pid_combo_001,pid,2
stochastic_2019,WIND_3D_SETPOINT,stochastic,0.0,2019,2401,True,2401,False,,1.195887389590749,12.39622028166232,0.48221479619791047,1.6093626131917331,19.49712785990762,2.0,9.144928662864633e-18,2.0,0.25,9.025579116295237e-18,0.25,148.63229884253616,2.8476335793843535,2.8913978582369935,0.042682965431070384,0.0575,[],pid,pid_combo_001,pid,2
ramp_wind_equilibrium_hold,RAMP_WIND_EQUILIBRIUM_HOLD,ramp,3.0,-1,2401,True,2401,True,0.0,0.15996502218702213,1.2568341943445045,0.1564714844220797,0.2541583542019452,1.2607824455770662,1.5483915718802623,0.0,0.18442315536805934,0.08553503747548363,0.0,0.021794779119983704,130.58480386704363,0.6634639915205209,0.22178162247335134,0.04133877551020408,0.0583,[],pid,pid_combo_001,pid,2
calm_axis_00,CALM_3D_SETPOINT,calm,0.0,-1,2401,True,2401,False,,1.1430720345391563,14.965252702383946,0.7566437693871896,1.6838798648064692,24.757502471221507,2.0,6.612833892184811e-17,2.0,0.25,1.601027712008782e-17,0.25,153.5667931773238,3.5261513967175335,2.8612016380985508,0.04472086630570595,0.0588,[],pid,pid_combo_004,pid,3
calm_axis_01,CALM_3D_SETPOINT,calm,0.0,-1,2401,True,2401,False,,0.9035301555107977,22.95997942319583,0.7750366790977183,1.258597133815628,20.409710473749474,2.0,6.937192079597265e-16,2.0,0.2500000000000001,5.133744984808819e-16,0.2500000000000001,155.97636120955877,4.695776081501553,2.5855019030104347,0.04181736776343191,0.0563,[],pid,pid_combo_004,pid,3
calm_axis_02,CALM_3D_SETPOINT,calm,0.0,-1,2401,True,2401,True,4.9350000000000005,0.0880712140402092,0.0,0.15043189146580258,0.02829091227048531,0.015080615457638894,6.128799855290177e-14,0.10649717022727781,0.002543586742807627,4.62456584400212e-15,0.007875,0.00012723480813781182,129.89767466852553,0.20128759072256613,0.007049230081198129,0.04194335693461058,0.058,[],pid,pid_combo_004,pid,3
calm_axis_03,CALM_3D_SETPOINT,calm,0.0,-1,2401,True,2401,True,4.9350000000000005,0.0880712140402092,0.0,0.15043189146580258,0.02829091227048531,0.015080615457638894,6.128799855290177e-14,0.10649717022727781,0.002543586742807627,4.62456584400212e-15,0.007875,0.00012723480813781182,129.89767466852553,0.20128759072256613,0.007049230081198129,0.046383590170762184,0.057,[],pid,pid_combo_004,pid,3
calm_axis_04,CALM_3D_SETPOINT,calm,0.0,-1,2401,True,2401,True,0.95,0.02769093505681135,0.0,0.016704019896489064,6.079641884904784e-08,0.23788625431349744,0.0,0.0,1.000000000000001,0.0,0.0,0.25,143.1244,0.0,0.0,0.04419254477301124,0.059,[],pid,pid_combo_004,pid,3
calm_axis_05,CALM_3D_SETPOINT,calm,0.0,-1,2401,True,2401,True,0.95,0.027690935056811323,0.0,0.016704019896490868,6.07964188341825e-08,0.2378862543135007,0.0,0.0,0.9999999999999989,0.0,0.0,0.25,134.93066089687701,0.0,0.0,0.044347938359017076,0.055,[],pid,pid_combo_004,pid,3
calm_face_diagonal_00,CALM_3D_SETPOINT,calm,0.0,-1,2401,True,2401,False,,1.0701810667206257,12.765250022254849,0.7168481892324948,1.551213407914907,25.55666630573676,2.0,0.07452861360678355,2.0,0.25,0.0712298779032771,0.25,153.69379579297384,3.01883792517978,1.7629114571404032,0.0444661391087047,0.0575,[],pid,pid_combo_004,pid,3
calm_face_diagonal_01,CALM_3D_SETPOINT,calm,0.0,-1,2401,True,2401,False,,0.8997151812823123,17.87848691147154,0.7332201478447481,1.2927045016752416,20.159133997928105,2.0,0.06763356241797006,2.0,0.25000000000000006,0.015127056735457722,0.2500000000000001,156.44690087400753,3.9488731653347235,2.6031162207274567,0.044924406497292804,0.0558,[],pid,pid_combo_004,pid,3
calm_face_diagonal_02,CALM_3D_SETPOINT,calm,0.0,-1,2401,True,2401,False,,1.0701810667206255,12.765250022254849,0.7168481892324948,1.5512134079149067,25.55666630573676,2.0,0.07452861360678373,2.0,0.25,0.07122987790327721,0.25,153.69379579297387,3.01883792517978,1.7629114571404154,0.04814514785506039,0.0578,[],pid,pid_combo_004,pid,3
calm_face_diagonal_03,CALM_3D_SETPOINT,calm,0.0,-1,2401,True,2401,False,,0.8997151812823139,17.878486911471526,0.7332201478447481,1.2927045016752439,20.15913399792811,2.0,0.06763356241797006,2.0,0.25000000000000006,0.015127056735457722,0.2500000000000001,156.44690087400758,3.9488731653347147,2.603116220727443,0.04731945022907122,0.0585,[],pid,pid_combo_004,pid,3
calm_face_diagonal_04,CALM_3D_SETPOINT,calm,0.0,-1,2401,True,2401,False,,1.1313641353470911,13.555700746425924,0.7220095739943316,1.6688578349956906,25.589019644419107,2.0,0.0,2.0,0.2500000000000001,0.0,0.25,155.19610821547704,3.0328226753754715,0.998469218234885,0.044196626405664304,0.0588,[],pid,pid_combo_004,pid,3
calm_face_diagonal_05,CALM_3D_SETPOINT,calm,0.0,-1,2401,False,2339,False,,0.9298669476125663,39.75592379241168,0.7279964760254509,1.424169818705085,19.397465768222524,2.0,5.549861898562748e-16,2.0,0.2500000000000001,2.757741572901245e-16,0.25,140.8191265202499,18.776205536023323,1.765137801667025,0.043389004581424404,0.0577,['attitude'],pid,pid_combo_004,pid,3
calm_face_diagonal_06,CALM_3D_SETPOINT,calm,0.0,-1,2401,True,2401,False,,1.0840863529576428,14.95011260669254,0.711736587953956,1.5376788552907108,22.16393692224397,2.0,8.188196015101751e-18,2.0,0.25000000000000006,1.6304155180791144e-18,0.25,150.21076224252874,3.145676696329576,2.9900733019268486,0.045259808413161184,0.058,[],pid,pid_combo_004,pid,3
calm_face_diagonal_07,CALM_3D_SETPOINT,calm,0.0,-1,2401,True,2401,False,,1.123886437959085,15.005486886817247,0.7387218126476186,1.6165208761342515,23.69699104315727,2.0,6.895853849271761e-18,2.0,0.25,6.660800819537345e-19,0.2500000000000001,153.7593445826703,3.2744506382266496,2.628653634672908,0.04631149521032903,0.059,[],pid,pid_combo_004,pid,3
calm_face_diagonal_08,CALM_3D_SETPOINT,calm,0.0,-1,2401,True,2401,True,4.88,0.0870571713742992,0.0,0.14271329565300264,0.0270548486219269,0.22852891762472494,6.508375321491426e-14,0.10233212580532662,0.9709171961916653,3.912292098767679e-15,0.007424621202458749,0.25,142.73934462919007,0.19239474993131836,0.00672935429167096,0.04855018742190754,0.0618,[],pid,pid_combo_004,pid,3
calm_face_diagonal_09,CALM_3D_SETPOINT,calm,0.0,-1,2401,True,2401,True,4.89,0.08690025930873858,0.0,0.1426621225427124,0.026256746598576346,0.2277574401849521,4.1556742842530314e-14,0.09884120739089547,0.9709172171447775,7.643039167003067e-15,0.007424621202458749,0.25,134.65573147269683,0.18715982464202147,0.006556894993650389,0.04351957517700958,0.0602,[],pid,pid_combo_004,pid,3
calm_face_diagonal_10,CALM_3D_SETPOINT,calm,0.0,-1,2401,True,2401,True,4.89,0.08690025930873858,0.0,0.1426621225427124,0.026256746598576346,0.2277574401849521,4.1556742842530314e-14,0.09884120739089547,0.9709172171447775,7.643039167003067e-15,0.007424621202458749,0.25,134.65573147269683,0.18715982464202147,0.006556894993650389,0.04404227405247813,0.0622,[],pid,pid_combo_004,pid,3
calm_face_diagonal_11,CALM_3D_SETPOINT,calm,0.0,-1,2401,True,2401,True,4.88,0.0870571713742992,0.0,0.14271329565300264,0.0270548486219269,0.22852891762472494,6.508375321491426e-14,0.10233212580532662,0.9709171961916653,3.912292098767679e-15,0.007424621202458749,0.25,142.73934462919007,0.19239474993131836,0.00672935429167096,0.044534860474802165,0.058,[],pid,pid_combo_004,pid,3
constant_1.5_axis_00,WIND_3D_SETPOINT,constant,1.5,-1,2401,True,2401,False,,1.439815959470078,35.28345606620194,1.0175526309130831,2.191900281288675,21.589041347479903,2.0,2.1024347473494416e-15,2.0,0.25,4.722260328167169e-16,0.25,146.21085694252994,4.731529892806995,2.6374756807969506,0.041734568929612664,0.0584,[],pid,pid_combo_004,pid,3
constant_1.5_axis_01,WIND_3D_SETPOINT,constant,1.5,-1,2401,True,2401,False,,0.9969174619198252,29.723332952983892,0.6636524728555153,1.4861418083299744,17.155622629095923,2.0,3.715656220278895e-16,1.6710020970763548,0.25,2.0819768200721361e-16,0.25,145.19774614485019,5.21868116794651,2.581968150073286,0.04556413994169096,0.0596,[],pid,pid_combo_004,pid,3
constant_1.5_axis_02,WIND_3D_SETPOINT,constant,1.5,-1,2401,True,2401,False,,1.2723721489921263,36.028831048983875,0.8356773686179169,1.943131760686471,19.14805725618949,2.0,0.05176814956197523,2.0,0.25,0.022350595618053276,0.25,145.82456394858252,4.139286983442812,2.148099851106342,0.04377326114119117,0.0583,[],pid,pid_combo_004,pid,3
constant_1.5_axis_03,WIND_3D_SETPOINT,constant,1.5,-1,2401,True,2401,False,,1.2723721489921263,36.0288310489838,0.8356773686179169,1.9431317606864722,19.148057256189446,2.0,0.051768149561975375,2.0,0.25,0.022350595618053293,0.25000000000000006,145.8245639485826,4.139286983442801,2.1480998511063336,0.04330524781341108,0.063,[],pid,pid_combo_004,pid,3
constant_1.5_axis_04,WIND_3D_SETPOINT,constant,1.5,-1,2401,True,2401,False,,1.3121365313182687,18.935019089885056,0.8280847006898617,1.9827437893413673,26.09489255539759,2.0,7.33769257892126e-16,2.0,0.2500000000000001,7.959361926255544e-17,0.2500000000000001,153.97458146623933,3.833802779423131,2.2624852997943212,0.04643281965847563,0.0608,[],pid,pid_combo_004,pid,3
constant_1.5_axis_05,WIND_3D_SETPOINT,constant,1.5,-1,2401,False,2356,False,,1.3349358152155817,40.62828668234973,0.8387741158252593,2.0953624588886606,23.601013211863602,2.0,2.1929167679629404e-16,2.0,0.2500000000000001,2.379981699880623e-16,0.2500000000000001,143.89475688943944,17.841388618686498,3.5042813181761767,0.04296268221574344,0.0596,['attitude'],pid,pid_combo_004,pid,3
constant_1.5_face_diagonal_00,WIND_3D_SETPOINT,constant,1.5,-1,2401,True,2401,False,,1.4334681415225794,35.29843928346835,1.0089676178969493,2.1774394958536005,21.590052990767024,2.0,0.043561696772905376,2.0,0.25,0.022401953910256414,0.25,146.1962150395801,4.802859398781611,2.691084251973691,0.04656043315285298,0.061,[],pid,pid_combo_004,pid,3
constant_1.5_face_diagonal_01,WIND_3D_SETPOINT,constant,1.5,-1,2401,True,2401,False,,1.0251343165850098,31.00411158577079,0.6771619324342733,1.5400967565901411,17.084473199378607,2.0,0.03765987422210455,1.6920264707689219,0.2500000000000001,0.014406163578815748,0.2500000000000001,145.02151943571468,5.243053501017882,2.296621958306329,0.04372211578508955,0.0589,[],pid,pid_combo_004,pid,3
constant_1.5_face_diagonal_02,WIND_3D_SETPOINT,constant,1.5,-1,2401,True,2401,False,,1.4334681415225805,35.2984392834683,1.0089676178969493,2.177439495853603,21.59005299076723,2.0,0.04356169677290518,2.0,0.25,0.022401953910256334,0.25,146.1962150395801,4.802859398781511,2.69108425197369,0.04444914618908788,0.0567,[],pid,pid_combo_004,pid,3
constant_1.5_face_diagonal_03,WIND_3D_SETPOINT,constant,1.5,-1,2401,True,2401,False,,1.0251343165850078,31.00411158577067,0.6771619324342733,1.5400967565901347,17.084473199378703,2.0,0.03765987422210494,1.6920264707689219,0.25,0.014406163578815707,0.25,145.0215194357147,5.243053501017933,2.2966219583062846,0.04550520616409829,0.0583,[],pid,pid_combo_004,pid,3
constant_1.5_face_diagonal_04,WIND_3D_SETPOINT,constant,1.5,-1,2401,True,2401,False,,1.3903982996904936,20.774717279686964,1.0007557125068118,2.055063677998841,25.50552058696313,2.0,2.897642693582201e-16,2.0,0.25,2.331573926574143e-16,0.25000000000000006,154.14749299656626,4.537288799655888,3.8073281333708326,0.04437459391920034,0.0572,[],pid,pid_combo_004,pid,3
constant_1.5_face_diagonal_05,WIND_3D_SETPOINT,constant,1.5,-1,2401,False,2288,False,,1.1416224132749702,42.76238201379003,0.674745219298702,1.8178584345301385,21.261126143193163,2.0,1.4411171393393654e-15,2.0,0.25,1.265873889843585e-15,0.25,141.9670764628782,20.175926722194784,2.2445332315760584,0.04356093294460641,0.0592,['attitude'],pid,pid_combo_004,pid,3
constant_1.5_face_diagonal_06,WIND_3D_SETPOINT,constant,1.5,-1,2401,False,2393,False,,1.492374325447691,39.55748659238586,1.0142858226867022,2.3180835695751245,24.543943054740783,2.0,3.596791681280055e-16,2.0,0.2500000000000001,2.1918561164528624e-16,0.2500000000000001,146.2161045405759,15.872308903450541,3.930022290055709,0.04231062057476052,0.0553,['attitude'],pid,pid_combo_004,pid,3
constant_1.5_face_diagonal_07,WIND_3D_SETPOINT,constant,1.5,-1,2401,True,2401,False,,1.2138781409913346,15.924907602460397,0.6724317482891318,1.8278294014433558,26.664337215367016,2.0,1.3700550051622083e-17,2.0,0.2500000000000001,4.343875589386034e-18,0.25000000000000006,152.12835749483497,3.294470512720104,2.792318700818383,0.04358671386922115,0.0567,[],pid,pid_combo_004,pid,3
constant_1.5_face_diagonal_08,WIND_3D_SETPOINT,constant,1.5,-1,2401,True,2401,False,,1.315967725220331,19.18782086808604,0.8316787595653924,1.9860859511445301,26.129521887538864,2.0,0.04111269304566958,2.0,0.25,0.02108119032239616,0.25000000000000006,153.8391248699807,3.8700945271582254,2.399662323668646,0.04093115368596418,0.0524,[],pid,pid_combo_004,pid,3
constant_1.5_face_diagonal_09,WIND_3D_SETPOINT,constant,1.5,-1,2401,False,2360,False,,1.3376336731019318,40.58070177861934,0.8411947948554156,2.0976341382811126,23.37833428209846,2.0,0.04744993133703086,2.0,0.2500000000000001,0.03721953736779013,0.2500000000000001,143.88089430430492,17.792810902106922,3.4475563386354695,0.044259433569346106,0.0511,['attitude'],pid,pid_combo_004,pid,3
constant_1.5_face_diagonal_10,WIND_3D_SETPOINT,constant,1.5,-1,2401,False,2360,False,,1.3376336731019332,40.580701778619286,0.8411947948554156,2.097634138281115,23.378334282098322,2.0,0.04744993133703146,2.0,0.2500000000000001,0.03721953736779468,0.25,143.88089430430492,17.792810902106044,3.4475563386354655,0.038276468138275725,0.0525,['attitude'],pid,pid_combo_004,pid,3
constant_1.5_face_diagonal_11,WIND_3D_SETPOINT,constant,1.5,-1,2401,True,2401,False,,1.3159677252203303,19.18782086808612,0.8316787595653924,1.9860859511445303,26.129521887538893,2.0,0.041112693045668565,2.0,0.25,0.021081190322393643,0.25000000000000006,153.83912486998057,3.870094527158221,2.3996623236685424,0.039577509371095373,0.0498,[],pid,pid_combo_004,pid,3
constant_3_axis_00,WIND_3D_SETPOINT,constant,3.0,-1,2401,True,2401,False,,1.996732697629627,20.376947304121682,2.282809175675629,2.8700203949748944,35.84335486411748,2.0,1.7912860419208257e-17,2.0,0.25,1.4375604349333558e-17,0.25,157.5147530009259,5.9906817674849755,4.995745828795705,0.039239233652644735,0.0511,[],pid,pid_combo_004,pid,3
constant_3_axis_01,WIND_3D_SETPOINT,constant,3.0,-1,2401,True,2401,False,,2.112940003650895,19.357962794642912,2.0782090685466885,3.1035009201399157,35.7711007671487,2.0,5.480728665614772e-17,2.0,0.25,5.138869204182054e-17,0.25,157.01010292255108,6.132194772709555,3.967652157324808,0.0393847563515202,0.0512,[],pid,pid_combo_004,pid,3
constant_3_axis_02,WIND_3D_SETPOINT,constant,3.0,-1,2401,True,2401,False,,2.0532501869322206,21.08013503627675,2.1836907296024157,2.965098724450559,35.66553802770989,2.0,0.19980863793309173,2.0,0.2500000000000001,0.08918712442738744,0.25,157.7889116911996,5.9797065626634085,5.155819276610348,0.03941803415243648,0.0507,[],pid,pid_combo_004,pid,3
constant_3_axis_03,WIND_3D_SETPOINT,constant,3.0,-1,2401,True,2401,False,,2.053250186932366,21.080135036270597,2.1836907296024157,2.9650987244507947,35.665538027711804,2.0,0.19980863793296347,2.0,0.25,0.08918712442728749,0.25,157.78891169120243,5.9797065626734405,5.155819276625489,0.04270783007080383,0.0521,[],pid,pid_combo_004,pid,3
constant_3_axis_04,WIND_3D_SETPOINT,constant,3.0,-1,2401,True,2401,False,,1.9218522235868283,18.600063137034383,2.1889975578320366,2.7722354801858433,37.84495192306632,2.0,3.987929085699817e-17,2.0,0.25,2.6064546258812485e-17,0.25,156.5677255444967,3.810184810243493,3.970962448081771,0.03978608912952936,0.0515,[],pid,pid_combo_004,pid,3
constant_3_axis_05,WIND_3D_SETPOINT,constant,3.0,-1,2401,True,2401,False,,0.5194421025021995,68.62857030639552,1.2737019762258603,0.3375709290632942,25.93808022100231,2.0,2.6176649937152106e-15,2.0,0.25,3.364534975203484e-16,0.2500000000000001,138.70976189907893,5.6419805714629625,1.4436566510773778,0.03881528529779259,0.0497,[],pid,pid_combo_004,pid,3
constant_3_face_diagonal_00,WIND_3D_SETPOINT,constant,3.0,-1,2401,True,2401,False,,2.0265011396084613,19.398156574541492,2.2780203547837883,2.9405848289177428,36.1741941779389,2.0,0.16216861467544813,2.0,0.25,0.053821866285166386,0.25,157.7376888527149,6.401233867080832,4.512577897791072,0.038888129945855894,0.0495,[],pid,pid_combo_004,pid,3
constant_3_face_diagonal_01,WIND_3D_SETPOINT,constant,3.0,-1,2401,True,2401,False,,2.127483082567985,19.498642550705586,2.0849181151108493,3.124955140863497,35.514857047434404,2.0,0.23275476184231997,2.0,0.25,0.11474107068645119,0.25,156.80209049822284,5.996942760483996,3.8229206400888573,0.04353681799250312,0.052,[],pid,pid_combo_004,pid,3
constant_3_face_diagonal_02,WIND_3D_SETPOINT,constant,3.0,-1,2401,True,2401,False,,2.0265011396084627,19.39815657454149,2.2780203547837883,2.940584828917745,36.17419417793887,2.0,0.16216861467544744,2.0,0.25,0.05382186628516632,0.25,157.7376888527149,6.401233867080776,4.512577897791065,0.037961682632236565,0.0493,[],pid,pid_combo_004,pid,3
constant_3_face_diagonal_03,WIND_3D_SETPOINT,constant,3.0,-1,2401,True,2401,False,,2.1274830825679847,19.49864255070557,2.0849181151108493,3.124955140863495,35.514857047434404,2.0,0.23275476184232277,2.0,0.2500000000000001,0.11474107068645328,0.25,156.80209049822284,5.996942760484013,3.8229206400888835,0.04205331112036651,0.051,[],pid,pid_combo_004,pid,3
constant_3_face_diagonal_04,WIND_3D_SETPOINT,constant,3.0,-1,2401,True,2401,False,,1.843197067015495,18.660400874187975,2.2821090982194554,2.647488439999146,37.920760031629484,2.0,2.031791867695838e-17,2.0,0.25,1.106798923554354e-17,0.25,156.4769620479419,3.85016996732144,4.026900922050222,0.0413850478967097,0.0496,[],pid,pid_combo_004,pid,3
constant_3_face_diagonal_05,WIND_3D_SETPOINT,constant,3.0,-1,2401,False,2342,False,,2.30328104628137,23.350781432465926,1.8241400994207408,3.252827917025748,33.879277784614395,2.0,1.0039014076309538e-15,2.0,0.25,6.83729138993913e-16,0.25000000000000006,153.06222126001106,4.014013622661702,2.99075235630154,0.042359975010412325,0.0513,['tip_height'],pid,pid_combo_004,pid,3
constant_3_face_diagonal_06,WIND_3D_SETPOINT,constant,3.0,-1,2401,True,2401,False,,0.48065147676697634,64.10784846111041,1.247917650514254,0.2630242040914493,25.38019642012683,2.0,2.3021448538435333e-16,2.0,0.25,9.371261938419658e-17,0.25,140.68224175806566,4.598047268337519,1.7283594854362587,0.04108471470220741,0.0486,[],pid,pid_combo_004,pid,3
constant_3_face_diagonal_07,WIND_3D_SETPOINT,constant,3.0,-1,2401,True,2401,False,,1.9909650708576687,18.50360138910169,2.090826924627605,2.8811206193728816,36.98689839798714,2.0,1.863452453494919e-17,2.0,0.25,1.4893093412156815e-17,0.25,156.63810897787383,5.138161935013998,4.00197085665479,0.040570137442732204,0.0498,[],pid,pid_combo_004,pid,3
constant_3_face_diagonal_08,WIND_3D_SETPOINT,constant,3.0,-1,2401,True,2401,False,,1.9315293517358534,18.641551443045664,2.1892579075063017,2.7868638395554597,37.69342924810373,2.0,0.20730734656271144,2.0,0.25,0.09194468432629999,0.25,156.4645205501276,3.827842842904444,4.132072770317849,0.036031778425655976,0.0488,[],pid,pid_combo_004,pid,3
constant_3_face_diagonal_09,WIND_3D_SETPOINT,constant,3.0,-1,2401,True,2401,False,,0.4875548678752868,56.20883202516832,1.2790293190196487,0.2926414017216238,21.61359987688646,2.0,0.054971033809639004,2.0,0.25,0.02396603357959683,0.25000000000000006,141.29247827064958,3.439279485618513,1.3014055885424303,0.035058142440649726,0.0489,[],pid,pid_combo_004,pid,3
constant_3_face_diagonal_10,WIND_3D_SETPOINT,constant,3.0,-1,2401,True,2401,False,,0.4875548678752862,56.20883202516763,1.2790293190196487,0.2926414017216226,21.613599876886475,2.0,0.05497103380963916,2.0,0.25,0.023966033579602104,0.25,141.29247827064958,3.439279485618554,1.3014055885417704,0.04018592253227822,0.0492,[],pid,pid_combo_004,pid,3
constant_3_face_diagonal_11,WIND_3D_SETPOINT,constant,3.0,-1,2401,True,2401,False,,1.931529351735854,18.641551443045675,2.1892579075063017,2.7868638395554597,37.69342924810373,2.0,0.20730734656271474,2.0,0.25,0.09194468432632648,0.25,156.46452055012767,3.8278428429044524,4.132072770317721,0.04011878384006664,0.0485,[],pid,pid_combo_004,pid,3
stochastic_2000,WIND_3D_SETPOINT,stochastic,0.0,2000,2401,True,2401,False,,1.1067506057434342,12.626176773507888,0.4184104531776601,1.533142731029711,19.426972765767374,2.0,7.071572937313568e-18,2.0,0.25,5.571621182916903e-18,0.2500000000000001,152.80559669409593,2.9686540000084403,1.6217323478208794,0.04439471053727614,0.0501,[],pid,pid_combo_004,pid,3
stochastic_2001,WIND_3D_SETPOINT,stochastic,0.0,2001,2401,True,2401,False,,1.1210319431218807,14.162519528927703,0.7071683461084999,1.629472016550198,21.985067496747888,2.0,8.934594577483886e-18,2.0,0.2500000000000001,8.934594577483886e-18,0.25,154.68415336833434,4.396795185609399,2.7217436406200703,0.04213760932944607,0.0506,[],pid,pid_combo_004,pid,3
stochastic_2002,WIND_3D_SETPOINT,stochastic,0.0,2002,2401,True,2401,False,,0.418712471963984,7.936075539226622,0.15922109312436478,0.5731486630607571,10.860742408132658,2.0,0.07147941058841623,1.6602788877403878,0.25,0.007875,0.25,148.00724339078582,2.5398737122084745,1.03109252674279,0.04001640982923782,0.0488,[],pid,pid_combo_004,pid,3
stochastic_2003,WIND_3D_SETPOINT,stochastic,0.0,2003,2401,True,2401,False,,1.2189222464966387,33.11694254222165,0.939903986035769,1.8485540662074758,18.1459918187518,2.0,0.05440097351789501,2.0,0.2500000000000001,0.024999474442306067,0.2500000000000001,146.53791876500583,3.731238763333129,1.8253674096760895,0.042113827571845064,0.0501,[],pid,pid_combo_004,pid,3
stochastic_2004,WIND_3D_SETPOINT,stochastic,0.0,2004,2401,True,2401,True,0.9500000000000002,0.05345039797285058,0.8027231347732222,0.15000336768283826,0.05792620436513787,0.501239131374692,0.5167450416594614,0.0,0.9995756000655929,0.07136200579856783,0.0,0.25,143.1187829353529,0.47495846359704347,0.12049436948935688,0.04091166180758018,0.05,[],pid,pid_combo_004,pid,3
stochastic_2005,WIND_3D_SETPOINT,stochastic,0.0,2005,2401,True,2401,True,0.9500000000000002,0.5867297458141921,9.020117755709439,0.20482494410076654,0.7676005733889031,11.608010715301846,2.0,0.0,2.0,0.2500000000000001,0.0,0.25000000000000006,150.85314011103637,2.8570616615162536,0.7797290797803993,0.03934048313202832,0.0497,[],pid,pid_combo_004,pid,3
stochastic_2006,WIND_3D_SETPOINT,stochastic,0.0,2006,2401,True,2401,False,,1.2176701973788386,34.12776738851036,0.9952271615751096,1.783795492384656,21.101324196098652,2.0,0.05260814835789404,2.0,0.25,0.026026282356872894,0.25,146.48932001012903,3.8760831468663435,2.0725666685027475,0.040329321116201584,0.048,[],pid,pid_combo_004,pid,3
stochastic_2007,WIND_3D_SETPOINT,stochastic,0.0,2007,2401,True,2401,False,,0.8989143536272207,11.665104943513548,0.30649390251202746,1.147341172245792,13.597089242825188,2.0,0.06556755350045225,1.9071635749855484,0.25,0.018195851494426693,0.25,146.14667827699833,3.188662103840289,1.531737569839103,0.03404868804664723,0.0494,[],pid,pid_combo_004,pid,3
stochastic_2008,WIND_3D_SETPOINT,stochastic,0.0,2008,2401,True,2401,False,,1.1300454248018275,11.76134374021229,0.33531808620709924,1.4794528658148463,17.724408970052647,2.0,0.06562890302814324,2.0,0.25,0.020665097145355124,0.25,146.97484432136687,3.0112844677100252,2.591361744267613,0.0401972511453561,0.0487,[],pid,pid_combo_004,pid,3
stochastic_2009,WIND_3D_SETPOINT,stochastic,0.0,2009,2401,True,2401,False,,1.1713278215523069,13.244543393547636,0.566907425768942,1.6431081234135805,21.914681005294685,2.0,0.06791697315086961,2.0,0.2500000000000001,0.007424621202458749,0.25,151.29459350122698,2.9361964748918523,2.993084097541143,0.03802615576842982,0.0496,[],pid,pid_combo_004,pid,3
stochastic_2010,WIND_3D_SETPOINT,stochastic,0.0,2010,2401,True,2401,False,,0.8836687974367354,10.355798833132638,0.32954439578488115,1.106763642062329,17.5881986721094,2.0,0.0,2.0,0.25,0.0,0.25,155.1415749365558,2.9891488903975723,0.9428244203923911,0.037495585172844646,0.0478,[],pid,pid_combo_004,pid,3
stochastic_2011,WIND_3D_SETPOINT,stochastic,0.0,2011,2401,True,2401,False,,0.4132533687981831,7.8435141462894595,0.19563713901876392,0.5704933215517,11.01942396185591,2.0,0.0,1.637790420636971,0.25,0.0,0.25,147.89081908253476,2.5136048976906524,0.9701720770263047,0.03891861724281549,0.049,[],pid,pid_combo_004,pid,3
stochastic_2012,WIND_3D_SETPOINT,stochastic,0.0,2012,2401,True,2401,False,,0.6042521289060736,9.621503858308179,0.2370573083955226,0.8137023658650551,14.322549512403352,2.0,0.0,2.0,0.25,0.0,0.25,152.26295841947027,2.9003350932197924,0.933341341720286,0.03914643898375677,0.0494,[],pid,pid_combo_004,pid,3
stochastic_2013,WIND_3D_SETPOINT,stochastic,0.0,2013,2401,True,2401,False,,1.152519178565409,12.615326139721889,0.4341568817215315,1.546612936725927,18.803539702774252,2.0,3.4690228318554168e-18,2.0,0.25,3.70357514338377e-18,0.25,150.425057252033,3.156310910640875,2.0116801087870946,0.04160020824656392,0.049,[],pid,pid_combo_004,pid,3
stochastic_2014,WIND_3D_SETPOINT,stochastic,0.0,2014,2401,True,2401,False,,1.4407603551448127,19.828944790240204,1.6275202191329134,2.2391416139741427,25.093733892677037,2.0,0.05482644172795563,2.0,0.25,0.029029996757987325,0.2500000000000001,152.7603432201159,4.981369660655346,3.008793841406905,0.039292503123698454,0.0491,[],pid,pid_combo_004,pid,3
stochastic_2015,WIND_3D_SETPOINT,stochastic,0.0,2015,2401,True,2401,False,,0.8186598438311502,16.416624653216036,0.2284319633299998,1.1234856888389484,13.973927918641955,2.0,0.05713144438140675,2.0,0.25,0.02648113975527277,0.25,139.52678694478246,3.6176154470567154,1.7649970119418787,0.038507205331112036,0.05,[],pid,pid_combo_004,pid,3
stochastic_2016,WIND_3D_SETPOINT,stochastic,0.0,2016,2401,True,2401,False,,0.8333166601738862,9.771159566593841,0.2875125236586357,1.0379950256207655,15.473728070723908,2.0,0.0662472777377227,2.0,0.25,0.014892440722168276,0.25,145.18202714649547,2.426856072589403,2.9973622465541845,0.03966780508121616,0.0497,[],pid,pid_combo_004,pid,3
stochastic_2017,WIND_3D_SETPOINT,stochastic,0.0,2017,2401,True,2401,False,,1.0608366528870434,11.367510685000221,0.46927654689822196,1.3680290377263915,20.19089020128173,2.0,0.07670116657254669,2.0,0.25,0.007424621202458749,0.25,155.73996773547245,2.6609003576835617,1.0195156624903137,0.03757380258225739,0.0487,[],pid,pid_combo_004,pid,3
stochastic_2018,WIND_3D_SETPOINT,stochastic,0.0,2018,2401,True,2401,False,,1.1731915981157146,15.163638548061916,0.2864469537054273,1.614199696888599,16.486778867833536,2.0,2.3505094799337345e-16,2.0,0.25,1.491058354698232e-16,0.25,146.00224559976354,4.329758967299256,2.312532427599523,0.03693182007496876,0.0503,[],pid,pid_combo_004,pid,3
stochastic_2019,WIND_3D_SETPOINT,stochastic,0.0,2019,2401,True,2401,False,,1.1574434073156707,12.406621390474603,0.4592465809529815,1.5720936478669993,19.681400680249638,2.0,8.882144408109784e-18,2.0,0.25,8.882144408109784e-18,0.25,148.85272655611564,2.950869610852556,2.8357648447556714,0.037363640149937524,0.0499,[],pid,pid_combo_004,pid,3
ramp_wind_equilibrium_hold,RAMP_WIND_EQUILIBRIUM_HOLD,ramp,3.0,-1,2401,True,2401,True,0.0,0.13557925415999414,1.2734306794045835,0.14620244440377003,0.21002431596787705,1.2045383247045662,1.5424503071156297,0.0,0.169813761969291,0.08613997215639901,0.0,0.02134994888642147,130.59897846756436,0.6679728218238232,0.2112921994902136,0.037546647230320696,0.0502,[],pid,pid_combo_004,pid,3
