method_id,family,case_count,safety_rate,success_rate,catastrophic_count,setpoint_position_rmse_m,setpoint_position_p90_m,setpoint_position_p95_m,trajectory_position_rmse_m,trajectory_position_p90_m,trajectory_position_p95_m,orientation_rmse_rad,tip_velocity_rmse_m_s,endpoint_position_error_m,endpoint_velocity_error_m_s,acquisition_time_s,strong_mean_m,strong_p90_m,physical_effort,thrust_saturation_rate,torque_saturation_rate,wrench_rate_rms,runtime_mean_ms,runtime_p95_ms,runtime_p99_ms,runtime_max_ms,deadline_miss_rate,large_endpoint_failure_fraction
r1r2_task_lqr_008,native_task_lqr,48,0.0,0.0,48,5.319405211862178,7.539610491887143,8.390719666578471,3.6468942224411935,5.793951996875183,6.392579388423171,3.6369181654055622,2.993967547794932,7.2894347467622325,3.318832144014113,,4.318403009106046,7.055436761058432,17725.268092521015,0.0,0.0,442.333932888427,0.00972708912037037,0.06739824999999994,0.07918506000000004,4.7032,0.0,0.9375
r1r2_task_lqr_001,native_task_lqr,48,0.0,0.0,48,6.259655563784371,7.5582295960263455,8.36690590890284,3.1385795309263216,5.100804456327693,7.285016119519512,3.891549100461285,2.9799149211722273,5.869557446274999,3.6533779487565035,,4.83448642028508,7.593499031673021,18042.430244261024,0.0,0.0,609.0083460343234,0.005701360479797979,0.06683324999999994,0.07733647,3.2142,0.0,0.9375
r1r2_task_lqr_033,native_task_lqr,48,0.0,0.0,48,8.461957510337646,14.461656783087209,20.86755886321953,4.2675200367249415,6.537898145172895,8.57229524889697,5.508849337682338,3.206785170890504,7.989857005313065,3.776997554733043,,5.1949192520805,10.524739034071402,18877.435595924046,0.0,0.0,640.6870303762945,0.015352738095238095,0.062029999999999995,0.07602453000000002,4.8588,0.0,0.9375
r1r2_task_lqr_036,native_task_lqr,48,0.0,0.0,48,6.49081471908461,9.099912471168638,13.41562099601014,3.691798427327518,6.4822606944833305,6.9781287105554055,4.216360915265533,3.174655930344446,7.665706167656903,3.762695153205755,,4.953207381731979,7.98810705776452,18897.96279790495,0.0,0.0,1048.753149591571,0.002614586004273504,0.0006,0.073706,3.6008,0.0,0.9583333333333334
r1r2_task_lqr_034,native_task_lqr,48,0.0,0.0,48,7.5237341742518105,12.570072909928776,15.200094416176896,4.638963032068728,7.63036947401109,8.000873317937044,5.292378427897382,3.2709020589032414,7.593306352867736,2.8692273708316485,,5.07985641097088,8.194982767229956,19419.587007439128,0.0,0.0,493.2528304319023,0.025858096354166665,0.0625,0.08732188000000009,13.2442,8.159722222222222e-05,0.9583333333333334
r1r2_task_lqr_010,native_task_lqr,48,0.0,0.0,48,7.55334706594495,12.491807053479139,13.105062875897776,6.8684216310006745,9.676600645493822,10.075284206391327,6.063926808242883,3.7505029866460045,10.403093396980161,3.948284116568063,,6.415328221872448,8.76627160853464,19828.08743348788,0.0,0.0,561.8367778596095,0.029365364236111108,0.07292674999999997,0.17978147000000008,30.726499999999998,0.00024131944444444448,0.9583333333333334
r1r2_task_lqr_028,native_task_lqr,48,0.0,0.0,48,7.807633032747387,14.927272799981665,16.537526752731136,3.149813347323729,4.213912190243501,4.5717927260695435,4.412019876511876,2.98752771565803,6.160087464974158,3.100498512927959,,5.1490498361945924,7.329570007910949,18060.97715873255,0.0,0.0,293.4372503635365,0.02547881111111111,0.061294999999999995,0.08036094000000003,9.5739,8.159722222222222e-05,0.9583333333333334
r1r2_task_lqr_047,native_task_lqr,48,0.0,0.0,48,7.841297851142919,12.949710009121715,17.948019636690958,3.6181999926260304,5.960158584867477,6.112283850050965,3.544318269635779,2.9555285501850137,6.593833351331891,3.13237148283509,,5.484154782777775,8.333876074476073,17607.796328392247,0.0,0.0,238.82007532224137,0.024338869097222226,0.06043,0.08179,11.8479,7.118055555555556e-05,0.9583333333333334
r1r2_task_lqr_013,native_task_lqr,48,0.0,0.0,48,8.857564259096376,16.384644143567485,16.9555041171078,3.9554154335356935,5.608525343659614,7.579623785674439,4.8665244334803015,3.104452933880888,6.754243180272984,3.4448969565868004,,5.803489987457745,11.526229729817455,18940.156029716334,0.0,0.0,815.741803418775,0.005379942866161616,0.061584999999999994,0.07630747000000003,8.883899999999999,3.1565656565656566e-06,0.9583333333333334
r1r2_task_lqr_017,native_task_lqr,48,0.0,0.0,48,10.43060078796873,16.039468092903263,18.264197388284504,5.129125033864362,8.532266235991921,8.910817257869642,5.598261211545524,3.462261066605032,7.167354906312931,3.891855481223583,,6.953819140559291,13.107501464114282,20522.243967652572,0.0,0.0,521.8957493754561,0.02446966189236111,0.060254999999999996,0.0753125299999999,7.485399999999999,0.00011458333333333333,0.9583333333333334
r1r2_task_lqr_023,native_task_lqr,48,0.0,0.0,48,11.039956762421014,19.21168562143134,21.20236866474353,5.080071358690732,8.105367198710105,9.141380989275612,5.604365970390144,3.426693695055924,8.796099983009642,3.545704183914457,,6.753211307204926,11.578865195435693,18035.021832750277,0.0,0.0,345.09018189811246,0.024851014843749995,0.059765,0.07636593999999985,10.8606,0.00013368055555555556,0.9583333333333334
r1r2_task_lqr_006,native_task_lqr,48,0.0,0.0,48,5.2251134942194915,7.992410600028433,9.172092868115787,3.916182191798049,5.910341460535429,6.9875894527674385,4.222588573460223,3.0836923379232686,7.428077886734617,2.6070608002269533,,4.545798362571476,6.568843169840742,18010.309843038645,0.0,0.0,696.8651398022357,0.002766614917200854,0.0006649999999999998,0.074253,5.048299999999999,0.0,0.9791666666666666
r1r2_task_lqr_003,native_task_lqr,48,0.0,0.0,48,5.424397175534846,7.694521588239538,7.947728017179043,3.437069206792804,4.8914896806812616,8.2684787468828,3.141924375033769,3.097210231408056,7.971672979856219,3.7390412268200977,,5.62015530755459,8.787997806796437,17548.470679270762,0.0,0.0,312.2707642525765,0.016767003224206347,0.06926824999999995,0.09194018000000007,29.0822,3.720238095238095e-05,0.9791666666666666
r1r2_task_lqr_031,native_task_lqr,48,0.0,0.0,48,5.6756041958069,9.583037832352348,12.2016520995545,5.565817820248619,8.613155452124449,9.204819074257866,4.522915347432572,3.33458476124363,9.802339334379319,3.0378723719044216,,6.2966781610516795,9.65183731320221,17771.01972091978,0.0,0.0,602.7473309784878,0.005358668244949495,0.06451674999999997,0.07774353000000003,4.0838,0.0,0.9791666666666666
r1r2_task_lqr_012,native_task_lqr,48,0.0,0.0,48,5.706927168211526,7.769279241925318,8.714187700879709,4.100686231725169,5.261160254054439,7.492523537269081,3.3152853635418755,3.6067661723899724,9.956582272152119,4.338013730876821,,5.143998339528972,6.660710315131579,19560.033996397204,0.0,0.0,1333.6484161241444,0.0029553325320512817,0.0007999999999999999,0.07698733999999997,5.8167,3.3386752136752137e-06,0.9791666666666666
r1r2_task_lqr_000,native_task_lqr,48,0.0,0.0,48,7.410929757064481,12.082093613471633,13.9173507285824,4.127464622290661,7.071342384970731,7.85037451460895,5.485231584082342,3.1173798992580957,8.143265384555866,3.008581264444309,,5.2292154979904915,9.874997343130733,17933.730677223433,0.0,0.0,602.7518282445207,0.0028122071981837604,0.0007,0.07504666999999998,6.3423,3.3386752136752137e-06,0.9791666666666666
r1r2_task_lqr_009,native_task_lqr,48,0.0,0.0,48,7.678550730947478,11.968982557905814,12.85939750910697,3.923931310990755,6.262458351703933,6.4145108093744225,4.325788630595675,3.091048918812833,7.251828224386293,2.788419928626111,,5.972091114574044,8.700189621578517,18684.959261819215,0.0,0.0,563.6329791899371,0.018930561011904757,0.07558999999999999,0.1553533000000002,33.451299999999996,9.920634920634922e-05,0.9791666666666666
r1r2_task_lqr_037,native_task_lqr,48,0.0,0.0,48,7.858548850784589,10.673454301876518,12.918046529308754,7.677453304051052,12.640175137120668,13.149440293273848,6.395106212015822,3.816182845886542,10.242445639859545,4.062205111645812,,8.070411107949532,12.505893876259236,18976.26188229551,0.0,0.0,1034.7817252677316,0.005234712436868687,0.06166674999999997,0.07488394000000001,7.3136,0.0,0.9791666666666666
r1r2_task_lqr_025,native_task_lqr,48,0.0,0.0,48,7.899873250463519,11.872343117029633,16.05493101199194,3.981853127229209,5.63119245556038,7.9369534562204125,4.87269112185213,3.391324884466648,7.278466808698108,4.161743237007832,,4.948317098822794,8.11244403451606,19549.087882646305,0.0,0.0,978.141552788684,0.00534866856060606,0.06273324999999995,0.076477,32.0564,3.1565656565656566e-06,0.9791666666666666
r1r2_task_lqr_004,native_task_lqr,48,0.0,0.0,48,8.21725210100324,13.916898251575684,14.628853716520391,7.3678099166750215,11.650014504038849,12.429885098119108,6.571834678398598,3.994479593579289,9.699728030195613,3.6836920103078263,,8.016039332992612,12.659177952283095,18895.234493659493,0.0,0.0,543.2516862748043,0.026311515277777777,0.06493,0.09349353000000007,6.4162,5.208333333333334e-05,0.9791666666666666
r1r2_task_lqr_041,native_task_lqr,48,0.0,0.0,48,8.477518788112596,12.402147163171405,12.548171571729553,4.371851138067796,5.795779924145955,10.340735006094416,5.246324684048586,3.4070042972587213,7.622744934177148,3.243750591890187,,5.869948423967562,10.864183151912318,19895.008067469626,0.0,0.0,464.00717184081776,0.024601568055555554,0.05923,0.07968446999999976,14.7205,0.00013802083333333334,0.9791666666666666
r1r2_task_lqr_044,native_task_lqr,48,0.0,0.0,48,8.550148436115663,16.021929600242977,16.201528847311817,6.8640511183086845,12.490880571431955,13.400100432094353,6.092571809811774,4.159687098303059,10.00902406899022,4.640584728620386,,8.465770484041755,15.984642930763405,21093.636283656742,0.0,0.0,1314.2614675441116,0.009306878472222222,0.062294999999999996,0.07600053000000001,6.855099999999999,0.0,0.9791666666666666
r1r2_task_lqr_007,native_task_lqr,48,0.0,0.0,48,8.702926709244203,14.959842381291113,15.000831311241129,5.660444098064779,8.876127477866838,13.28967430899092,5.875813731321721,3.5217289826926366,8.834480492158976,3.1608017824185324,,7.019950967256133,14.511378861126795,19614.844980267706,0.0,0.0,1054.9410181683957,0.0057610069444444445,0.06749824999999994,0.07825353,7.0835,0.0,0.9791666666666666
r1r2_task_lqr_045,native_task_lqr,48,0.0,0.0,48,8.928449230815652,15.991224492806346,16.68838728612436,5.042527938107778,8.32498395640482,8.668551821714512,5.514618522999208,3.184285751354166,7.7506856560026165,3.1398874742404956,,7.308613232062649,14.751805166069486,18369.069837777944,0.0,0.0,505.02946497334864,0.015517776041666665,0.062334999999999925,0.07783847000000005,8.713199999999999,1.4880952380952383e-05,0.9791666666666666
r1r2_task_lqr_022,native_task_lqr,48,0.0,0.0,48,8.930221936186676,12.98377704201235,13.602548439145014,8.075806406557955,12.793596684057379,13.511182895507938,5.985294574214778,3.86737613991154,12.402485435552697,3.348776821840964,,9.238093164997801,13.12530883938986,19187.088511262325,0.0,0.0,556.9515656496174,0.025810813888888885,0.0619,0.08068547000000004,10.4008,6.42361111111111e-05,0.9791666666666666
r1r2_task_lqr_018,native_task_lqr,48,0.0,0.0,48,9.183559725001968,13.161849578301618,18.763518161402036,4.70597056947818,6.7486485909040805,8.007957886192942,5.080156165917174,3.5699819707624854,8.76071583584877,4.579640801387184,,6.271935392852182,10.342033468000182,20967.553795870554,0.0,0.0,1296.4399716306436,0.0025389296207264955,0.0006,0.07293232999999998,1.7437,0.0,0.9791666666666666
r1r2_task_lqr_043,native_task_lqr,48,0.0,0.0,48,9.48148699555429,18.309075442337335,19.6134085009172,4.294852835715909,6.850282921702207,7.215325280643538,4.5258069109378205,3.468556272544859,6.6562175100186245,3.4787727655484617,,5.774391036232973,9.687321753411421,22440.746958643304,0.0,0.0,1447.6157920407506,0.005278542297979798,0.06396324999999994,0.07627147000000001,6.1868,0.0,0.9791666666666666
r1r2_task_lqr_015,native_task_lqr,48,0.0,0.0,48,9.77228513450701,18.252075238037513,23.339727878166098,4.3622182999902295,6.265820549125987,8.80508700952981,4.263409820728202,3.134572252196834,8.751929091653187,3.0194288289139344,,6.046339792337328,9.158013518874736,19651.24864541704,0.0,0.0,689.5681768996155,0.0144600716765873,0.06135499999999999,0.07533806000000004,4.4631,0.0,0.9791666666666666
r1r2_task_lqr_032,native_task_lqr,48,0.0,0.0,48,9.989988207930432,24.83507995504911,26.277001138321914,5.387105416713529,7.808745882527283,7.930616865422598,4.444704797165578,3.287316839401788,8.921321735492505,3.104938696014685,3.49,8.394259058969364,15.995090616829422,18466.072499364414,0.0,0.0,676.3643686337747,0.00906789872685185,0.063225,0.075712,5.8879,0.0,0.9791666666666666
r1r2_task_lqr_029,native_task_lqr,48,0.0,0.0,48,10.105918794332046,17.050207750777236,23.838278734453986,4.382692814340288,6.686578493663963,7.610415840271506,4.514312600220397,3.2457946658731185,7.197569215321149,3.6779742130444135,,6.1805806583271865,9.270989767245235,19750.305637764894,0.0,0.0,395.3685432695748,0.024545795572916668,0.059465,0.07926099999999983,15.3286,0.00012847222222222223,0.9791666666666666
r1r2_task_lqr_020,native_task_lqr,48,0.0,0.0,48,5.967259250140747,10.018599384309368,10.225887709343313,7.797768969202838,13.501454541093684,14.335313438502313,6.352373668249666,3.779740327175754,11.035716972596154,3.172040124930119,,8.003697983379613,11.73285161704899,19602.23528594076,0.0,0.0,982.780761386537,0.008997666087962963,0.061965,0.07437353000000005,7.341399999999999,0.0,1.0
r1r2_task_lqr_016,native_task_lqr,48,0.0,0.0,48,6.4208286783445985,10.18233132799094,10.520472848984436,6.036624141831937,9.76403014035547,12.847872320259665,6.414152667864375,3.7173574425374105,8.233374340148387,3.3023242439453746,,6.559119412600585,10.104449896168434,20647.292525847737,0.0,0.0,659.3685085759224,0.024362297569444444,0.061095,0.07730347000000005,7.275799999999999,3.8194444444444444e-05,1.0
r1r2_task_lqr_024,native_task_lqr,48,0.0,0.0,48,6.568281809451214,9.360956779093373,10.249659168635123,3.3885768602338238,4.983159973400884,6.4746444444325055,4.522237157035519,3.1159205807712325,6.057777904493549,3.918355024572732,,5.006835398642458,8.306043443171308,18268.81255814386,0.0,0.0,729.2987039811266,0.002487467280982906,0.0005,0.07338532999999997,3.4816,0.0,1.0
r1r2_task_lqr_039,native_task_lqr,48,0.0,0.0,48,6.666136692994111,12.971188804305005,14.214959411664985,5.201774553060242,8.326188558646034,8.598486411200234,4.2706391219727005,3.159339430188707,9.645267313146938,3.0055198376791714,,5.714863511809247,8.363525749777654,17712.388248717336,0.0,0.0,403.3544584194977,0.0155169623015873,0.061889999999999994,0.07769694000000005,5.612,1.2400793650793652e-05,1.0
r1r2_task_lqr_027,native_task_lqr,48,0.0,0.0,48,6.818501060170189,10.300235455473521,10.933801320577553,4.898352369169169,6.904447592661708,7.929887110274135,6.005454888824289,3.438074744304918,7.015927017989459,3.7594786735613916,,5.766401162079549,9.967321781674613,18856.761709436945,0.0,0.0,619.1228606848848,0.014476934275793649,0.061895,0.07655447000000003,6.2200999999999995,4.96031746031746e-06,1.0
r1r2_task_lqr_035,native_task_lqr,48,0.0,0.0,48,7.034969683842945,11.093684287410753,11.910197109605008,4.541296778934047,7.955112917137176,9.711892514873089,3.710800202518476,3.402987043590027,9.5494236625175,4.539329460976325,,5.7214672079237445,9.717405532647962,19069.86621037122,0.0,0.0,395.8844840014106,0.024323819357638887,0.05943,0.07761846999999991,12.6603,0.00016493055555555556,1.0
r1r2_task_lqr_019,native_task_lqr,48,0.0,0.0,48,7.263889198963576,10.513320698203398,15.724225879278883,7.2744648622994115,12.845573042003155,15.388269798490501,6.177678445507728,3.58734255868994,10.042087958833063,3.5849884193439436,,7.23218085151438,12.923671482783586,18782.058867239393,0.0,0.0,913.9488087436117,0.005146429292929293,0.061895,0.07501347000000003,4.9616,0.0,1.0
r1r2_task_lqr_046,native_task_lqr,48,0.0,0.0,48,7.840256288219478,12.360398081245252,12.98676593460251,6.286675743025725,10.737576221828087,12.244667946638092,6.785704853904993,4.395949511905518,8.937880203089437,4.841888951626166,,6.9745722047691165,10.485469307904786,23834.642695572515,0.0,0.0,1039.7506577322083,0.025215862500000002,0.061919999999999996,0.08140794000000004,12.535,3.993055555555555e-05,1.0
r1r2_task_lqr_026,native_task_lqr,48,0.0,0.0,48,7.9917878028594425,12.32987694511086,14.204468573465698,5.589586784931444,8.261156770882742,8.794520979239167,5.849239431676878,3.689720636479103,8.70517679354483,3.9722523059188277,,6.124177240740915,9.510479578888091,21570.257454531657,0.0,0.0,1132.228209685665,0.009224295717592592,0.06274824999999994,0.07512447000000001,6.056699999999999,0.0,1.0
r1r2_task_lqr_038,native_task_lqr,48,0.0,0.0,48,8.135696124889579,13.51462897840593,14.856021251059165,6.584523534535758,9.339703300575069,9.57966912152988,5.551653471109225,3.588104903466205,9.898192851363573,3.0506732374295793,,6.927491089508174,12.033572060089448,20903.42451144022,0.0,0.0,1123.8072289356878,0.008992294270833333,0.06099174999999997,0.07977300000000004,10.6991,8.680555555555556e-06,1.0
r1r2_task_lqr_002,native_task_lqr,48,0.0,0.0,48,8.294600609804208,12.782401748502354,12.896573253663098,6.888162090197913,11.746108369136685,12.712691980157572,5.919168462372692,3.7910426312077927,10.776811477321685,3.453793906830821,,7.7084547537746895,11.491830600197332,22550.774379959283,0.0,0.0,1389.6934192738179,0.009815714409722223,0.06766499999999999,0.08063812000000005,6.9441,0.0,1.0
r1r2_task_lqr_042,native_task_lqr,48,0.0,0.0,48,8.565782522080685,12.291437329019058,12.979740368086285,6.693819897100071,10.110164895451932,12.190689121488736,5.994165897745724,3.5790293523900183,9.456291017504514,3.803171098653048,,7.824390218869113,12.44406368052236,18462.853541801695,0.0,0.0,876.6792439717556,0.002533658854166666,0.0006,0.072806,4.2734,0.0,1.0
r1r2_task_lqr_014,native_task_lqr,48,0.0,0.0,48,8.784737591965603,14.093096990700777,15.528409530629427,8.374671636326205,11.219903841666746,12.885391695630787,5.91850503209075,3.9574038737845796,11.688054615880917,3.447725067442898,,9.035098529901006,14.468442591543983,20147.679781017305,0.0,0.0,1055.8615766360192,0.009022420138888888,0.06086824999999995,0.07335353,3.5816999999999997,0.0,1.0
r1r2_task_lqr_021,native_task_lqr,48,0.0,0.0,48,8.867672523821591,13.138405672358914,15.760275697580601,5.5234216239516165,7.666528180218217,8.700531227133329,5.525576083499144,3.4731296202951705,8.98061598884558,3.115649191738106,,7.08841751112555,11.663874986254893,19966.015207008324,0.0,0.0,738.3234821739469,0.014731810267857142,0.061224999999999995,0.07515994000000001,6.9963999999999995,2.48015873015873e-06,1.0
r1r2_task_lqr_030,native_task_lqr,48,0.0,0.0,48,9.024711904921217,13.352820847944137,16.53154983910384,7.198216275670835,11.37840508673395,12.26138057671105,5.596367642290269,3.770308516701237,10.348193294021991,4.075091526640356,,7.682756787631865,11.673921317379548,19371.416797521775,0.0,0.0,1141.0678035368899,0.002560932491987179,0.0005649999999999999,0.07354066999999997,4.6109,0.0,1.0
r1r2_task_lqr_005,native_task_lqr,48,0.0,0.0,48,9.68947971732372,15.26453429460812,18.07333461486867,4.546573369398726,6.80025803766528,9.800826212709543,5.366797438809126,3.095946986151501,7.669254877575501,2.841187127369333,,6.656279940679452,14.447900928270576,17874.854175880067,0.0,0.0,288.6745012592967,0.025648218836805552,0.06309,0.09719593999999986,14.492199999999999,0.0004010416666666667,1.0
r1r2_task_lqr_040,native_task_lqr,48,0.0,0.0,48,10.048913241286662,17.047877475675463,19.999536188577984,4.954496836422734,9.444803839954528,10.548036361558335,4.357763058955477,3.5848622056865445,8.68074149345645,4.160169973630098,,6.681260664876052,10.095723554851844,21887.181507643643,0.0,0.0,673.2791474978023,0.02487809201388889,0.061364999999999996,0.08129100000000003,11.531699999999999,0.00012152777777777779,1.0
r1r2_task_lqr_011,native_task_lqr,48,0.0,0.0,48,11.142325039290483,16.609706841677404,23.172454314942733,4.814044530714742,6.579647017148843,7.012214688871829,5.558624453957743,3.2490650743852516,7.9464240980267915,3.119387341840156,,6.875923473008354,11.07552385027956,18671.12378531917,0.0,0.0,400.9864716840362,0.028241080815972222,0.07196674999999997,0.1680320599999995,15.643799999999999,0.00038194444444444446,1.0
