controller,stage2_rank,sample_id,safe,task_success,acquisition_time_s,position_rmse_3d_m,orientation_rmse_deg,ramp_peak_position_error_m,ramp_steady_state_position_error_m,control_effort,max_abs_ax_m_s2,max_ax_step_m_s2,max_thrust_N,max_abs_torque_Nm
pid,1,calm__+x_r0.15,True,True,4.92,0.06782475255056222,0.3919725017731242,,,0.011209616405494852,0.1210464274629088,0.12075,129.88867926913827,0.19033635772543597
pid,1,wind_1p5__+x_r0.15,True,True,2.0200000000000005,0.0573391441935597,0.5443303721023052,,,0.05138665274865188,0.11915860892242915,0.120289185906764,129.89524865343745,0.1819427983311525
pid,1,wind_3p0__+x_r0.15,True,False,,0.1656834132061176,1.2686458701878869,,,0.6367035887022403,0.38437866040452384,0.11842854337624086,129.96767478324836,0.2226304441240149
pid,1,calm__-x_r0.15,True,True,4.92,0.06782165840279247,0.3919725017731242,,,0.011209616405494852,0.1210464274629088,0.12075,129.88867926913827,0.19033635772543597
pid,1,wind_1p5__-x_r0.15,True,True,6.26,0.09995323733006313,0.30655371627451133,,,0.043162385806833216,0.15310565415682723,0.12121081409323597,129.89687206156304,0.19871393209974558
pid,1,wind_3p0__-x_r0.15,True,False,,0.24564186552121772,1.014972550532593,,,0.6176773623407266,0.38437866040452384,0.12307145662375915,129.9915644725579,0.20140878150521366
pid,1,calm__+y_r0.15,True,False,,1.4611399946469152,0.0,,,0.0,0.0,0.0,136.53446119399752,4.070504685932759
pid,1,wind_1p5__+y_r0.15,True,False,,0.5921619511185121,0.34104402537497197,,,0.03836205800141435,0.09690305676226635,0.011561204323057128,132.5175021876179,4.070107622402767
pid,1,wind_3p0__+y_r0.15,True,False,,0.6212912107715283,1.1251770639202043,,,0.6238744515437776,0.38437866040452384,0.04639771226872,132.52598815941892,4.067626719995801
pid,1,calm__-y_r0.15,True,False,,1.4611399946469152,0.0,,,0.0,0.0,0.0,136.53446119399752,4.070504685932759
pid,1,wind_1p5__-y_r0.15,True,False,,0.5921619511185121,0.34104402537497197,,,0.03836205800141435,0.09690305676226635,0.011561204323057128,132.5175021876179,4.070107622402767
pid,1,wind_3p0__-y_r0.15,True,False,,0.6212912107715283,1.1251770639202043,,,0.6238744515437776,0.38437866040452384,0.04639771226872,132.52598815941892,4.067626719995801
pid,1,calm__+z_r0.15,True,True,1.065,0.029206261724303247,0.0,,,0.0,0.0,0.0,139.8144,0.0
pid,1,wind_1p5__+z_r0.15,True,True,3.2700000000000005,0.05658071830751311,0.34650553526327016,,,0.03834635519198021,0.09690305676226635,0.011561204323057128,139.81884741405952,0.06542235793461769
pid,1,wind_3p0__+z_r0.15,True,False,,0.1977538126603382,1.1426742409010158,,,0.6205420410658008,0.38437866040452384,0.04639771226872,139.8900579921767,0.20140878150521366
pid,1,calm__-z_r0.15,True,True,1.065,0.029206261724303375,0.0,,,0.0,0.0,0.0,133.69032302575295,0.0
pid,1,wind_1p5__-z_r0.15,True,True,3.2800000000000002,0.05616431564414454,0.33334850113550035,,,0.037836801856876455,0.09690305676226635,0.011561204323057128,133.69040289145255,0.06249017921250583
pid,1,wind_3p0__-z_r0.15,True,False,,0.19737395622871284,1.100791077466324,,,0.617618453744734,0.38437866040452384,0.04639771226872,133.69416514205005,0.20140878150521366
pid,1,calm__+x_r0.25,True,True,5.68,0.11302648850091222,0.6416156397052035,,,0.03170110171313713,0.20180053277697663,0.20124999999999998,129.89594431229074,0.3171845557106885
pid,1,wind_1p5__+x_r0.25,True,True,2.3500000000000005,0.09328279485649804,0.7154269265258564,,,0.070584933051666,0.17054929308985783,0.200789185906764,129.90183535186816,0.3087945870721355
pid,1,wind_3p0__+x_r0.25,True,False,,0.15990141394753324,1.3805697629889075,,,0.6554473825694576,0.38437866040452384,0.19892854337624086,129.9795560458558,0.3065708088242569
pid,1,calm__-x_r0.25,True,True,5.68,0.11301786210046533,0.6416156397052059,,,0.03170110171313723,0.20180053277697663,0.20125,129.89594431229074,0.31718455571068854
pid,1,wind_1p5__-x_r0.25,True,True,6.120000000000001,0.14121011232962646,0.4224006703745259,,,0.056776873813659735,0.2334023986413448,0.20171081409323602,129.90306575010527,0.32554789369064535
pid,1,wind_3p0__-x_r0.25,True,False,,0.2858250432105582,0.9882487967639004,,,0.6293676786953754,0.38437866040452384,0.20357145662375914,130.0144548180184,0.32734196633821416
pid,1,calm__+y_r0.25,True,False,,1.8609632382557795,0.0,,,0.0,0.0,0.0,142.3231803422361,4.868918631220175
pid,1,wind_1p5__+y_r0.25,True,False,,1.028031262590076,0.3417670702482669,,,0.03844425469875554,0.09690305676226635,0.011561204323057128,131.60209864993752,4.850518857105173
pid,1,wind_3p0__+y_r0.25,True,False,,1.0442183119173922,1.1273364190515236,,,0.6257280143814477,0.38437866040452384,0.04639771226872,131.61100692710298,4.843894338505418
pid,1,calm__-y_r0.25,True,False,,1.8609632382557795,0.0,,,0.0,0.0,0.0,142.3231803422361,4.868918631220175
pid,1,wind_1p5__-y_r0.25,True,False,,1.028031262590076,0.3417670702482669,,,0.03844425469875554,0.09690305676226635,0.011561204323057128,131.60209864993752,4.850518857105173
pid,1,wind_3p0__-y_r0.25,True,False,,1.0442183119173922,1.1273364190515236,,,0.6257280143814477,0.38437866040452384,0.04639771226872,131.61100692710298,4.843894338505418
pid,1,calm__+z_r0.25,True,True,1.2600000000000002,0.050905701662481276,0.0,,,0.0,0.0,0.0,144.86215,0.0
pid,1,wind_1p5__+z_r0.25,True,True,3.2700000000000005,0.07040604207789365,0.3510138262746735,,,0.038533925802712386,0.09690305676226635,0.011561204323057128,144.86608478887302,0.06645763894649774
pid,1,wind_3p0__+z_r0.25,True,False,,0.2022283959623209,1.1563910854903943,,,0.6216801449883692,0.38437866040452384,0.04639771226872,144.9288599725181,0.20140878150521366
pid,1,calm__-z_r0.25,True,True,1.2600000000000002,0.050905701662481435,0.0,,,0.0,0.0,0.0,136.1756882870477,0.0
pid,1,wind_1p5__-z_r0.25,True,True,3.285,0.06979561017934734,0.3289352135523869,,,0.03768030775101919,0.09690305676226635,0.011561204323057128,136.1756285504138,0.06142435437888261
pid,1,wind_3p0__-z_r0.25,True,False,,0.2014539250101326,1.0861400738592375,,,0.6163958726734068,0.38437866040452384,0.04639771226872,136.1770950368586,0.20140878150521366
pid,1,stochastic_dev_0000,True,True,4.755,0.07688426662110896,0.5718799184952791,,,0.03728941825925169,0.13840688795434314,0.12213173450510074,129.89979245206018,0.16894303345067954
pid,1,stochastic_dev_0001,True,True,2.34,0.07636994565883676,1.0294097884899231,,,0.07788462389389547,0.15966863230093398,0.11582628378587817,129.92621318601755,0.23017521020887372
pid,1,stochastic_dev_0002,True,False,,0.5915337609034109,0.5813863750404411,,,0.030996093422183946,0.15360632968759194,0.01662620023564377,132.5375363001747,4.069679850467382
pid,1,stochastic_dev_0003,True,False,,0.5906025782847752,0.3667570453246387,,,0.011876599494865523,0.06970902046648171,0.014761402896206255,132.5187465090366,4.07013659935896
pid,1,stochastic_dev_0004,True,True,1.0700000000000003,0.042784084769809515,0.5531959166316304,,,0.03270395496492967,0.1240411479089134,0.020532784246161166,139.81308541604866,0.15991580122823867
pid,1,stochastic_dev_0005,True,True,1.08,0.03941989413396235,0.44741009936512566,,,0.015179966994713441,0.08096629875129403,0.010861572864829593,133.69025511838348,0.09950842834214112
pid,1,stochastic_dev_0006,True,False,,0.11503718861979573,0.8542584634827238,,,0.06365213025841282,0.21163443853385397,0.20115316674280986,129.91736007035465,0.3132127727368787
pid,1,stochastic_dev_0007,True,True,4.97,0.08511192213058236,0.2262340981504428,,,0.03273535386002072,0.24797878561566933,0.20129164896178595,129.90691218707602,0.3193378082508639
pid,1,stochastic_dev_0008,True,False,,1.0271034558691794,0.28275624704152164,,,0.014266643394090669,0.09972421277000816,0.02497140126337305,131.59983310544507,4.85124015751468
pid,1,stochastic_dev_0009,True,False,,1.0270182306933766,0.15128191253578446,,,0.0024897717749470883,0.04871108862077609,0.009793454962178117,131.6024115718623,4.851066465908089
pid,1,stochastic_dev_0010,True,False,,0.0799258728800671,1.1161467434397394,,,0.08688939001794753,0.23013635087272924,0.030974032203136298,144.8736950430846,0.20207888361632462
pid,1,stochastic_dev_0011,True,True,1.2649999999999997,0.051741262438086466,0.18003450659985495,,,0.003816492836124242,0.053222196906027835,0.007295124569232764,136.1758018775813,0.04805485840313972
pid,1,stochastic_dev_0012,True,True,2.7350000000000003,0.06296553922487401,0.32607227771796216,,,0.01333448925660502,0.10605452642563962,0.12053742302815787,129.8872326813395,0.19237903634606102
pid,1,stochastic_dev_0013,True,True,2.705,0.07172898269677705,0.6358604363032283,,,0.03197346151860789,0.14533282422981994,0.12313611546702936,129.89844649082067,0.21125142087684234
pid,1,stochastic_dev_0014,True,False,,0.5910110795342202,0.5718417713397072,,,0.025784023088091208,0.12901688967656352,0.01897974478108788,132.51637379655222,4.069131532180753
pid,1,stochastic_dev_0015,True,False,,0.5903952755389115,0.1337249662738211,,,0.007556723356781545,0.08349238369854689,0.013434607611964508,132.51707232854847,4.070505356020306
pid,1,stochastic_dev_0016,True,True,1.1450000000000005,0.041576467405288905,0.5761076060920545,,,0.017338000970145664,0.08881912742351587,0.014991881732198186,139.8165653678757,0.12014170456475853
pid,1,stochastic_dev_0017,True,True,1.0700000000000003,0.033350182501179736,0.18723594972361352,,,0.016148058267175327,0.10346829259986161,0.017741915866159835,133.69049566453447,0.03400618097838339
pid,1,stochastic_dev_0018,True,True,6.960000000000001,0.11536641061976148,0.6628978718750805,,,0.0388802576384239,0.205787551183971,0.20260672223414578,129.89662079695952,0.3140446856780168
pid,1,stochastic_dev_0019,True,False,,0.1058516866299148,0.8009673635344463,,,0.05376721277098486,0.184543153957191,0.19949086293271598,129.9059601524018,0.30511464946949235
pid,1,ramp_dev_0_to_3p0,True,True,0.0,0.11248397306057331,0.3366773789245048,0.13029909377897284,0.183741825636707,0.25096894094812305,0.23876605819790703,0.0036094828659288813,129.9277524805717,0.07023457525276014
pid,2,calm__+x_r0.15,True,True,2.67,0.06633830912203731,0.5427706721299442,,,0.017105245004355066,0.12128095460467453,0.12075,129.8914977014887,0.19033635772543597
pid,2,wind_1p5__+x_r0.15,True,True,4.1450000000000005,0.07109635720746318,0.6478887984865325,,,0.05208902625460969,0.1154409684777236,0.1217971694716542,129.90083198046992,0.21395099232578654
pid,2,wind_3p0__+x_r0.15,True,False,,0.20184210903828925,1.1699531352182393,,,0.5969647256525517,0.30984975839458756,0.1255796541593101,129.96767938128713,0.2878783967440209
pid,2,calm__-x_r0.15,True,True,2.67,0.06633867546994872,0.5427706721299442,,,0.017105245004355066,0.12128095460467453,0.12075,129.8914977014887,0.19033635772543597
pid,2,wind_1p5__-x_r0.15,True,True,3.2,0.08933888888125688,0.31565794700831096,,,0.04388827828836042,0.16077258321983992,0.1197028305283458,129.90060278005413,0.16670194233775054
pid,2,wind_3p0__-x_r0.15,True,False,,0.2500901178487908,0.7910562174399834,,,0.5906028231866849,0.3063842782936917,0.11592034584068989,130.00167415399886,0.17306717735123298
pid,2,calm__+y_r0.15,True,False,,1.4611399946469152,0.0,,,0.0,0.0,0.0,136.53446119399752,4.070504685932759
pid,2,wind_1p5__+y_r0.15,True,False,,0.5924182656766015,0.2941962242604798,,,0.03500269002764951,0.0788018496535196,0.0060931763856398695,132.5160203252069,4.070167370483358
pid,2,wind_3p0__+y_r0.15,True,False,,0.6284778063464004,0.9480459383821986,,,0.5880382751013187,0.3052287195558843,0.02442367632324384,132.51513101533882,4.0682355156678796
pid,2,calm__-y_r0.15,True,False,,1.4611399946469152,0.0,,,0.0,0.0,0.0,136.53446119399752,4.070504685932759
pid,2,wind_1p5__-y_r0.15,True,False,,0.5924182656766015,0.2941962242604798,,,0.03500269002764951,0.0788018496535196,0.0060931763856398695,132.5160203252069,4.070167370483358
pid,2,wind_3p0__-y_r0.15,True,False,,0.6284778063464004,0.9480459383821986,,,0.5880382751013187,0.3052287195558843,0.02442367632324384,132.51513101533882,4.0682355156678796
pid,2,calm__+z_r0.15,True,True,1.065,0.029206261724303247,0.0,,,0.0,0.0,0.0,139.8144,0.0
pid,2,wind_1p5__+z_r0.15,True,True,4.025,0.05925518479462291,0.30083858614542797,,,0.034790754700550916,0.0788018496535196,0.0060931763856398695,139.81815999685395,0.053203983883370526
pid,2,wind_3p0__+z_r0.15,True,False,,0.2194761404962819,0.967352819522263,,,0.5826358749032295,0.3052287195558843,0.02442367632324384,139.8729047545789,0.17306717735123298
pid,2,calm__-z_r0.15,True,True,1.065,0.029206261724303375,0.0,,,0.0,0.0,0.0,133.69032302575295,0.0
pid,2,wind_1p5__-z_r0.15,True,True,4.035,0.059341538643114325,0.2875129041002088,,,0.03471845152472319,0.0788018496535196,0.0060931763856398695,133.69204030258007,0.053203983883370526
pid,2,wind_3p0__-z_r0.15,True,False,,0.2198962002897348,0.9285096646633129,,,0.5830950361481961,0.3052287195558843,0.02442367632324384,133.72646498979267,0.17306717735123298
pid,2,calm__+x_r0.25,True,True,8.255,0.10975625862741803,0.8741228738489014,,,0.04722039338310141,0.2021676855949706,0.20124999999999998,129.90362364142098,0.3171845557106885
pid,2,wind_1p5__+x_r0.25,True,False,,0.10452226905773845,0.9120042659979185,,,0.07896810542647476,0.16389948168398327,0.2022971694716542,129.91516276921382,0.34080227406593033
pid,2,wind_3p0__+x_r0.25,True,False,,0.20378150120119662,1.3620790463496484,,,0.6207108421122414,0.3363196442830859,0.20607965415931012,129.98777584419432,0.41467034730688446
pid,2,calm__-x_r0.25,True,True,8.255,0.10975596697710945,0.8741228738489012,,,0.047220393383101425,0.20216768559497061,0.20125,129.90362364142098,0.31718455571068854
pid,2,wind_1p5__-x_r0.25,True,True,2.9699999999999998,0.12556250484736103,0.5428500861204276,,,0.0644599189961734,0.24127258321983994,0.2002028305283458,129.90890804003703,0.2935338820319174
pid,2,wind_3p0__-x_r0.25,True,False,,0.2791700454513442,0.7724966735693166,,,0.6125746015108422,0.38688427829369176,0.19642034584068996,130.03542769452065,0.21915699925089893
pid,2,calm__+y_r0.25,True,False,,1.8609632382557795,0.0,,,0.0,0.0,0.0,142.3231803422361,4.868918631220175
pid,2,wind_1p5__+y_r0.25,True,False,,1.0281733347125281,0.29306176921351995,,,0.035225037852033944,0.0788018496535196,0.0060931763856398695,131.60221143067866,4.851136489091611
pid,2,wind_3p0__+y_r0.25,True,False,,1.0483755720351118,0.9464489065853938,,,0.5918388402698778,0.3052287195558843,0.02442367632324384,131.63019273442433,4.8494362325203415
pid,2,calm__-y_r0.25,True,False,,1.8609632382557795,0.0,,,0.0,0.0,0.0,142.3231803422361,4.868918631220175
pid,2,wind_1p5__-y_r0.25,True,False,,1.0281733347125281,0.29306176921351995,,,0.035225037852033944,0.0788018496535196,0.0060931763856398695,131.60221143067866,4.851136489091611
pid,2,wind_3p0__-y_r0.25,True,False,,1.0483755720351118,0.9464489065853938,,,0.5918388402698778,0.3052287195558843,0.02442367632324384,131.63019273442433,4.8494362325203415
pid,2,calm__+z_r0.25,True,True,1.2600000000000002,0.050905701662481276,0.0,,,0.0,0.0,0.0,144.86215,0.0
pid,2,wind_1p5__+z_r0.25,True,True,4.025,0.07241239714696335,0.3043803313372691,,,0.03478617928153688,0.0788018496535196,0.0060931763856398695,144.86674512355071,0.053203983883370526
pid,2,wind_3p0__+z_r0.25,True,False,,0.2231771512747638,0.9788825145270604,,,0.5821479561059054,0.3052287195558843,0.02442367632324384,144.93735831845711,0.17306717735123298
pid,2,calm__-z_r0.25,True,True,1.2600000000000002,0.050905701662481435,0.0,,,0.0,0.0,0.0,136.1756882870477,0.0
pid,2,wind_1p5__-z_r0.25,True,True,4.04,0.07250040844490525,0.28260231752852993,,,0.034651372822044425,0.0788018496535196,0.0060931763856398695,136.1770573727683,0.053203983883370526
pid,2,wind_3p0__-z_r0.25,True,False,,0.22380702553847565,0.9157172838857625,,,0.5828603595948976,0.3052287195558843,0.02442367632324384,136.2075358093274,0.17306717735123298
pid,2,stochastic_dev_0000,True,True,2.2700000000000005,0.07007279281947613,0.5478503733256646,,,0.02526468493523011,0.1257327043762448,0.11974077505493368,129.89525816398069,0.17500888824064098
pid,2,stochastic_dev_0001,True,False,,0.07339120633498417,0.9687746537103129,,,0.05223813835191844,0.13716558703138698,0.1227710337708796,129.9074965500609,0.23825431321693147
pid,2,stochastic_dev_0002,True,False,,0.591877949775555,0.5651634296152622,,,0.02538323976972571,0.11671181396671122,0.01059951016367365,132.5162675846788,4.069600935809558
pid,2,stochastic_dev_0003,True,False,,0.5908183551636375,0.3160548757010212,,,0.010861982390108289,0.06295602389412171,0.006343591754127492,132.5183279592321,4.070268025291888
pid,2,stochastic_dev_0004,True,True,1.0949999999999998,0.04373819804955489,0.46415618386922186,,,0.01777071486513972,0.1079733440413156,0.009337805906159652,139.81471830746423,0.11461045807847814
pid,2,stochastic_dev_0005,True,True,1.0700000000000003,0.040738302458134056,0.3887400510964136,,,0.009538240690310028,0.06970731059772543,0.004918949137415904,133.69001005994005,0.08105891801927917
pid,2,stochastic_dev_0006,True,False,,0.12038275919557405,1.0139596178497527,,,0.06835017425402395,0.2177172615737491,0.20193980488033167,129.91643566126228,0.32522138190307026
pid,2,stochastic_dev_0007,True,True,2.455,0.06725872055671592,0.3934777339845129,,,0.02057019295771651,0.15214407846888955,0.19650973957395473,129.89568803890097,0.3440939888262475
pid,2,stochastic_dev_0008,True,False,,1.0272893197239843,0.24229049734633837,,,0.00896074027627445,0.0850051639523055,0.011467294671763443,131.60088566171524,4.851305265229624
pid,2,stochastic_dev_0009,True,False,,1.0270559929774778,0.10758822984994391,,,0.0014054037288429592,0.038328510567199284,0.005048601706507713,131.6022290908989,4.850981144637572
pid,2,stochastic_dev_0010,True,False,,0.0818694443306724,0.9010993982820612,,,0.04937510625220523,0.18008187571833556,0.01818277676453231,144.86137824883818,0.13996115287136948
pid,2,stochastic_dev_0011,True,True,1.2649999999999997,0.051845178990858005,0.12557451558160587,,,0.0016108933691857661,0.02633885519828109,0.0036451862357015858,136.17574924565145,0.03388496298920203
pid,2,stochastic_dev_0012,True,True,2.8,0.06089840634457643,0.46744585650438086,,,0.01543848957835845,0.11047299954462655,0.12115036806619577,129.89114763246408,0.19749179319369192
pid,2,stochastic_dev_0013,True,True,4.085,0.07087443015557367,0.6311250740714264,,,0.030412415363844862,0.13104354960678977,0.1228794766418004,129.89747398680748,0.19727582474753358
pid,2,stochastic_dev_0014,True,False,,0.5912895046722761,0.5359063649784106,,,0.019223031990634756,0.09947951489225808,0.008666327661944584,132.52671731530614,4.069621592296955
pid,2,stochastic_dev_0015,True,False,,0.5905132420214884,0.1382472262790423,,,0.004473240662423327,0.05048709950671494,0.006152731914581766,132.5171254304476,4.0705089218805215
pid,2,stochastic_dev_0016,True,True,1.1050000000000004,0.03752953805248602,0.3672659157202444,,,0.006281045952416527,0.06272889435335723,0.007804501265276622,139.81500073196375,0.07067887627916287
pid,2,stochastic_dev_0017,True,True,1.08,0.03918841877013317,0.1742169170893633,,,0.010573494646239207,0.08551497112307578,0.00923398222836045,133.69100722110005,0.03455156803899282
pid,2,stochastic_dev_0018,True,False,,0.11215712514641772,0.7744822800678443,,,0.048068788042833474,0.19747628906988726,0.20116841571622157,129.90330250363536,0.3027299155717312
pid,2,stochastic_dev_0019,True,False,,0.10667515882586202,1.0405676163159865,,,0.07068861147031835,0.19490326577262496,0.20014711596621612,129.91574580578404,0.3119350471231717
pid,2,ramp_dev_0_to_3p0,True,True,0.0,0.14255418572091066,0.3668469195512356,0.16588109346383653,0.23185222195892075,0.25868170648186833,0.24932670879925178,0.0041255641836880075,129.93230217054318,0.07243276593051154
pid,3,calm__+x_r0.15,True,True,5.295,0.07283275388926441,0.3860266425212093,,,0.010906892108834464,0.12,0.12,129.88851259545683,0.1891543217465406
pid,3,wind_1p5__+x_r0.15,True,True,1.96,0.053927268414190495,0.5457242143408977,,,0.05129597928707007,0.1227075504949847,0.11952309561018988,129.89540068326556,0.18044813540811802
pid,3,wind_3p0__+x_r0.15,True,False,,0.18872421030636902,1.2692736650274166,,,0.6282716611122747,0.38360998372172794,0.11760814150385818,129.96730830831558,0.22350058500002698
pid,3,calm__-x_r0.15,True,True,5.295,0.07282584554686371,0.3860266425212093,,,0.010906892108834464,0.12,0.12,129.88851259545683,0.1891543217465406
pid,3,wind_1p5__-x_r0.15,True,False,,0.11981536322627782,0.2912188640176773,,,0.041458230927701394,0.15062864040453347,0.12047690438981014,129.8966403348078,0.19784488869544908
pid,3,wind_3p0__-x_r0.15,True,False,,0.2889115241716612,1.0034561537085036,,,0.6077632553568693,0.38360998372172794,0.12239185849614181,129.98971207351673,0.20097710597278315
pid,3,calm__+y_r0.15,True,False,,1.4611399946469152,0.0,,,0.0,0.0,0.0,136.53446119399752,4.070504685932759
pid,3,wind_1p5__+y_r0.15,True,False,,0.5930290387632644,0.3398027882507449,,,0.03771266026705189,0.09671086497481135,0.011555702533271595,132.51747029405163,4.070112388205746
pid,3,wind_3p0__+y_r0.15,True,False,,0.6341455009106757,1.1196904251887863,,,0.6147773148867745,0.38360998372172794,0.0463759888382628,132.5266519853304,4.067664165532358
pid,3,calm__-y_r0.15,True,False,,1.4611399946469152,0.0,,,0.0,0.0,0.0,136.53446119399752,4.070504685932759
pid,3,wind_1p5__-y_r0.15,True,False,,0.5930290387632644,0.3398027882507449,,,0.03771266026705189,0.09671086497481135,0.011555702533271595,132.51747029405163,4.070112388205746
pid,3,wind_3p0__-y_r0.15,True,False,,0.6341455009106757,1.1196904251887863,,,0.6147773148867745,0.38360998372172794,0.0463759888382628,132.5266519853304,4.067664165532358
pid,3,calm__+z_r0.15,True,True,1.065,0.029206261724303247,0.0,,,0.0,0.0,0.0,139.8144,0.0
pid,3,wind_1p5__+z_r0.15,True,True,3.4450000000000003,0.06499235153459995,0.3451511954772984,,,0.037697737646036344,0.09671086497481135,0.011555702533271595,139.81879524812754,0.06562848016375089
pid,3,wind_3p0__+z_r0.15,True,False,,0.23479830927014017,1.1365548389341582,,,0.6113806189344246,0.38360998372172794,0.0463759888382628,139.88911140504166,0.20097710597278315
pid,3,calm__-z_r0.15,True,True,1.065,0.029206261724303375,0.0,,,0.0,0.0,0.0,133.69032302575295,0.0
pid,3,wind_1p5__-z_r0.15,True,True,3.465,0.0646271336743501,0.3322384213678798,,,0.03719792269291869,0.09671086497481135,0.011555702533271595,133.69036919062728,0.06272694307781179
pid,3,wind_3p0__-z_r0.15,True,False,,0.2346029670271463,1.095892654214803,,,0.608566148237912,0.38360998372172794,0.0463759888382628,133.69333064270063,0.20097710597278315
pid,3,calm__+x_r0.25,True,True,5.65,0.12131398894064617,0.6315589346904205,,,0.030860867953120583,0.19999999999999998,0.19999999999999998,129.89550870336623,0.3152152863762583
pid,3,wind_1p5__+x_r0.25,True,True,6.9350000000000005,0.09197204190894497,0.7150743542174476,,,0.0705722214940436,0.1698382672422326,0.19952309561018983,129.902244701998,0.3065125229457292
pid,3,wind_3p0__+x_r0.25,True,False,,0.17034375081062417,1.3832857511146417,,,0.648052326213282,0.38360998372172794,0.19760814150385816,129.97996926468844,0.3033927294449217
pid,3,calm__-x_r0.25,True,True,5.65,0.1212952736034349,0.631558934690421,,,0.030860867953120624,0.2,0.2,129.89550870336623,0.3152152863762583
pid,3,wind_1p5__-x_r0.25,True,False,,0.16573178768457444,0.3953146886072137,,,0.054014440292684346,0.23038469039606838,0.2004769043898102,129.9023522378468,0.3238920281310895
pid,3,wind_3p0__-x_r0.25,True,False,,0.3301793054557548,0.955669836953281,,,0.6163620937127376,0.38360998372172794,0.20239185849614183,130.01207404727566,0.3265925713501208
pid,3,calm__+y_r0.25,True,False,,1.8609632382557795,0.0,,,0.0,0.0,0.0,142.3231803422361,4.868918631220175
pid,3,wind_1p5__+y_r0.25,True,False,,1.0285340814113615,0.340519122434659,,,0.03779137987231071,0.09671086497481135,0.011555702533271595,131.60217908263684,4.850521232563352
pid,3,wind_3p0__+y_r0.25,True,False,,1.0519695886618965,1.121852344601768,,,0.6166409247531802,0.38360998372172794,0.0463759888382628,131.61142521192673,4.843961801886671
pid,3,calm__-y_r0.25,True,False,,1.8609632382557795,0.0,,,0.0,0.0,0.0,142.3231803422361,4.868918631220175
pid,3,wind_1p5__-y_r0.25,True,False,,1.0285340814113615,0.340519122434659,,,0.03779137987231071,0.09671086497481135,0.011555702533271595,131.60217908263684,4.850521232563352
pid,3,wind_3p0__-y_r0.25,True,False,,1.0519695886618965,1.121852344601768,,,0.6166409247531802,0.38360998372172794,0.0463759888382628,131.61142521192673,4.843961801886671
pid,3,calm__+z_r0.25,True,True,1.2600000000000002,0.050905701662481276,0.0,,,0.0,0.0,0.0,144.86215,0.0
pid,3,wind_1p5__+z_r0.25,True,True,3.4400000000000004,0.07732575115000086,0.3496083036900853,,,0.037883520649347524,0.09671086497481135,0.011555702533271595,144.8660114715329,0.06666271627604128
pid,3,wind_3p0__+z_r0.25,True,False,,0.23853470455712333,1.1499105027390217,,,0.6124947011009917,0.38360998372172794,0.0463759888382628,144.92757294153347,0.20097710597278315
pid,3,calm__-z_r0.25,True,True,1.2600000000000002,0.050905701662481435,0.0,,,0.0,0.0,0.0,136.1756882870477,0.0
pid,3,wind_1p5__-z_r0.25,True,True,3.4800000000000004,0.07676413536652073,0.3278987671870795,,,0.03704488902219971,0.09671086497481135,0.011555702533271595,136.17559890744585,0.061671372552714904
pid,3,wind_3p0__-z_r0.25,True,False,,0.23806135146305238,1.0815890363196043,,,0.6073746728192215,0.38360998372172794,0.0463759888382628,136.17632810187771,0.20097710597278315
pid,3,stochastic_dev_0000,True,True,4.67,0.08521184508258949,0.5876973391786159,,,0.03732654492514681,0.13728654099700374,0.1214038601466872,129.90053794114002,0.16779771372852215
pid,3,stochastic_dev_0001,True,False,,0.08276434276634188,1.0222136683137526,,,0.07753501340783922,0.16206736948527278,0.11502248486354302,129.9261207476655,0.22884407339929302
pid,3,stochastic_dev_0002,True,False,,0.591682463469108,0.5785568558164151,,,0.03070512517214033,0.15306076832422974,0.016572931304688093,132.5374770837717,4.069678443933097
pid,3,stochastic_dev_0003,True,False,,0.5906521079693069,0.3662943140277659,,,0.011821545908154877,0.06931504176428055,0.014752925269215712,132.51870345378802,4.070135549919686
pid,3,stochastic_dev_0004,True,True,1.0700000000000003,0.04248495744472687,0.5504564501607442,,,0.03256447378681835,0.12315175641446058,0.02050239075344397,139.81306194492961,0.1593281976038791
pid,3,stochastic_dev_0005,True,True,1.08,0.03938005086314849,0.44609766591622674,,,0.015052158029776101,0.08047024976570444,0.010879796300121768,133.69026195149414,0.09980245073573507
pid,3,stochastic_dev_0006,True,False,,0.12232798765739443,0.8497364971490639,,,0.06300865556585644,0.20903377179037452,0.19989840036421294,129.917137665718,0.3111743378529425
pid,3,stochastic_dev_0007,True,True,6.41,0.0929698218464494,0.21007546833763122,,,0.0318980836325712,0.2473412106822433,0.20011574362582443,129.9067848154743,0.31735332962514773
pid,3,stochastic_dev_0008,True,False,,1.0271114404392472,0.28197176593349665,,,0.014192551245183102,0.09960897929670871,0.02495226405396623,131.59985703455018,4.85123317027254
pid,3,stochastic_dev_0009,True,False,,1.027021042548426,0.1510547527591098,,,0.0024786499663201336,0.048528945439537986,0.009793415890418655,131.60240222546804,4.851067038955832
pid,3,stochastic_dev_0010,True,False,,0.07971431229253793,1.1122718841953878,,,0.08647915067194605,0.22948786972398094,0.030933824925544168,144.8737594128154,0.2019782097357744
pid,3,stochastic_dev_0011,True,True,1.2649999999999997,0.05172137404964187,0.1799251180490278,,,0.0038177309350806454,0.05317944970727005,0.007302607816625448,136.17580233627893,0.04815895654267074
pid,3,stochastic_dev_0012,True,True,5.535,0.0692327254051048,0.3093894254957937,,,0.012798480583416705,0.10478041325392676,0.11978242993008961,129.8870280180555,0.19116911868393635
pid,3,stochastic_dev_0013,True,True,2.875,0.07901881802609002,0.6153361180255847,,,0.03082121040960979,0.14238934899436603,0.12237266538702855,129.89760749153973,0.21010678350273734
pid,3,stochastic_dev_0014,True,False,,0.5910052861251387,0.5697699801573338,,,0.02559120025093838,0.12860186595308257,0.019025828309864164,132.51612803676983,4.069145660962435
pid,3,stochastic_dev_0015,True,False,,0.5904228063922028,0.13325278033157734,,,0.007522594364518747,0.08334446697343972,0.013426000401840582,132.51706480810148,4.070505242856981
pid,3,stochastic_dev_0016,True,True,1.1399999999999997,0.04148541805582668,0.5754925454099834,,,0.017313478858662287,0.08868829523278597,0.014918729390486989,139.81657740454946,0.12026998758367877
pid,3,stochastic_dev_0017,True,True,1.0700000000000003,0.03308722588665903,0.18668837533739602,,,0.016087652889882516,0.10317846837697336,0.017732242891799865,133.6904834360543,0.033887845736554394
pid,3,stochastic_dev_0018,True,True,6.145,0.1271474988503377,0.632360520836557,,,0.036726661569966075,0.20213636207165095,0.20136147685470362,129.89564628087274,0.3121734986872935
pid,3,stochastic_dev_0019,True,False,,0.11766553623298194,0.8032713261647353,,,0.05406293628019211,0.18327022336312493,0.19824724540158023,129.90624171660914,0.3031558338009035
pid,3,ramp_dev_0_to_3p0,True,True,0.0,0.11947024527806008,0.3290023224954772,0.1328607959015509,0.1962291820961339,0.2444730843892238,0.23616553098864623,0.003559771714065768,129.92678135648737,0.06996645750619118
lqr,1,calm__+x_r0.15,True,True,2.49,0.056217920392060514,0.40015377712434463,,,0.03556142043957124,0.5,0.25,129.90663898609856,0.6637408528369386
lqr,1,wind_1p5__+x_r0.15,True,True,4.315,0.06484940464098474,0.4527604452193998,,,0.06626278767488288,0.44529730464576656,0.25,129.90158161133505,0.6761275154970054
lqr,1,wind_3p0__+x_r0.15,True,False,,0.22082264995272208,0.841520784742572,,,0.591475498168019,0.293208031975457,0.25,129.99763770923545,0.7161031136319532
lqr,1,calm__-x_r0.15,True,True,2.49,0.05621198562119486,0.40015377712434425,,,0.03556142043957124,0.5,0.25,129.90663898609856,0.6637408528369386
lqr,1,wind_1p5__-x_r0.15,True,True,2.5549999999999997,0.09283404806135483,0.34717324210242045,,,0.06806406685941638,0.5547026953542336,0.25000000000000006,129.94507437086753,0.6513054119545799
lqr,1,wind_3p0__-x_r0.15,True,False,,0.26154310454728463,0.6760506194384583,,,0.6098344544322201,0.7224491469116194,0.25000000000000006,130.1464879380091,0.6093263147602481
lqr,1,calm__+y_r0.15,True,False,,1.4611399946469157,0.0,,,2.759395202288763e-30,1.6948398961224364e-15,1.7711826019289693e-16,136.53446119399752,4.070504685932759
lqr,1,wind_1p5__+y_r0.15,True,False,,0.5930134197282876,0.1763604783375666,,,0.033155076389954255,0.06639039075046121,0.01821056269369748,132.51704349959726,4.070513715903792
lqr,1,wind_3p0__+y_r0.15,True,False,,0.6352961387946094,0.6928254924163377,,,0.573881608724153,0.293208031975457,0.08025571955425301,132.52626490876554,4.070943866242991
lqr,1,calm__-y_r0.15,True,False,,1.4611399946469157,0.0,,,2.759395202288763e-30,1.6948398961224364e-15,1.7711826019289693e-16,136.53446119399752,4.070504685932759
lqr,1,wind_1p5__-y_r0.15,True,False,,0.5930134197282876,0.1763604783375666,,,0.033155076389954255,0.06639039075046121,0.01821056269369748,132.51704349959726,4.070513715903792
lqr,1,wind_3p0__-y_r0.15,True,False,,0.6352961387946094,0.6928254924163377,,,0.573881608724153,0.293208031975457,0.08025571955425301,132.52626490876554,4.070943866242991
lqr,1,calm__+z_r0.15,True,True,1.065,0.029206261724303267,0.0,,,9.665928441454649e-30,4.814494350919358e-15,4.814494350919358e-15,139.8144,4.1033541965147705e-13
lqr,1,wind_1p5__+z_r0.15,True,False,,0.064454282325327,0.17732528306943288,,,0.0329470769568965,0.06639039075046121,0.01821056269369748,139.81774619453054,0.04276620491150867
lqr,1,wind_3p0__+z_r0.15,True,False,,0.23717713145150027,0.6946651970257479,,,0.5678209494794388,0.293208031975457,0.08025571955425301,139.87058215140286,0.20340993468125376
lqr,1,calm__-z_r0.15,True,True,1.065,0.029206261724303385,0.0,,,9.95459882354741e-30,4.814494350919372e-15,4.814494350919372e-15,133.69032302575295,4.788034241389785e-13
lqr,1,wind_1p5__-z_r0.15,True,False,,0.06463711041700371,0.17375947747517842,,,0.03283942525910449,0.06639039075046121,0.01821056269369748,133.69255849335275,0.04276620491150867
lqr,1,wind_3p0__-z_r0.15,True,False,,0.23758942621039486,0.6815623647602329,,,0.5685248337100428,0.293208031975457,0.08025571955425301,133.73165206113563,0.20340993468125376
lqr,1,calm__+x_r0.25,True,True,5.325,0.09458756123767473,0.6690573804109168,,,0.08891372471659065,0.75,0.25,129.94843776474343,0.8381110329736756
lqr,1,wind_1p5__+x_r0.25,True,True,4.3,0.09134187924990632,0.6882373052336179,,,0.11721228885327062,0.6952973046457666,0.25,129.92758279805344,0.8495600534389978
lqr,1,wind_3p0__+x_r0.25,True,True,0.0,0.2181387175135226,0.9938690839291585,,,0.6350196225556238,0.5275508530883806,0.25,130.01341209631843,0.8844024897501794
lqr,1,calm__-x_r0.25,True,True,5.325,0.09457121585118915,0.6690573804109163,,,0.08891372471659069,0.75,0.25,129.94843776474343,0.8381110329736756
lqr,1,wind_1p5__-x_r0.25,True,True,2.76,0.12581367993471032,0.5723143619256674,,,0.11974781482341454,0.8047026953542336,0.25000000000000006,129.99507212414085,0.8266152835820864
lqr,1,wind_3p0__-x_r0.25,True,False,,0.2844230127556427,0.7510255345168239,,,0.6652223582843659,0.9724491469116194,0.25000000000000006,130.24805649330514,0.7900171345075526
lqr,1,calm__+y_r0.25,True,False,,1.8609632382557795,0.0,,,8.840979840539715e-30,3.039854371740316e-15,3.210383457025024e-16,142.3231803422361,4.868918631220175
lqr,1,wind_1p5__+y_r0.25,True,False,,1.0285781013219364,0.1767910846051006,,,0.03330396023606649,0.06639039075046121,0.01821056269369748,131.6042015629359,4.850677028556324
lqr,1,wind_3p0__+y_r0.25,True,False,,1.0531114424828356,0.6949312163219986,,,0.5772093791966308,0.293208031975457,0.08025571955425301,131.6436088953123,4.845663701733863
lqr,1,calm__-y_r0.25,True,False,,1.8609632382557795,0.0,,,8.840979840539715e-30,3.039854371740316e-15,3.210383457025024e-16,142.3231803422361,4.868918631220175
lqr,1,wind_1p5__-y_r0.25,True,False,,1.0285781013219364,0.1767910846051006,,,0.03330396023606649,0.06639039075046121,0.01821056269369748,131.6042015629359,4.850677028556324
lqr,1,wind_3p0__-y_r0.25,True,False,,1.0531114424828356,0.6949312163219986,,,0.5772093791966308,0.293208031975457,0.08025571955425301,131.6436088953123,4.845663701733863
lqr,1,calm__+z_r0.25,True,True,1.2600000000000002,0.05090570166248128,0.0,,,2.911063753378945e-29,8.024157251532269e-15,8.024157251532269e-15,144.86215,8.402588207461441e-13
lqr,1,wind_1p5__+z_r0.25,True,False,,0.07670910663867166,0.17858471996349556,,,0.03295463576794551,0.06639039075046121,0.01821056269369748,144.86584098816573,0.04276620491150867
lqr,1,wind_3p0__+z_r0.25,True,False,,0.24066732930752932,0.6988994219137767,,,0.5673841711718974,0.293208031975457,0.08025571955425301,144.92538966925923,0.20340993468125376
lqr,1,calm__-z_r0.25,True,True,1.2600000000000002,0.05090570166248145,0.0,,,3.0664783623025964e-29,8.024157251532269e-15,8.024157251532269e-15,136.1756882870477,9.662608950152015e-13
lqr,1,wind_1p5__-z_r0.25,True,False,,0.07695720331183299,0.17284402672362503,,,0.03271737132732612,0.06639039075046121,0.01821056269369748,136.1777822246738,0.04276620491150867
lqr,1,wind_3p0__-z_r0.25,True,False,,0.24133010536239374,0.6787551113106954,,,0.5678558600843893,0.293208031975457,0.08025571955425301,136.21618727030835,0.20340993468125376
lqr,1,stochastic_dev_0000,True,True,2.1450000000000005,0.062402108884347156,0.4306929831839823,,,0.0400023577879513,0.5014344692649533,0.25,129.9117252351554,0.6472151825497883
lqr,1,stochastic_dev_0001,True,True,5.23,0.05952280116111832,0.6448964694864098,,,0.050100130069927924,0.5017702204683328,0.24999999999999997,129.90289578093007,0.6961807105251484
lqr,1,stochastic_dev_0002,True,False,,0.5913507128426373,0.32600131784449865,,,0.01486987584039256,0.10973686060080728,0.01855438752857111,132.51766819102951,4.070381037034611
lqr,1,stochastic_dev_0003,True,False,,0.5906941858625983,0.20924945471622314,,,0.007357813674968948,0.08208635435370855,0.021221853017223458,132.51741695213616,4.070486163422348
lqr,1,stochastic_dev_0004,True,True,1.08,0.03748045723582438,0.26769227497374304,,,0.009402403030125512,0.0830130361575277,0.016488007460261335,139.8138577385359,0.06201793394270635
lqr,1,stochastic_dev_0005,True,True,1.0700000000000003,0.03520575600566884,0.19262308608616052,,,0.004829908988565891,0.06526797593970345,0.015868739268762817,133.69024556515075,0.07318075661675993
lqr,1,stochastic_dev_0006,True,True,4.235,0.10166321735429197,0.7650254527893368,,,0.10129755429302889,0.7558196083992614,0.25,129.95284967554747,0.835602730263382
lqr,1,stochastic_dev_0007,True,True,3.3950000000000005,0.06131434229533889,0.41005867241290395,,,0.07737818815010995,0.5952838659947199,0.25,129.92490619416037,0.8602450218210356
lqr,1,stochastic_dev_0008,True,False,,1.0272712601386018,0.16464514347879614,,,0.010690338661098706,0.10458592945311526,0.03897070289258164,131.60154320891314,4.8511279279825406
lqr,1,stochastic_dev_0009,True,False,,1.0270591944917018,0.08478609395596919,,,0.001378716689036554,0.04895876748793336,0.01582964895903291,131.60206083457464,4.850990849378496
lqr,1,stochastic_dev_0010,True,True,1.7199999999999998,0.06800856742734278,0.48004664740686237,,,0.029194739757544594,0.20270598996613978,0.04440660295525843,144.86549338556566,0.1409339984925987
lqr,1,stochastic_dev_0011,True,True,1.2599999999999998,0.051467680368461964,0.07087189713811984,,,0.0017058767369143477,0.03674714566378298,0.009333405897053317,136.17567017857283,0.025492352500759846
lqr,1,stochastic_dev_0012,True,True,3.545,0.053840551330535,0.3655709757160993,,,0.03673732073080059,0.47521814591294076,0.25,129.90374087007226,0.6696068381690259
lqr,1,stochastic_dev_0013,True,True,3.87,0.06114173558305483,0.45062666407512825,,,0.04443744235593681,0.5063798830137645,0.25000000000000006,129.9097001886592,0.6690012594119227
lqr,1,stochastic_dev_0014,True,False,,0.590770382950623,0.2887709132000765,,,0.010663574510242663,0.11015892207617171,0.029045124393944077,132.51754917520327,4.070306188689217
lqr,1,stochastic_dev_0015,True,False,,0.5905181104474784,0.11627502393146677,,,0.005267666438340119,0.06805118798302734,0.013022204466773359,132.51645547166447,4.070510782582677
lqr,1,stochastic_dev_0016,True,True,1.085,0.033337609271417816,0.19461810686146253,,,0.004022271554862129,0.06503582093529645,0.016547316328005282,139.81549364833555,0.04653726660548657
lqr,1,stochastic_dev_0017,True,True,1.0750000000000002,0.03866547246824976,0.16086255580513112,,,0.012817200631232283,0.10944910435920205,0.02899267809983419,133.69060883963684,0.0911288704397736
lqr,1,stochastic_dev_0018,True,True,5.425000000000001,0.09974204847998407,0.6292018833329132,,,0.09311778390881476,0.7534079168346759,0.25000000000000006,129.95224792181298,0.8336931311463811
lqr,1,stochastic_dev_0019,True,True,7.18,0.09537583864328048,0.8065110500717736,,,0.10263452993585691,0.7381661813361161,0.25,129.94490676257243,0.8356556160965897
lqr,1,ramp_dev_0_to_3p0,True,True,0.0,0.14463560550859003,0.35094881027609925,0.16617196631992318,0.23622293059581306,0.2510451024519544,0.233699407932604,0.0037985576619568306,129.93129577755423,0.06156580289985169
lqr,2,calm__+x_r0.15,True,True,2.495,0.056251465416553126,0.387210610880652,,,0.033024044393995575,0.5,0.25,129.90499396244687,0.6637408528369386
lqr,2,wind_1p5__+x_r0.15,True,True,4.3950000000000005,0.06553054250457571,0.4406162093017503,,,0.06369052405370465,0.4443702586259999,0.25,129.90043576134136,0.676796819234212
lqr,2,wind_3p0__+x_r0.15,True,False,,0.22708103272458877,0.8322623710555519,,,0.5884433317197484,0.2928660545791739,0.25,129.99684669664722,0.7183694046458158
lqr,2,calm__-x_r0.15,True,True,2.495,0.056245824568153566,0.387210610880652,,,0.033024044393995575,0.5,0.25,129.90499396244687,0.6637408528369386
lqr,2,wind_1p5__-x_r0.15,True,True,2.615,0.09458800609461653,0.33916400557038945,,,0.06565467224631538,0.5556297413740001,0.25,129.94573400609823,0.6506350798577696
lqr,2,wind_3p0__-x_r0.15,True,False,,0.26878637151511575,0.6765326656447954,,,0.6072591646146992,0.7255661783281189,0.25000000000000006,130.14876341090024,0.6070960272443642
lqr,2,calm__+y_r0.15,True,False,,1.4611399946469152,0.0,,,2.204214361892092e-32,1.597253749020877e-16,1.946881554290284e-17,136.53446119399752,4.070504685932759
lqr,2,wind_1p5__+y_r0.15,True,False,,0.5931803537113206,0.176258937637268,,,0.03312051083967485,0.06670540138848163,0.017194480122424378,132.51706491304228,4.070513015077917
lqr,2,wind_3p0__+y_r0.15,True,False,,0.6378945032494601,0.6922770211618062,,,0.5735587854300498,0.2928660545791739,0.07609432270463545,132.52673100633638,4.070936860231224
lqr,2,calm__-y_r0.15,True,False,,1.4611399946469152,0.0,,,2.204214361892092e-32,1.597253749020877e-16,1.946881554290284e-17,136.53446119399752,4.070504685932759
lqr,2,wind_1p5__-y_r0.15,True,False,,0.5931803537113206,0.176258937637268,,,0.03312051083967485,0.06670540138848163,0.017194480122424378,132.51706491304228,4.070513015077917
lqr,2,wind_3p0__-y_r0.15,True,False,,0.6378945032494601,0.6922770211618062,,,0.5735587854300498,0.2928660545791739,0.07609432270463545,132.52673100633638,4.070936860231224
lqr,2,calm__+z_r0.15,True,True,1.065,0.02920626172430326,0.0,,,1.1510038024405768e-31,4.990584179692128e-16,4.990584179692128e-16,139.8144,3.53998104756364e-13
lqr,2,wind_1p5__+z_r0.15,True,False,,0.06596626628673029,0.1771932222410535,,,0.032906291332546606,0.06670540138848163,0.017194480122424378,139.81776126513714,0.039777455522841815
lqr,2,wind_3p0__+z_r0.15,True,False,,0.24403378264872005,0.6939568093646431,,,0.5674512524311641,0.2928660545791739,0.07609432270463545,139.87048069117438,0.19112253478117594
lqr,2,calm__-z_r0.15,True,True,1.065,0.029206261724303375,0.0,,,1.1797368228530336e-31,4.990584179692143e-16,4.990584179692143e-16,133.69032302575295,3.571135632702935e-13
lqr,2,wind_1p5__-z_r0.15,True,False,,0.06616106531547458,0.1736973364905835,,,0.03281231042086669,0.06670540138848163,0.017194480122424378,133.69265732262758,0.039777455522841815
lqr,2,wind_3p0__-z_r0.15,True,False,,0.24446301406347512,0.6810935873340822,,,0.5680698850718872,0.2928660545791739,0.07609432270463545,133.73309113459223,0.19112253478117594
lqr,2,calm__+x_r0.25,True,True,5.315,0.09462143084535685,0.6476632702123223,,,0.0826908745225995,0.75,0.25,129.94253793391647,0.8381110329736756
lqr,2,wind_1p5__+x_r0.25,True,True,4.335,0.09146265779880475,0.6681169232484704,,,0.1109416523291204,0.6943702586259999,0.25,129.92302133170668,0.8502577347515854
lqr,2,wind_3p0__+x_r0.25,True,True,0.0,0.22375211371670084,0.9774901530239253,,,0.6282657367689204,0.5244338216718811,0.25,130.0135739878592,0.8866968730857576
lqr,2,calm__-x_r0.25,True,True,5.315,0.09460584703662606,0.6476632702123208,,,0.0826908745225995,0.75,0.25,129.94253793391647,0.8381110329736756
lqr,2,wind_1p5__-x_r0.25,True,True,2.7700000000000005,0.12747978165759238,0.5560729657263025,,,0.11385300666423852,0.8056297413740001,0.25,129.9960176587426,0.8259164955559312
lqr,2,wind_3p0__-x_r0.25,True,False,,0.29172947772839947,0.747066819673202,,,0.6594320577161088,0.9755661783281189,0.25000000000000006,130.25137423209432,0.7877320874215303
lqr,2,calm__+y_r0.25,True,False,,1.8609632382557795,0.0,,,8.28749344903457e-32,3.1183408334690306e-16,3.418082783587823e-17,142.3231803422361,4.868918631220175
lqr,2,wind_1p5__+y_r0.25,True,False,,1.0286742349084979,0.17668694744529653,,,0.03326713072211422,0.06670540138848163,0.017194480122424378,131.60422535298366,4.850680358007654
lqr,2,wind_3p0__+y_r0.25,True,False,,1.0546820265953223,0.6943740397984421,,,0.5768227069177387,0.2928660545791739,0.07609432270463545,131.64367606658644,4.845708141191035
lqr,2,calm__-y_r0.25,True,False,,1.8609632382557795,0.0,,,8.28749344903457e-32,3.1183408334690306e-16,3.418082783587823e-17,142.3231803422361,4.868918631220175
lqr,2,wind_1p5__-y_r0.25,True,False,,1.0286742349084979,0.17668694744529653,,,0.03326713072211422,0.06670540138848163,0.017194480122424378,131.60422535298366,4.850680358007654
lqr,2,wind_3p0__-y_r0.25,True,False,,1.0546820265953223,0.6943740397984421,,,0.5768227069177387,0.2928660545791739,0.07609432270463545,131.64367606658644,4.845708141191035
lqr,2,calm__+z_r0.25,True,True,1.2600000000000002,0.050905701662481276,0.0,,,3.2519107378574265e-31,8.317640299486885e-16,8.317640299486885e-16,144.86215,3.6105928672647523e-13
lqr,2,wind_1p5__+z_r0.25,True,False,,0.07797936866595193,0.1784497576068107,,,0.032929393401845024,0.06670540138848163,0.017194480122424378,144.86588583657343,0.039777455522841815
lqr,2,wind_3p0__+z_r0.25,True,False,,0.24741722876286165,0.6981622202557581,,,0.567041808974988,0.2928660545791739,0.07609432270463545,144.92605688828806,0.19112253478117594
lqr,2,calm__-z_r0.25,True,True,1.2600000000000002,0.050905701662481435,0.0,,,3.4091231904832576e-31,8.317640299486885e-16,8.317640299486885e-16,136.1756882870477,3.6146452758378825e-13
lqr,2,wind_1p5__-z_r0.25,True,False,,0.07824634418950013,0.17279500361858688,,,0.03269261305890221,0.06670540138848163,0.017194480122424378,136.17787871034213,0.039777455522841815
lqr,2,wind_3p0__-z_r0.25,True,False,,0.2481056361095389,0.6783212271771542,,,0.5672698788847168,0.2928660545791739,0.07609432270463545,136.21726396231313,0.19112253478117594
lqr,2,stochastic_dev_0000,True,True,2.1399999999999997,0.06274167011507717,0.41973744308918476,,,0.03712738200122591,0.5018476158232755,0.25,129.90968503920288,0.6477705750716095
lqr,2,stochastic_dev_0001,True,True,5.215,0.058965556870309535,0.6266906411277546,,,0.04699040825496077,0.5008727593442623,0.25000000000000006,129.9008490131274,0.6966270328375417
lqr,2,stochastic_dev_0002,True,False,,0.5913925116457404,0.32360257047884217,,,0.014648495711027998,0.10795323817986074,0.01742672482350857,132.51758012775477,4.070386117236658
lqr,2,stochastic_dev_0003,True,False,,0.5907140536823713,0.21007213827704493,,,0.007189431417483397,0.08001458604744496,0.019749514263519508,132.51736398804707,4.070485465462055
lqr,2,stochastic_dev_0004,True,True,1.08,0.037618487560236016,0.26445641756215327,,,0.009238754585312894,0.07995207948532994,0.015879953697037423,139.81391189647786,0.061919118881384794
lqr,2,stochastic_dev_0005,True,True,1.0700000000000003,0.03538497337978697,0.19005448244381132,,,0.0046592675078000224,0.0635074066238081,0.014691677384519965,133.69024860048472,0.06879091300927198
lqr,2,stochastic_dev_0006,True,True,4.21,0.10179271479343503,0.7412205628565648,,,0.0944726821576313,0.7556907662379978,0.25,129.94652620035194,0.8358961119051633
lqr,2,stochastic_dev_0007,True,True,3.375,0.06055359228507424,0.3919511645140522,,,0.07051408977732242,0.5962199401623506,0.25,129.9214414713102,0.8609063607397224
lqr,2,stochastic_dev_0008,True,False,,1.0272866250901973,0.1650130459659105,,,0.010231712342407441,0.09979235185414836,0.03612610724743176,131.60154168581545,4.851131480833014
lqr,2,stochastic_dev_0009,True,False,,1.027061063293706,0.08396775357367083,,,0.0013150474655784028,0.04778791854367322,0.015056333217927625,131.60205026348964,4.8509892471168365
lqr,2,stochastic_dev_0010,True,True,1.7149999999999999,0.06855144936268703,0.47614222044627097,,,0.02842953471708916,0.19537383729976834,0.0423853608537981,144.86520480264673,0.13501243777105065
lqr,2,stochastic_dev_0011,True,True,1.2599999999999998,0.05148259654225874,0.06994355117157303,,,0.0016424156872849793,0.03519108519159628,0.008803505421122085,136.1756726644703,0.023069528772522857
lqr,2,stochastic_dev_0012,True,True,3.5600000000000005,0.05387021214790645,0.35403482628961686,,,0.0340206520213744,0.47618291788558303,0.25,129.9014906705202,0.6695642278407472
lqr,2,stochastic_dev_0013,True,True,3.9000000000000004,0.06128870031651669,0.4385006139230083,,,0.04135044499708175,0.5063137804770523,0.25000000000000006,129.90793260856182,0.6686110599632543
lqr,2,stochastic_dev_0014,True,False,,0.5907892682270094,0.2874784990102054,,,0.010309743629814665,0.10659665152458468,0.02683430522617236,132.51747580301685,4.070302448915647
lqr,2,stochastic_dev_0015,True,False,,0.5905324786771727,0.11648448052225335,,,0.0050942555704606195,0.06596064223163464,0.012373241268653058,132.51648356405528,4.070508520491181
lqr,2,stochastic_dev_0016,True,True,1.085,0.033430499137452295,0.19189969669840942,,,0.0038354527779132616,0.062129778515206784,0.015870979235173346,139.81546884270853,0.04332917956348984
lqr,2,stochastic_dev_0017,True,True,1.0750000000000002,0.039149077998739824,0.1619117924694919,,,0.012452360394172902,0.10592927904549952,0.02712041973843997,133.69061767095366,0.08573283102063804
lqr,2,stochastic_dev_0018,True,True,5.355,0.10009168354298537,0.6103923921865555,,,0.0871235081169906,0.7534227105461779,0.25,129.94602870786701,0.8335658783295709
lqr,2,stochastic_dev_0019,True,True,7.1899999999999995,0.09524331584337367,0.7862868467843499,,,0.09600730625846644,0.738464859815421,0.25,129.93940864917673,0.8358137207349742
lqr,2,ramp_dev_0_to_3p0,True,True,0.0,0.14870400898068784,0.352325443943884,0.1698953005951136,0.24308653378582357,0.2513157181741034,0.23419483940401012,0.0037895623694078062,129.93145018629474,0.06136615906178602
lqr,3,calm__+x_r0.15,True,True,2.5,0.0564973867951414,0.4103077205239181,,,0.0341524241821027,0.5,0.25,129.90547075285215,0.6637408528369386
lqr,3,wind_1p5__+x_r0.15,True,True,4.305,0.06530312974315694,0.46379704954994005,,,0.06490198710679616,0.44560291491705306,0.25,129.90095272119476,0.6765447012664056
lqr,3,wind_3p0__+x_r0.15,True,False,,0.2221084024269545,0.8556986211546482,,,0.5901138027186138,0.29501076199000964,0.25,129.99599545692288,0.7176589431337161
lqr,3,calm__-x_r0.15,True,True,2.5,0.05649155283240571,0.4103077205239181,,,0.0341524241821027,0.5,0.25,129.90547075285215,0.6637408528369386
lqr,3,wind_1p5__-x_r0.15,True,True,2.5600000000000005,0.09311148881414084,0.35131764070476806,,,0.06652447246395973,0.5543970850829469,0.25,129.94518350684348,0.6508878732660326
lqr,3,wind_3p0__-x_r0.15,True,False,,0.26266798004921144,0.6791517950897792,,,0.6078708720000165,0.7213131540916383,0.25,130.14714269824978,0.6077039506784472
lqr,3,calm__+y_r0.15,True,False,,1.4611399946469152,0.0,,,2.557299723945199e-32,1.7304966910073277e-16,2.0569399786747297e-17,136.53446119399752,4.070504685932759
lqr,3,wind_1p5__+y_r0.15,True,False,,0.5930402794474174,0.17862888128505047,,,0.03320877598359186,0.06685370640959981,0.017221726784482992,132.5170081450839,4.070507933991273
lqr,3,wind_3p0__+y_r0.15,True,False,,0.6357225127748004,0.6999487638923565,,,0.573708611499424,0.29501076199000964,0.07620735409422028,132.52590871584295,4.070866691773389
lqr,3,calm__-y_r0.15,True,False,,1.4611399946469152,0.0,,,2.557299723945199e-32,1.7304966910073277e-16,2.0569399786747297e-17,136.53446119399752,4.070504685932759
lqr,3,wind_1p5__-y_r0.15,True,False,,0.5930402794474174,0.17862888128505047,,,0.03320877598359186,0.06685370640959981,0.017221726784482992,132.5170081450839,4.070507933991273
lqr,3,wind_3p0__-y_r0.15,True,False,,0.6357225127748004,0.6999487638923565,,,0.573708611499424,0.29501076199000964,0.07620735409422028,132.52590871584295,4.070866691773389
lqr,3,calm__+z_r0.15,True,True,1.065,0.02920626172430326,0.0,,,1.2359494247374446e-31,5.005833301344659e-16,5.005833301344659e-16,139.8144,3.5607986860662084e-13
lqr,3,wind_1p5__+z_r0.15,True,False,,0.06471213145390843,0.17978966111077568,,,0.032966719858838936,0.06685370640959981,0.017221726784482992,139.81777521737035,0.03996435928152028
lqr,3,wind_3p0__+z_r0.15,True,False,,0.23836240300363584,0.7024242285413023,,,0.5675629612986917,0.29501076199000964,0.07620735409422028,139.87084462050822,0.19187404858284446
lqr,3,calm__-z_r0.15,True,True,1.065,0.029206261724303375,0.0,,,1.2600386021750902e-31,5.005833301344674e-16,5.005833301344674e-16,133.69032302575295,3.5794012449732224e-13
lqr,3,wind_1p5__-z_r0.15,True,False,,0.06489600430653882,0.17587999349889663,,,0.03287979672327006,0.06685370640959981,0.017221726784482992,133.69255020516053,0.03996435928152028
lqr,3,wind_3p0__-z_r0.15,True,False,,0.23877737534193702,0.6882825231782487,,,0.5683331469913924,0.29501076199000964,0.07620735409422028,133.73157553334437,0.19187404858284446
lqr,3,calm__+x_r0.25,True,True,5.365,0.09503833942100737,0.6860666576887559,,,0.0857336753904567,0.75,0.25,129.944448628125,0.8381110329736756
lqr,3,wind_1p5__+x_r0.25,True,True,4.34,0.09189823618745965,0.704771090530999,,,0.11405083142889208,0.6956029149170531,0.25,129.92494166337815,0.8499240806280406
lqr,3,wind_3p0__+x_r0.25,True,True,0.0,0.21949560762525547,1.0125478058170683,,,0.6319967158460023,0.5286868459083617,0.25,130.0125424231652,0.8857439324970444
lqr,3,calm__-x_r0.25,True,True,5.365,0.0950222428705422,0.686066657688755,,,0.08573367539045669,0.75,0.25,129.944448628125,0.8381110329736756
lqr,3,wind_1p5__-x_r0.25,True,True,2.7649999999999997,0.12614952504238136,0.5814462751029906,,,0.11631660517501516,0.8043970850829469,0.25,129.99517882088935,0.8262517624459695
lqr,3,wind_3p0__-x_r0.25,True,False,,0.2855038599198347,0.7540707707910757,,,0.6612040788293544,0.9713131540916383,0.25,130.248777958555,0.7886307299713963
lqr,3,calm__+y_r0.25,True,False,,1.8609632382557795,0.0,,,9.231028310310791e-32,3.3223358922547065e-16,3.582627449078532e-17,142.3231803422361,4.868918631220175
lqr,3,wind_1p5__+y_r0.25,True,False,,1.0285916677956333,0.17904962899983742,,,0.03335702273486944,0.06685370640959981,0.017221726784482992,131.60414794465984,4.850683771779882
lqr,3,wind_3p0__+y_r0.25,True,False,,1.0533422658414804,0.702021950236979,,,0.5770098448978911,0.29501076199000964,0.07620735409422028,131.64315927955377,4.845746218254165
lqr,3,calm__-y_r0.25,True,False,,1.8609632382557795,0.0,,,9.231028310310791e-32,3.3223358922547065e-16,3.582627449078532e-17,142.3231803422361,4.868918631220175
lqr,3,wind_1p5__-y_r0.25,True,False,,1.0285916677956333,0.17904962899983742,,,0.03335702273486944,0.06685370640959981,0.017221726784482992,131.60414794465984,4.850683771779882
lqr,3,wind_3p0__-y_r0.25,True,False,,1.0533422658414804,0.702021950236979,,,0.5770098448978911,0.29501076199000964,0.07620735409422028,131.64315927955377,4.845746218254165
lqr,3,calm__+z_r0.25,True,True,1.2600000000000002,0.050905701662481276,0.0,,,3.4783732219783193e-31,8.343055502241104e-16,8.343055502241104e-16,144.86215,3.6136929560337965e-13
lqr,3,wind_1p5__+z_r0.25,True,False,,0.0769249944849746,0.18115233367385714,,,0.032960318725721645,0.06685370640959981,0.017221726784482992,144.86588973495375,0.03996435928152028
lqr,3,wind_3p0__+z_r0.25,True,False,,0.2418348003089462,0.707033893130289,,,0.5671106428481488,0.29501076199000964,0.07620735409422028,144.92615491791048,0.19187404858284446
lqr,3,calm__-z_r0.25,True,True,1.2600000000000002,0.050905701662481435,0.0,,,3.6417130503013176e-31,8.343055502241104e-16,8.343055502241104e-16,136.1756882870477,3.615771066708652e-13
lqr,3,wind_1p5__-z_r0.25,True,False,,0.07717532084282412,0.17487400551878762,,,0.032761882923894016,0.06685370640959981,0.017221726784482992,136.1777622774227,0.03996435928152028
lqr,3,wind_3p0__-z_r0.25,True,False,,0.2424982660670055,0.6851615602083719,,,0.5676992458315089,0.29501076199000964,0.07620735409422028,136.21570822651404,0.19187404858284446
lqr,3,stochastic_dev_0000,True,True,2.1500000000000004,0.06276836870370585,0.441769922938154,,,0.03833969651940845,0.5017083085547771,0.24999999999999997,129.9102915155908,0.6474258826911589
lqr,3,stochastic_dev_0001,True,True,5.290000000000001,0.06025175218324644,0.6628191257091304,,,0.04941618409915087,0.5022559120088479,0.25,129.90171410652115,0.6974485841923226
lqr,3,stochastic_dev_0002,True,False,,0.5913739171594826,0.3341999046458766,,,0.014946573349239139,0.10903378617169698,0.017701500477579388,132.5176776824807,4.070363588403727
lqr,3,stochastic_dev_0003,True,False,,0.5907021893048144,0.21241440061118305,,,0.007324441057517124,0.07955441204177832,0.019841656876211283,132.5174447537257,4.070482360264165
lqr,3,stochastic_dev_0004,True,True,1.08,0.037675337897300584,0.2732909656513426,,,0.00949769210817347,0.0822105685054588,0.01588259426984616,139.81389125369648,0.06415287846227133
lqr,3,stochastic_dev_0005,True,True,1.0700000000000003,0.03535379499002898,0.19808460945890913,,,0.004776373276363055,0.06343987308174552,0.014634671741791845,133.6902356600025,0.0698740073410637
lqr,3,stochastic_dev_0006,True,True,4.2700000000000005,0.10226143574067077,0.785669469197507,,,0.09815032935944931,0.7559562317571593,0.25000000000000006,129.94864677122723,0.8358340598533581
lqr,3,stochastic_dev_0007,True,True,3.42,0.06147969306069145,0.4179627678485304,,,0.07254477378583223,0.5946921560778238,0.25,129.9224701324221,0.8606952364608649
lqr,3,stochastic_dev_0008,True,False,,1.0272737614689635,0.1665895470543324,,,0.01025893592343015,0.09959182296269185,0.036058861117284374,131.60150335063136,4.851134991924445
lqr,3,stochastic_dev_0009,True,False,,1.027059353018124,0.08641596440331097,,,0.0013453678794471786,0.04807254916631769,0.015027969477991131,131.60206887311688,4.850991584799151
lqr,3,stochastic_dev_0010,True,True,1.7400000000000002,0.06842626665595969,0.49309390721503266,,,0.028943671939247108,0.1977136036498202,0.04271324065281673,144.86531270991233,0.13696333830674812
lqr,3,stochastic_dev_0011,True,True,1.2599999999999998,0.05147461743154311,0.07169170749162929,,,0.0016669901337646581,0.035483059801548616,0.008798514504383029,136.1756749532337,0.022612225697047735
lqr,3,stochastic_dev_0012,True,True,3.5700000000000003,0.054027495703711195,0.37334636027163726,,,0.035042827739275084,0.47603549396363776,0.25,129.9022391684721,0.6695048863703795
lqr,3,stochastic_dev_0013,True,True,3.88,0.061443595845105115,0.4605343748802079,,,0.04283821192219633,0.5061776347047394,0.25,129.9083561243176,0.6688945665376157
lqr,3,stochastic_dev_0014,True,False,,0.5907848663783988,0.29648346411308957,,,0.010545538719991265,0.10871094809800719,0.026831753808764902,132.51768711439578,4.070289645249214
lqr,3,stochastic_dev_0015,True,False,,0.5905213169844871,0.11691813121543514,,,0.005104561724892461,0.06585787253955352,0.01242839678012471,132.51650014943385,4.070510415375005
lqr,3,stochastic_dev_0016,True,True,1.0899999999999999,0.033449383212143545,0.19955122063193131,,,0.003928959289401792,0.06307436131208928,0.015994930341668184,139.81550033682637,0.044105696894341906
lqr,3,stochastic_dev_0017,True,True,1.0750000000000002,0.0387399214365382,0.16167548584274327,,,0.012408636495229476,0.1063717281823244,0.02709041403977841,133.69063541235357,0.08570286073693917
lqr,3,stochastic_dev_0018,True,True,5.48,0.10006802560713207,0.6421656833952049,,,0.08987708652438471,0.7531041206460047,0.25,129.94794444265062,0.8334103963058654
lqr,3,stochastic_dev_0019,True,True,7.225,0.09605886391735646,0.8268878199551647,,,0.09996532749434056,0.7382686119211233,0.25000000000000006,129.94115130380428,0.8357376908075889
lqr,3,ramp_dev_0_to_3p0,True,True,0.0,0.14531403125152068,0.35130387378955535,0.16695967314604732,0.23732173846496685,0.2510523695443555,0.23406810261284813,0.0037989978248296197,129.93134459700897,0.06189996293520865
task_lqr,1,calm__+x_r0.15,True,True,2.06,0.052928738343065336,0.2719795607244237,,,0.07294715826698218,0.75,0.25,129.9349513661626,0.8381110329736756
task_lqr,1,wind_1p5__+x_r0.15,True,False,,0.05982274995394492,0.30885038419518596,,,0.10275290417909613,0.6894107190841798,0.25,129.91229982553202,0.8402199917216765
task_lqr,1,wind_3p0__+x_r0.15,True,False,,0.22438973201080298,0.6616615854942816,,,0.6237663480662983,0.5094710638200424,0.25,130.02864040101272,0.8484078519086484
task_lqr,1,calm__-x_r0.15,True,True,2.065,0.05292025645947534,0.2719795607244237,,,0.07294715826698218,0.75,0.25,129.9349513661626,0.8381110329736756
task_lqr,1,wind_1p5__-x_r0.15,True,False,,0.0966232468544032,0.2907785708802328,,,0.10718296188910324,0.8105892809158202,0.25000000000000006,129.99155857410798,0.8359410975531312
task_lqr,1,wind_3p0__-x_r0.15,True,False,,0.27362773654882405,0.6374433450894398,,,0.651532760927177,0.9905289361799576,0.25,130.2254600799081,0.8266538248800795
task_lqr,1,calm__+y_r0.15,True,False,,1.4611399946469152,0.0,,,4.4966115232602196e-35,5.6970646180697746e-18,7.417283684812382e-19,136.53446119399752,4.070504685932759
task_lqr,1,wind_1p5__+y_r0.15,True,False,,0.5932805026431887,0.15138794894910718,,,0.033136485416296046,0.09178629688770619,0.03625615920349523,132.51743607622163,4.070590113159851
task_lqr,1,wind_3p0__+y_r0.15,True,False,,0.6388598741068268,0.6063672421369796,,,0.57164276088666,0.3852923172890189,0.15293526770512839,132.5315360063907,4.07219441084455
task_lqr,1,calm__-y_r0.15,True,False,,1.4611399946469152,0.0,,,4.4966115232602196e-35,5.6970646180697746e-18,7.417283684812382e-19,136.53446119399752,4.070504685932759
task_lqr,1,wind_1p5__-y_r0.15,True,False,,0.5932805026431887,0.15138794894910718,,,0.033136485416296046,0.09178629688770619,0.03625615920349523,132.51743607622163,4.070590113159851
task_lqr,1,wind_3p0__-y_r0.15,True,False,,0.6388598741068268,0.6063672421369796,,,0.57164276088666,0.3852923172890189,0.15293526770512839,132.5315360063907,4.07219441084455
task_lqr,1,calm__+z_r0.15,True,True,1.065,0.02920626172430326,0.0,,,7.788163077241888e-31,8.489496087181838e-16,1.8502072614955364e-16,139.8144,1.7616221936438017e-13
task_lqr,1,wind_1p5__+z_r0.15,True,False,,0.06674282839863172,0.15047281074370267,,,0.03303633538821466,0.09178629688770619,0.03625615920349523,139.81747927667513,0.07713448728587985
task_lqr,1,wind_3p0__+z_r0.15,True,False,,0.2459002037153355,0.6021185302438314,,,0.5651413424320233,0.3852923172890189,0.15293526770512839,139.86634702874917,0.34395944491616026
task_lqr,1,calm__-z_r0.15,True,True,1.065,0.029206261724303375,0.0,,,7.90412752604965e-31,8.461679805166334e-16,1.7490234241651186e-16,133.69032302575295,1.8287101066288508e-13
task_lqr,1,wind_1p5__-z_r0.15,True,False,,0.06683190813142212,0.15017776174533506,,,0.032931190152895945,0.09178629688770619,0.03625615920349523,133.6927687420197,0.07713448728587985
task_lqr,1,wind_3p0__-z_r0.15,True,False,,0.24613955002860438,0.5998882816833416,,,0.5673802830536399,0.3852923172890189,0.15293526770512839,133.7312472837837,0.34395944491616026
task_lqr,1,calm__+x_r0.25,True,True,2.485,0.08853234056601592,0.4819767131578018,,,0.21059095887074983,1.0,0.25,130.01431937570814,0.9972764195149891
task_lqr,1,wind_1p5__+x_r0.25,True,False,,0.08233059323515335,0.49545483206342794,,,0.237953283151546,0.9394107190841798,0.25,129.98116154272125,0.9958816263639318
task_lqr,1,wind_3p0__+x_r0.25,True,True,0.0,0.21792361515656322,0.760459947607002,,,0.7454057591481444,0.9204636801589232,0.25,130.04622760318492,0.9779887593584498
task_lqr,1,calm__-x_r0.25,True,True,2.485,0.08850523606333012,0.48197671315780144,,,0.21059095887074988,1.0,0.25,130.01431937570814,0.9972764195149892
task_lqr,1,wind_1p5__-x_r0.25,True,False,,0.12791151728378858,0.47212796332597895,,,0.24141933289158202,1.0605892809158202,0.25000000000000006,130.07554868555135,0.9888106200673505
task_lqr,1,wind_3p0__-x_r0.25,True,False,,0.29716822442312607,0.7229036842509997,,,0.787975482253191,1.2405289361799576,0.25,130.3490434277275,0.9765702678338986
task_lqr,1,calm__+y_r0.25,True,False,,1.8609632382557795,0.0,,,1.3967380516438863e-34,1.0449172902191627e-17,1.377936224990748e-18,142.3231803422361,4.868918631220175
task_lqr,1,wind_1p5__+y_r0.25,True,False,,1.028761096422822,0.151951439620762,,,0.033294191896562034,0.09178629688770619,0.03625615920349523,131.60484763980594,4.850604990127883
task_lqr,1,wind_3p0__+y_r0.25,True,False,,1.0557123951410508,0.6089152507737252,,,0.5746380798510407,0.3852923172890189,0.15293526770512839,131.65175472049876,4.844389119991154
task_lqr,1,calm__-y_r0.25,True,False,,1.8609632382557795,0.0,,,1.3967380516438863e-34,1.0449172902191627e-17,1.377936224990748e-18,142.3231803422361,4.868918631220175
task_lqr,1,wind_1p5__-y_r0.25,True,False,,1.028761096422822,0.151951439620762,,,0.033294191896562034,0.09178629688770619,0.03625615920349523,131.60484763980594,4.850604990127883
task_lqr,1,wind_3p0__-y_r0.25,True,False,,1.0557123951410508,0.6089152507737252,,,0.5746380798510407,0.3852923172890189,0.15293526770512839,131.65175472049876,4.844389119991154
task_lqr,1,calm__+z_r0.25,True,True,1.2600000000000002,0.050905701662481276,0.0,,,1.73293522527648e-30,1.26584463854606e-15,3.391132454188402e-16,144.86215,2.4224817932347006e-13
task_lqr,1,wind_1p5__+z_r0.25,True,False,,0.07866404249084212,0.15067590062106007,,,0.03305640922184651,0.09178629688770619,0.03625615920349523,144.8651883444163,0.07713448728587985
task_lqr,1,wind_3p0__+z_r0.25,True,False,,0.2493527970735587,0.6023638552339132,,,0.5660352343622274,0.3852923172890189,0.15293526770512839,144.91334299814852,0.34395944491616026
task_lqr,1,calm__-z_r0.25,True,True,1.2600000000000002,0.050905701662481435,0.0,,,1.7121794034862798e-30,1.2916381926258191e-15,3.0843603010222756e-16,136.1756882870477,2.5795541232051844e-13
task_lqr,1,wind_1p5__-z_r0.25,True,False,,0.07880679016627602,0.15022824936485007,,,0.03312799013729231,0.09178629688770619,0.03625615920349523,136.1782698225346,0.07713448728587985
task_lqr,1,wind_3p0__-z_r0.25,True,False,,0.24970443986363736,0.6009195807828261,,,0.5669825084852261,0.3852923172890189,0.15293526770512839,136.21814378019235,0.34395944491616026
task_lqr,1,stochastic_dev_0000,True,True,2.075,0.060198602558680626,0.3215140425458412,,,0.083382264588611,0.7492746051114156,0.25000000000000006,129.94115194486784,0.8243059876101669
task_lqr,1,stochastic_dev_0001,True,True,2.21,0.04953267961496349,0.44301993292973285,,,0.08894706086115463,0.7496969527935822,0.25,129.9280215286961,0.8608117970102227
task_lqr,1,stochastic_dev_0002,True,False,,0.5911670874152204,0.21857142912635402,,,0.014835029332460548,0.1060570006534878,0.031758314766499346,132.51715103017182,4.070542494489548
task_lqr,1,stochastic_dev_0003,True,False,,0.5905904178496814,0.17375512630749673,,,0.009193687435076627,0.112374183723476,0.03903133198488218,132.517410438944,4.070508517680907
task_lqr,1,stochastic_dev_0004,True,True,1.0700000000000003,0.034664969705476605,0.20552096004641743,,,0.009080940188637754,0.0967694172257869,0.027135242966768586,139.8137654890631,0.08356234061542754
task_lqr,1,stochastic_dev_0005,True,True,1.0700000000000003,0.03408474470332485,0.13095286366343048,,,0.0065615842418195736,0.07314498251832005,0.02929440301182755,133.6903346325457,0.10766989748746138
task_lqr,1,stochastic_dev_0006,True,True,2.5200000000000005,0.09459340544292325,0.5334591171066251,,,0.22680753729810746,1.002496731778902,0.25,130.02439354208477,1.0007999717865568
task_lqr,1,stochastic_dev_0007,True,True,2.08,0.0571162980049669,0.3348645935141554,,,0.2317594057361871,0.8570941316764864,0.25,129.98179889697087,1.0289755993722591
task_lqr,1,stochastic_dev_0008,True,False,,1.0272495273643731,0.14326787319244835,,,0.015748948585079497,0.16578988668768688,0.06818281787337038,131.60198736052052,4.851032588039512
task_lqr,1,stochastic_dev_0009,True,False,,1.02705744347743,0.06807483719244302,,,0.0021744976728956533,0.07090863464796114,0.022904761665128795,131.60197974008867,4.850971902790532
task_lqr,1,stochastic_dev_0010,True,True,1.25,0.06338485575501816,0.3464359408287535,,,0.03458892038300507,0.26715537845300363,0.07630132191255357,144.86784037229694,0.23212422074633948
task_lqr,1,stochastic_dev_0011,True,True,1.2599999999999998,0.051397917497959515,0.07501455477180187,,,0.002612926212295329,0.04417820260465486,0.018277610113900333,136.175612486864,0.056200854508484964
task_lqr,1,stochastic_dev_0012,True,True,1.9800000000000004,0.05082284293892049,0.2537507738904219,,,0.0774985255739377,0.7184045427939805,0.25,129.93230168724088,0.8452538059763917
task_lqr,1,stochastic_dev_0013,True,True,2.2350000000000003,0.05728770005636281,0.30484036510728074,,,0.08344066379665692,0.7622601704444805,0.25,129.94373669505464,0.8449490944488851
task_lqr,1,stochastic_dev_0014,True,False,,0.5905725389110845,0.18149071651555249,,,0.012028763049760603,0.12501720281803622,0.05273985496162659,132.51619560288896,4.07050866128452
task_lqr,1,stochastic_dev_0015,True,False,,0.5904936201000817,0.11235731055671415,,,0.00789856211656298,0.09257621139444622,0.022323073426926188,132.51602339959675,4.070509392649045
task_lqr,1,stochastic_dev_0016,True,True,1.08,0.03227139490159574,0.15317483143100782,,,0.006355943568201542,0.09196886476000413,0.029370352525418635,139.81500927095132,0.08333348792766287
task_lqr,1,stochastic_dev_0017,True,True,1.0700000000000003,0.037996986206557,0.16078922575545132,,,0.018583015149055263,0.14508033735070597,0.04969550027531677,133.69023506758256,0.15140474215833216
task_lqr,1,stochastic_dev_0018,True,True,2.76,0.09505646071080494,0.4432774760963567,,,0.2017994008036353,1.004556382613698,0.25,130.02404045538847,0.9781966681675615
task_lqr,1,stochastic_dev_0019,True,True,2.4450000000000003,0.08481650202553345,0.5602833381294656,,,0.22452355664159998,0.9849709007477422,0.25,130.01093410486044,0.990629099488312
task_lqr,1,ramp_dev_0_to_3p0,True,True,0.0,0.14702873348798512,0.34487843853633016,0.16135936374465248,0.24191499701939576,0.24923602785149906,0.2302277837768582,0.0037984210461062262,129.92985536944568,0.05745989396066296
task_lqr,2,calm__+x_r0.15,True,True,2.0700000000000003,0.053841001348382184,0.24899832626652957,,,0.045495181227663724,0.5983040959011868,0.25,129.91841837725062,0.6637408528369386
task_lqr,2,wind_1p5__+x_r0.15,True,False,,0.06288690562072963,0.29034767118004257,,,0.0756646215477004,0.5421712943727137,0.25,129.9022737426096,0.6676964163014285
task_lqr,2,wind_3p0__+x_r0.15,True,False,,0.24431828630360017,0.6583594705998778,,,0.5951494279817378,0.3658801750890043,0.25,130.00737960804335,0.6861579336438286
task_lqr,2,calm__-x_r0.15,True,True,2.0700000000000003,0.05383455033958501,0.24899832626652957,,,0.045495181227663724,0.5983040959011868,0.25,129.91841837725062,0.6637408528369386
task_lqr,2,wind_1p5__-x_r0.15,True,False,,0.10227758018215476,0.27077512870927223,,,0.07978413086515522,0.6546327016561125,0.25,129.9671424957338,0.6597394941359321
task_lqr,2,wind_3p0__-x_r0.15,True,False,,0.2957897388425789,0.6320456737937367,,,0.6212398376588882,0.8309705132985018,0.25,130.16038213586523,0.6399857950887579
task_lqr,2,calm__+y_r0.15,True,False,,1.4611399946469152,0.0,,,5.645766706856098e-34,2.0176756877208743e-17,3.4289700600593796e-18,136.53446119399752,4.070504685932759
task_lqr,2,wind_1p5__+y_r0.15,True,False,,0.5938253189294095,0.15277971697940412,,,0.032955666807008975,0.08295750247881477,0.028448701013716736,132.51738117951177,4.070583825869528
task_lqr,2,wind_3p0__+y_r0.15,True,False,,0.6472847916171888,0.6106480738221018,,,0.5688360024084917,0.3425771515723208,0.1210268133863249,132.53068880452736,4.07205418481486
task_lqr,2,calm__-y_r0.15,True,False,,1.4611399946469152,0.0,,,5.645766706856098e-34,2.0176756877208743e-17,3.4289700600593796e-18,136.53446119399752,4.070504685932759
task_lqr,2,wind_1p5__-y_r0.15,True,False,,0.5938253189294095,0.15277971697940412,,,0.032955666807008975,0.08295750247881477,0.028448701013716736,132.51738117951177,4.070583825869528
task_lqr,2,wind_3p0__-y_r0.15,True,False,,0.6472847916171888,0.6106480738221018,,,0.5688360024084917,0.3425771515723208,0.1210268133863249,132.53068880452736,4.07205418481486
task_lqr,2,calm__+z_r0.15,True,True,1.065,0.02920626172430326,0.0,,,1.4314796439846176e-31,2.9635848441581076e-16,1.4434001771116373e-16,139.8144,2.1081743487946773e-13
task_lqr,2,wind_1p5__+z_r0.15,True,False,,0.07143931255516923,0.15193853864197904,,,0.03305184465283342,0.08295750247881477,0.028448701013716736,139.8175362204651,0.0625970135621538
task_lqr,2,wind_3p0__+z_r0.15,True,False,,0.26706480611479005,0.6065135297221657,,,0.5634578470713703,0.3425771515723208,0.1210268133863249,139.8670323589461,0.2853434892551038
task_lqr,2,calm__-z_r0.15,True,True,1.065,0.029206261724303375,0.0,,,1.2945810784274425e-31,2.8096539431749465e-16,1.4434001771116425e-16,133.69032302575295,2.0997598307453408e-13
task_lqr,2,wind_1p5__-z_r0.15,True,False,,0.07152942905291627,0.15147745631577753,,,0.03253948661741756,0.08295750247881477,0.028448701013716736,133.69269362875755,0.0625970135621538
task_lqr,2,wind_3p0__-z_r0.15,True,False,,0.26738010423767883,0.6034247128101725,,,0.5652642027522106,0.3425771515723208,0.1210268133863249,133.73322610182245,0.2853434892551038
task_lqr,2,calm__+x_r0.25,True,True,2.5700000000000003,0.0900589382730556,0.4337584841496855,,,0.13831083037467942,0.8706690314615777,0.25,129.98204205560017,0.944998861177093
task_lqr,2,wind_1p5__+x_r0.25,True,False,,0.08404606765138356,0.45061799380395623,,,0.165567617490535,0.8180275570542481,0.25,129.95329912466696,0.9420632905381202
task_lqr,2,wind_3p0__+x_r0.25,True,True,0.0,0.23628513885900787,0.7398653218774744,,,0.6734743674117767,0.6443890222005207,0.25000000000000006,130.01437522151204,0.9364160687792675
task_lqr,2,calm__-x_r0.25,True,True,2.5700000000000003,0.09003893996636551,0.4337584841496859,,,0.13831083037467945,0.8706690314615777,0.25,129.98204205560017,0.944998861177093
task_lqr,2,wind_1p5__-x_r0.25,True,False,,0.13391907024373265,0.4258672199697732,,,0.1717213186307363,0.9238724861543883,0.25,130.04557702727314,0.9468928468263306
task_lqr,2,wind_3p0__-x_r0.25,True,False,,0.31978534686284193,0.6973422712596157,,,0.7182773852912071,1.0987313062264148,0.25,130.28419815200334,0.9485452903440793
task_lqr,2,calm__+y_r0.25,True,False,,1.86096323825578,0.0,,,1.9534873904241797e-33,3.633726713134204e-17,6.729493337323784e-18,142.32318034223613,4.868918631220173
task_lqr,2,wind_1p5__+y_r0.25,True,False,,1.0290717068875228,0.1533516787100112,,,0.033120710425908036,0.08295750247881477,0.028448701013716736,131.6048051585818,4.850606472327995
task_lqr,2,wind_3p0__+y_r0.25,True,False,,1.0607695627021219,0.6132452301254656,,,0.5718757471429818,0.3425771515723208,0.1210268133863249,131.650838828593,4.8444611110266615
task_lqr,2,calm__-y_r0.25,True,False,,1.86096323825578,0.0,,,1.9534873904241797e-33,3.633726713134204e-17,6.729493337323784e-18,142.32318034223613,4.868918631220173
task_lqr,2,wind_1p5__-y_r0.25,True,False,,1.0290717068875228,0.1533516787100112,,,0.033120710425908036,0.08295750247881477,0.028448701013716736,131.6048051585818,4.850606472327995
task_lqr,2,wind_3p0__-y_r0.25,True,False,,1.0607695627021219,0.6132452301254656,,,0.5718757471429818,0.3425771515723208,0.1210268133863249,131.650838828593,4.8444611110266615
task_lqr,2,calm__+z_r0.25,True,True,1.2600000000000002,0.050905701662481276,0.0,,,4.30289707736771e-31,5.2038575992760765e-16,2.4056669618527306e-16,144.86215,3.0425187515026466e-13
task_lqr,2,wind_1p5__+z_r0.25,True,False,,0.0826767229501464,0.15219189151282483,,,0.03308460973341965,0.08295750247881477,0.028448701013716736,144.865356938724,0.0625970135621538
task_lqr,2,wind_3p0__+z_r0.25,True,False,,0.27018629240264846,0.6066992321006262,,,0.5630633237615781,0.3425771515723208,0.1210268133863249,144.916086716915,0.2853434892551038
task_lqr,2,calm__-z_r0.25,True,True,1.2600000000000002,0.050905701662481435,0.0,,,3.981118404449381e-31,5.085382045700417e-16,2.4056669618527316e-16,136.1756882870477,3.1494848506683987e-13
task_lqr,2,wind_1p5__-z_r0.25,True,False,,0.0828358102437662,0.15147839738068108,,,0.03267408927579972,0.08295750247881477,0.028448701013716736,136.17826568603894,0.0625970135621538
task_lqr,2,wind_3p0__-z_r0.25,True,False,,0.2706922823139554,0.6039555094357364,,,0.564792783422545,0.3425771515723208,0.1210268133863249,136.22019783373034,0.2853434892551038
task_lqr,2,stochastic_dev_0000,True,True,2.1950000000000003,0.06198441970563601,0.30104336307735374,,,0.054362643480855136,0.6122533381450492,0.25,129.9246266279348,0.6484885250911163
task_lqr,2,stochastic_dev_0001,True,True,2.2649999999999997,0.04973342828865523,0.41957630271794877,,,0.05716648809833389,0.5803810807504525,0.25,129.90889592713475,0.686617870439379
task_lqr,2,stochastic_dev_0002,True,False,,0.5913223484823928,0.2224314574074107,,,0.013755781918574128,0.09710477631015983,0.025451999197049546,132.51711134968903,4.0705461344299705
task_lqr,2,stochastic_dev_0003,True,False,,0.5906438653404725,0.17199239176663614,,,0.007741986913580993,0.10126307319418303,0.03179269572516141,132.51722487996972,4.0705111605435444
task_lqr,2,stochastic_dev_0004,True,True,1.0700000000000003,0.03531304946358793,0.2070943881909247,,,0.008172386055631864,0.08681497686236166,0.022365522690104583,139.81379142518946,0.06975619412645308
task_lqr,2,stochastic_dev_0005,True,True,1.0700000000000003,0.034837138243788195,0.1323617442715602,,,0.00562954092488825,0.0699509938583728,0.024459158027657316,133.69032182064544,0.09441994594960261
task_lqr,2,stochastic_dev_0006,True,True,2.615,0.09684613958843677,0.49148320876645796,,,0.15094994555306834,0.8906277457545777,0.25000000000000006,129.98818928466042,0.9490359439367687
task_lqr,2,stochastic_dev_0007,True,True,2.0200000000000005,0.056152503974751786,0.27395254281202325,,,0.1388333570847213,0.8426358961287466,0.25,129.94868189119595,0.9753036149221762
task_lqr,2,stochastic_dev_0008,True,False,,1.0272909947407842,0.14327228913891932,,,0.013518518450085032,0.14804088206978666,0.05801519897689773,131.6019202489638,4.851050989189741
task_lqr,2,stochastic_dev_0009,True,False,,1.0270597681914613,0.06751184421019045,,,0.0017550820771255913,0.06163106741865971,0.020876000068470464,131.60198646813515,4.850976500884623
task_lqr,2,stochastic_dev_0010,True,True,1.255,0.0652965128434637,0.34567818615509655,,,0.03013812670114753,0.2428133967729938,0.06399423749194155,144.86697461805383,0.20132071339617896
task_lqr,2,stochastic_dev_0011,True,True,1.2599999999999998,0.05144233201091483,0.0713947838311874,,,0.0021589554474215726,0.04082029004134491,0.014824336340375027,136.17561712544483,0.045101300680302624
task_lqr,2,stochastic_dev_0012,True,True,2.0549999999999997,0.05154612741104091,0.23225716113714165,,,0.04878308309237986,0.6173742338859727,0.25,129.91209206788574,0.6829942800382238
task_lqr,2,stochastic_dev_0013,True,True,2.2800000000000002,0.05860503174774689,0.28852672805270263,,,0.05466909531960863,0.6299174900716249,0.24999999999999997,129.92453377035486,0.6708876286229628
task_lqr,2,stochastic_dev_0014,True,False,,0.5906236700793309,0.18642685594180702,,,0.010488597811269144,0.1151753939324918,0.04489770665765919,132.51634209778766,4.07048702202502
task_lqr,2,stochastic_dev_0015,True,False,,0.590538181215722,0.10992593751571718,,,0.0067474262460447305,0.08141263010796715,0.018339100144288925,132.51615264279155,4.070507701309083
task_lqr,2,stochastic_dev_0016,True,True,1.08,0.0326429473803962,0.15196593304371123,,,0.005189413738271677,0.08094918405148667,0.025290385200294526,139.81521852307657,0.07035608731671725
task_lqr,2,stochastic_dev_0017,True,True,1.0700000000000003,0.03931832258975673,0.15886809048973302,,,0.01614089291788689,0.12991341342317184,0.04136452931988133,133.69031947323495,0.13061841651694434
task_lqr,2,stochastic_dev_0018,True,True,2.88,0.09736147698277495,0.4070083438483888,,,0.13523076449303179,0.8860997906543462,0.25,129.98867403435474,0.9353437609220026
task_lqr,2,stochastic_dev_0019,True,True,2.5200000000000005,0.08595632447147791,0.5148335733570246,,,0.1491310290554489,0.8691733258331752,0.25,129.976098679697,0.941475946002259
task_lqr,2,ramp_dev_0_to_3p0,True,True,0.0,0.15903347237400958,0.347583039011475,0.17214354177580077,0.2621594642689825,0.24985694587630483,0.23112848671856787,0.0037759655191562103,129.93019676227593,0.057258003607688665
task_lqr,3,calm__+x_r0.15,True,True,2.075,0.052376656949383926,0.295887609300778,,,0.08634809416314208,0.75,0.25,129.94605238729756,0.8381110329736756
task_lqr,3,wind_1p5__+x_r0.15,True,False,,0.05788166040194179,0.32975778953892876,,,0.1158758437368027,0.6897290977840929,0.25,129.92050971148183,0.8384134245680201
task_lqr,3,wind_3p0__+x_r0.15,True,False,,0.21045615236479212,0.6732694343383755,,,0.6385598945857955,0.5104154741528659,0.25,130.01850667808418,0.8415154116810071
task_lqr,3,calm__-x_r0.15,True,True,2.075,0.052366473620065704,0.295887609300778,,,0.08634809416314208,0.75,0.25,129.94605238729756,0.8381110329736756
task_lqr,3,wind_1p5__-x_r0.15,True,False,,0.09258952839711704,0.31154197795402505,,,0.12035332653877215,0.8102709022159071,0.25,129.9903991703537,0.8377470423681203
task_lqr,3,wind_3p0__-x_r0.15,True,False,,0.25794723972148786,0.6477865771558496,,,0.6675149499315148,0.9895845258471341,0.25000000000000006,130.221008466958,0.8335831566299361
task_lqr,3,calm__+y_r0.15,True,False,,1.4611399946469152,0.0,,,1.8648833899256855e-34,1.2364270396771373e-17,2.201413723227733e-18,136.53446119399752,4.070504685932759
task_lqr,3,wind_1p5__+y_r0.15,True,False,,0.5929170661857875,0.15148576562646196,,,0.033414617666943605,0.09991467952445744,0.03843701064880153,132.51746276260687,4.070595369987757
task_lqr,3,wind_3p0__+y_r0.15,True,False,,0.6332816765071909,0.6085463974403443,,,0.5748647970024511,0.41853138288718594,0.16238394562920766,132.53184840243543,4.072303806709276
task_lqr,3,calm__-y_r0.15,True,False,,1.4611399946469152,0.0,,,1.8648833899256855e-34,1.2364270396771373e-17,2.201413723227733e-18,136.53446119399752,4.070504685932759
task_lqr,3,wind_1p5__-y_r0.15,True,False,,0.5929170661857875,0.15148576562646196,,,0.033414617666943605,0.09991467952445744,0.03843701064880153,132.51746276260687,4.070595369987757
task_lqr,3,wind_3p0__-y_r0.15,True,False,,0.6332816765071909,0.6085463974403443,,,0.5748647970024511,0.41853138288718594,0.16238394562920766,132.53184840243543,4.072303806709276
task_lqr,3,calm__+z_r0.15,True,True,1.065,0.02920626172430326,0.0,,,1.8431348623516168e-30,1.2576527867306205e-15,2.63483740870853e-16,139.8144,2.0970484238791777e-13
task_lqr,3,wind_1p5__+z_r0.15,True,False,,0.06341528273618585,0.1505422093442665,,,0.03313595407591601,0.09991467952445744,0.03843701064880153,139.8174631777615,0.08377573334842164
task_lqr,3,wind_3p0__+z_r0.15,True,False,,0.23098500787570617,0.6042578707329963,,,0.5690458223471528,0.41853138288718594,0.16238394562920766,139.86622284302547,0.37222748453871973
task_lqr,3,calm__-z_r0.15,True,True,1.065,0.029206261724303375,0.0,,,1.6704865248915656e-30,1.1997348810270746e-15,2.5269496217815645e-16,133.69032302575295,2.0950575098895438e-13
task_lqr,3,wind_1p5__-z_r0.15,True,False,,0.06349460620257535,0.15031326607641665,,,0.033302427662630585,0.09991467952445744,0.03843701064880153,133.69274959413457,0.08377573334842164
task_lqr,3,wind_3p0__-z_r0.15,True,False,,0.23114372172083203,0.6023722040449687,,,0.5699778736580742,0.41853138288718594,0.16238394562920766,133.72979883789782,0.37222748453871973
task_lqr,3,calm__+x_r0.25,True,True,2.435,0.08734846554093503,0.546071734602965,,,0.2819285717720878,1.0,0.25,130.0465509310425,0.987650637338672
task_lqr,3,wind_1p5__+x_r0.25,True,False,,0.08142519861061993,0.5549945593539862,,,0.3083201465808183,0.9397290977840929,0.25,130.02862767211548,0.987598534906278
task_lqr,3,wind_3p0__+x_r0.25,True,True,0.0,0.20560151953217398,0.7985003879602619,,,0.813073311006296,1.033589738080077,0.25,130.0848944827221,0.9879877645012138
task_lqr,3,calm__-x_r0.25,True,True,2.435,0.08731360532469049,0.5460717346029665,,,0.2819285717720885,1.0,0.25,130.0465509310425,0.9876506373386726
task_lqr,3,wind_1p5__-x_r0.25,True,False,,0.12328951883985893,0.5295935714801172,,,0.3080383047122348,1.0602709022159071,0.25,130.10001862050703,0.9873542689385262
task_lqr,3,wind_3p0__-x_r0.25,True,False,,0.2807294826744487,0.7582252900156827,,,0.8542409358685636,1.239584525847134,0.25000000000000006,130.3435442477025,0.9822490424291636
task_lqr,3,calm__+y_r0.25,True,False,,1.86096323825578,0.0,,,6.224504720226791e-34,2.164056646723022e-17,3.867682560550519e-18,142.32318034223613,4.868918631220173
task_lqr,3,wind_1p5__+y_r0.25,True,False,,1.028554332987013,0.15204447225983644,,,0.03357430281642161,0.09991467952445744,0.03843701064880153,131.60488480370896,4.8506020271197965
task_lqr,3,wind_3p0__+y_r0.25,True,False,,1.052392258441452,0.6110674396836392,,,0.5779129755076264,0.41853138288718594,0.16238394562920766,131.65249222005323,4.844305315768729
task_lqr,3,calm__-y_r0.25,True,False,,1.86096323825578,0.0,,,6.224504720226791e-34,2.164056646723022e-17,3.867682560550519e-18,142.32318034223613,4.868918631220173
task_lqr,3,wind_1p5__-y_r0.25,True,False,,1.028554332987013,0.15204447225983644,,,0.03357430281642161,0.09991467952445744,0.03843701064880153,131.60488480370896,4.8506020271197965
task_lqr,3,wind_3p0__-y_r0.25,True,False,,1.052392258441452,0.6110674396836392,,,0.5779129755076264,0.41853138288718594,0.16238394562920766,131.65249222005323,4.844305315768729
task_lqr,3,calm__+z_r0.25,True,True,1.2600000000000002,0.050905701662481276,0.0,,,3.49458344109179e-30,2.0945112687641705e-15,4.0055906831965184e-16,144.86215,2.9071796237783226e-13
task_lqr,3,wind_1p5__+z_r0.25,True,False,,0.07586449117845394,0.15072244481197367,,,0.033042808945266185,0.09991467952445744,0.03843701064880153,144.8650660311059,0.08377573334842164
task_lqr,3,wind_3p0__+z_r0.25,True,False,,0.23468256667915788,0.6045300737317066,,,0.5697137370766809,0.41853138288718594,0.16238394562920766,144.9115100592259,0.37222748453871973
task_lqr,3,calm__-z_r0.25,True,True,1.2600000000000002,0.050905701662481435,0.0,,,3.0056729477357126e-30,1.9974677984110544e-15,3.638223268126328e-16,136.1756882870477,2.980406479410552e-13
task_lqr,3,wind_1p5__-z_r0.25,True,False,,0.07598199838366611,0.15039065865184284,,,0.03337745053915653,0.09991467952445744,0.03843701064880153,136.17823454639716,0.08377573334842164
task_lqr,3,wind_3p0__-z_r0.25,True,False,,0.23493093333558684,0.6037235216027617,,,0.5708093676450896,0.41853138288718594,0.16238394562920766,136.2169943877241,0.37222748453871973
task_lqr,3,stochastic_dev_0000,True,True,1.995,0.05902570788576364,0.34529305508194497,,,0.09914797816489587,0.7494128776298352,0.25000000000000006,129.9530953233523,0.8243132204322281
task_lqr,3,stochastic_dev_0001,True,True,2.1950000000000003,0.049759702638166634,0.471659270253235,,,0.10148345449652899,0.7515875979041083,0.25,129.9363943695633,0.8608581684287784
task_lqr,3,stochastic_dev_0002,True,False,,0.5910693140152574,0.22111129146890138,,,0.015807984712303054,0.11088850843211495,0.034466374928194446,132.51720007205665,4.070533357392845
task_lqr,3,stochastic_dev_0003,True,False,,0.5905575046592904,0.17817555346464167,,,0.01043515571924795,0.12005673833776306,0.042539147691740525,132.517563322249,4.070504885423022
task_lqr,3,stochastic_dev_0004,True,True,1.0700000000000003,0.034292215475527923,0.20791304187658025,,,0.009925922968352995,0.10427721214304544,0.030401004222165684,139.81370745303875,0.09242567896978227
task_lqr,3,stochastic_dev_0005,True,True,1.0700000000000003,0.03361160896024682,0.13326415394054872,,,0.007385878818517736,0.0769590202006507,0.03252345760795895,133.69036191671384,0.11767411868714067
task_lqr,3,stochastic_dev_0006,True,True,2.46,0.09300563993318624,0.5982678771628874,,,0.3044226095613724,1.0029697271225884,0.25000000000000006,130.05789352085532,0.9916544214492875
task_lqr,3,stochastic_dev_0007,True,True,2.1100000000000003,0.057942791523067756,0.3916120936265917,,,0.32453451909444064,1.012063142915677,0.25,130.0387559700025,1.0216907045056578
task_lqr,3,stochastic_dev_0008,True,False,,1.0272231250567407,0.1445752563748644,,,0.01781736678700233,0.1767466001314885,0.0753550493315997,131.60204850877574,4.851018787135961
task_lqr,3,stochastic_dev_0009,True,False,,1.0270551282201406,0.07020495329906842,,,0.0025393029711508726,0.0773402965570686,0.024467260563968654,131.6019599564861,4.850974398772641
task_lqr,3,stochastic_dev_0010,True,True,1.245,0.06218397546336639,0.35496286098272073,,,0.038869573556038726,0.2873609097124571,0.08510059155028038,144.86842733050142,0.25646746807105264
task_lqr,3,stochastic_dev_0011,True,True,1.2599999999999998,0.051374537216486424,0.07917068561043011,,,0.00300046516726834,0.046969301059514884,0.020149530093665338,136.17560643976236,0.06288823206154243
task_lqr,3,stochastic_dev_0012,True,True,2.0250000000000004,0.05039676411831209,0.27595455044529166,,,0.0934178795947411,0.7155759103174955,0.25,129.94067416092864,0.8452396976513643
task_lqr,3,stochastic_dev_0013,True,True,2.2300000000000004,0.056446603494866306,0.32547623484432114,,,0.09950470857450654,0.7627867954317564,0.25000000000000006,129.95599554010494,0.8456613007731753
task_lqr,3,stochastic_dev_0014,True,False,,0.5905422750576742,0.1817787642342915,,,0.013563075323846235,0.13297481447043663,0.05787516103648466,132.51611126863548,4.070522211803817
task_lqr,3,stochastic_dev_0015,True,False,,0.5904646397297854,0.11551985436812633,,,0.008935196822666892,0.0989399196892977,0.024402114715267903,132.5159504009717,4.070511693437466
task_lqr,3,stochastic_dev_0016,True,True,1.085,0.0320682913409051,0.15806809744584746,,,0.007399391650163836,0.09985429809532392,0.031671335249082666,139.81499986529386,0.08981493300655034
task_lqr,3,stochastic_dev_0017,True,True,1.0700000000000003,0.03708612418761143,0.1625397071420988,,,0.020815136446859346,0.15575005553779414,0.05438262284862205,133.69016012701604,0.1658113942154089
task_lqr,3,stochastic_dev_0018,True,True,2.66,0.09323622309286107,0.4921034040223835,,,0.2673547078976292,1.00433978194341,0.2500000000000001,130.05769260747235,0.9924450908531619
task_lqr,3,stochastic_dev_0019,True,True,2.99,0.08414724104309997,0.622887389446058,,,0.30528851157553744,0.9844857865690702,0.25,130.05093063240338,0.9799395598894471
task_lqr,3,ramp_dev_0_to_3p0,True,True,0.0,0.13849096276330877,0.34304064942621504,0.15375562583191596,0.22749228955022352,0.24878188151474395,0.22900056921806933,0.0038150922376953833,129.92965688585633,0.058059892535008824
