candidate_id,sample_count,safe_sample_count,task_success_count,safety_rate,task_success_rate,acquisition_median_s,position_rmse_3d_m,orientation_rmse_deg,control_effort,ramp_peak_position_error_m,ramp_steady_state_position_error_m,gain_norm
lqr_000,8,8,4,1.0,0.5,5.2,0.14451824365899624,0.8192675171718765,0.39153508952212157,0.0,0.0,34.57428779035359
lqr_001,8,8,4,1.0,0.5,5.015000000000001,0.14509938018884627,0.7846286371490897,0.3860997518563764,0.0,0.0,35.804561999063395
lqr_002,8,8,4,1.0,0.5,7.495,0.13391642050401129,1.012280601296621,0.4906038816163834,0.0,0.0,38.91588907159814
lqr_003,8,8,5,1.0,0.625,4.91,0.13356837628799223,0.9818732867459182,0.48383208533603606,0.0,0.0,39.744267554507374
lqr_004,8,8,2,1.0,0.25,8.09,0.12980616187074864,1.3195953051496943,0.7204595242691798,0.0,0.0,43.77953198277392
lqr_005,8,8,2,1.0,0.25,7.995000000000001,0.1291436500474931,1.294538838763815,0.7054932842118508,0.0,0.0,44.32434201239207
lqr_006,8,8,0,1.0,0.0,,0.1345365521367678,1.868279983973341,1.9427509554010338,0.0,0.0,49.18467208964664
lqr_007,8,8,0,1.0,0.0,,0.1337323475395083,1.9050598241223415,2.500485814982602,0.0,0.0,49.563534799090114
lqr_008,8,8,5,1.0,0.625,3.49,0.15697662991692057,0.7340693683986199,0.35095807892584796,0.0,0.0,29.049661878763906
lqr_009,8,8,5,1.0,0.625,3.24,0.15812128739812892,0.703237755293717,0.34636318868341454,0.0,0.0,30.11803964942467
lqr_010,8,8,4,1.0,0.5,6.0825,0.14282437509233128,0.8675251228650018,0.3989823072754133,0.0,0.0,33.07575939279619
lqr_011,8,8,4,1.0,0.5,5.9225,0.14288497303826314,0.8428872556830946,0.3965362462827377,0.0,0.0,33.79781499603813
lqr_012,8,8,2,1.0,0.25,6.605,0.13355569329317146,1.0696910055464144,0.5133178844262724,0.0,0.0,37.636114095616875
lqr_013,8,8,2,1.0,0.25,6.495,0.13318541386237212,1.049869080567463,0.5088626094923813,0.0,0.0,38.09520169669411
lqr_014,8,8,2,1.0,0.25,8.19,0.13102919201576352,1.4043961113819385,0.7851360995341857,0.0,0.0,42.62740251794527
lqr_015,8,8,2,1.0,0.25,8.15,0.13009337829176632,1.378055408584542,0.7831929132586785,0.0,0.0,42.91789536422121
lqr_016,8,8,4,1.0,0.5,5.1875,0.14935889251392215,0.7810110671520274,0.3729740307811064,0.0,0.0,35.90494031849763
lqr_017,8,8,4,1.0,0.5,4.2675,0.15012349731276192,0.7491156387362302,0.3680338264344891,0.0,0.0,37.141668658049205
lqr_018,8,8,5,1.0,0.625,5.0,0.13696684055358357,0.9457148914306462,0.44389109421675277,0.0,0.0,40.42705188798997
lqr_019,8,8,5,1.0,0.625,4.89,0.136792974752188,0.9184956875147547,0.4385272966065837,0.0,0.0,41.25907948911881
lqr_020,8,8,2,1.0,0.25,6.555,0.13013495360705116,1.1994590142506607,0.5997658371119121,0.0,0.0,45.495276454712105
lqr_021,8,8,2,1.0,0.25,6.5,0.12957790005557296,1.176654277213257,0.5939876885876247,0.0,0.0,46.03463225355576
lqr_022,8,8,0,1.0,0.0,,0.13017281474725478,1.5899258693508211,1.0039710849226573,0.0,0.0,51.075195132863996
lqr_023,8,8,0,1.0,0.0,,0.1295099592964734,1.57313011094402,1.001118241771246,0.0,0.0,51.437794636345416
lqr_024,8,8,5,1.0,0.625,3.5,0.16035134192080014,0.7158190210814517,0.3456564539348027,0.0,0.0,29.758022480425485
lqr_025,8,8,5,1.0,0.625,2.5,0.1616031714925441,0.6867772186597398,0.34136970856738824,0.0,0.0,30.82094100287692
lqr_026,8,8,4,1.0,0.5,6.065,0.1453251319414079,0.8431129775264932,0.3904198934217853,0.0,0.0,33.86195647785186
lqr_027,8,8,4,1.0,0.5,5.217499999999999,0.14547181223084732,0.8192695087308215,0.3866996193325498,0.0,0.0,34.58328104845904
lqr_028,8,8,2,1.0,0.25,6.4725,0.13492721483531744,1.0241820187153805,0.481077190372166,0.0,0.0,38.5239568588284
lqr_029,8,8,4,1.0,0.5,7.08,0.13463211989693988,1.0057566376542146,0.47723213236855105,0.0,0.0,38.9830452476638
lqr_030,8,8,2,1.0,0.25,8.155,0.13025314621191825,1.3113589888724264,0.6911418537076964,0.0,0.0,43.62854647655452
lqr_031,8,8,2,1.0,0.25,8.105,0.12985445238707535,1.2973227546263655,0.684239101137708,0.0,0.0,43.916615397598555
lqr_032,8,8,4,1.0,0.5,4.6274999999999995,0.14771815556298123,0.7627617837596382,0.3847167166823319,0.0,0.0,36.805108267163455
lqr_033,8,8,4,1.0,0.5,4.225,0.14844914400834938,0.7339410103633922,0.38001921864311616,0.0,0.0,37.99323651524478
lqr_034,8,8,5,1.0,0.625,4.945,0.1353378163743399,0.9345298798488102,0.475543250995153,0.0,0.0,41.26456172983611
lqr_035,8,8,5,1.0,0.625,4.815,0.13517351361168764,0.909377730928952,0.46973388350642814,0.0,0.0,42.05695573917542
lqr_036,8,8,2,1.0,0.25,6.5,0.12859558776191535,1.197692564134299,0.6906395899344592,0.0,0.0,46.2193732805823
lqr_037,8,8,2,1.0,0.25,6.44,0.1281838451284782,1.178836158414676,0.6775431777719301,0.0,0.0,46.730853140641
lqr_038,8,8,0,1.0,0.0,,0.12955837618186936,1.6533377340383786,1.571459387783723,0.0,0.0,51.63807111820698
lqr_039,8,8,0,1.0,0.0,,0.1270962996545909,1.6087903643145958,1.7598130813265291,0.0,0.0,51.98499329732756
lqr_040,8,8,5,1.0,0.625,3.4750000000000005,0.15960087107218057,0.7020511000131333,0.3479356301414602,0.0,0.0,30.288115814971086
lqr_041,8,8,5,1.0,0.625,2.49,0.1608145209839114,0.6751110422121918,0.34381277796906906,0.0,0.0,31.324587092708274
lqr_042,8,8,4,1.0,0.5,5.5425,0.14437406391585922,0.8285928402923645,0.39654711682156657,0.0,0.0,34.365085376193214
lqr_043,8,8,4,1.0,0.5,5.1850000000000005,0.14453400995299376,0.8068010512049174,0.39387433299076513,0.0,0.0,35.06571183630964
lqr_044,8,8,4,1.0,0.5,6.842499999999999,0.13402561631577614,1.0172952700527058,0.5028967869967436,0.0,0.0,38.975865436910965
lqr_045,8,8,5,1.0,0.625,4.99,0.13374356442881155,0.9997985357652637,0.4989109019507787,0.0,0.0,39.42011111201046
lqr_046,8,8,2,1.0,0.25,8.075000000000001,0.12904744389178846,1.3057499822509528,0.7731024025457675,0.0,0.0,44.001030538335705
lqr_047,8,8,2,1.0,0.25,8.0075,0.128747804995192,1.293416032293781,0.7605312518573801,0.0,0.0,44.27965287314496
lqr_048,8,8,5,1.0,0.625,3.4299999999999997,0.15233661446546132,0.7373193743100988,0.36820774062914075,0.0,0.0,37.8177529541016
lqr_049,8,8,5,1.0,0.625,3.1850000000000005,0.1532087935811412,0.7098898768667963,0.3638236423585205,0.0,0.0,39.01922705921773
lqr_050,8,8,5,1.0,0.625,4.925,0.13854976880919195,0.8874779334022885,0.4343125272996685,0.0,0.0,42.43856529915363
lqr_051,8,8,5,1.0,0.625,3.91,0.1385054666308465,0.8641164209426485,0.42963677996548455,0.0,0.0,43.24250678168307
lqr_052,8,8,2,1.0,0.25,6.48,0.13008246794852735,1.1180703657099236,0.582978244004991,0.0,0.0,47.59284194500389
lqr_053,8,8,4,1.0,0.5,8.190000000000001,0.1296818929876273,1.0993429144856617,0.5774412702948011,0.0,0.0,48.10744063149377
lqr_054,8,8,2,1.0,0.25,9.55,0.1285796745504745,1.4913167466374544,1.0258931348621796,0.0,0.0,53.206672147943884
lqr_055,8,8,2,1.0,0.25,9.5,0.12766539050370934,1.469349583448948,1.0339270141539318,0.0,0.0,53.54564841024323
lqr_056,8,8,5,1.0,0.625,3.4800000000000004,0.1628305413630619,0.6887221768113665,0.3432463179403166,0.0,0.0,30.88570838691905
lqr_057,8,8,5,1.0,0.625,2.495,0.16413419544393681,0.6628874714479277,0.33935376608158335,0.0,0.0,31.920409473559957
lqr_058,8,8,4,1.0,0.5,5.290000000000001,0.14684644318709533,0.8090087984028056,0.386548674566737,0.0,0.0,35.03449064629465
lqr_059,8,8,4,1.0,0.5,5.18,0.14707026416730556,0.7878077781078827,0.3831703739756669,0.0,0.0,35.73717344322688
lqr_060,8,8,4,1.0,0.5,6.8425,0.13552640797436535,0.9803608837497972,0.47313037762205473,0.0,0.0,39.743603146777154
lqr_061,8,8,5,1.0,0.625,4.99,0.13530279981739313,0.9638544424968806,0.469633336331059,0.0,0.0,40.19006495859847
lqr_062,8,8,2,1.0,0.25,6.575,0.12989407690659194,1.2547099105688377,0.6683127666363651,0.0,0.0,44.884042217980635
lqr_063,8,8,2,1.0,0.25,6.545,0.12953655668690334,1.2417270000709317,0.6627380245448516,0.0,0.0,45.162196989323384
