sample_id,cohort,controller,candidate_id,safe,task_success,acquisition_time_s,position_rmse_3d_m,orientation_rmse_deg,ramp_peak_position_error_m,ramp_steady_state_position_error_m,total_acceleration_effort,max_abs_command_m_s2,max_command_step_m_s2,max_thrust_N,max_abs_torque_Nm,max_cutter_angular_speed_rad_s,safety_failure_reasons,solve_time_p95_ms,amplitude_saturation_fraction,slew_activity_fraction,directional_stratum,wind_direction_sign
v6d_calm_00,NORMAL_CALM,sep2026,sep_a_001,True,False,,0.16849676668546978,0.5961666291396533,0.17999999999999997,0.2428131732341804,0.37466257739044095,0.7180004527993401,0.1397365793146032,131.632171411505,0.5221078842964368,0.04296027481697809,[],1.3442,0.0,0.0,not_applicable,0
v6d_moderate_00,NORMAL_CONSTANT,sep2026,sep_a_001,True,False,,0.28095468127423706,1.810685779504475,0.4691397690607635,0.3750157599196241,0.8631173345226348,0.6382692154720856,0.25,131.32293058718562,0.9035866756123747,0.16590151759207963,[],1.4572,0.0,0.004149377593360996,aligned,1
v6d_calm_01,NORMAL_CALM,sep2026,sep_a_001,True,False,,0.41847515561489107,1.8578475042376106,0.38578067184771253,0.6320701073262494,1.9823669686810763,1.5859931055177763,0.20519103039940334,131.14831912968324,1.2633081149385763,0.17108992019439573,[],1.4165,0.0,0.0,not_applicable,0
v6d_moderate_01,NORMAL_CONSTANT,sep2026,sep_a_001,True,False,,2.084791495059198,4.1039717317186275,1.6870826605756817,2.8968534398222316,15.348169838734343,2.0,0.25,134.3887299661153,3.417710986308832,0.244635691658217,[],1.5215,0.12033195020746888,0.024896265560165973,opposed,-1
v6d_calm_02,NORMAL_CALM,sep2026,sep_a_001,True,False,,0.14842193625960348,0.5825502491895205,0.17999999999999997,0.21299628274976387,0.27925847372283547,0.5905886121212713,0.1452779496027664,131.7218588808082,0.4388190033961864,0.039858735571241755,[],1.329,0.0,0.0,not_applicable,0
v6d_moderate_02,NORMAL_CONSTANT,sep2026,sep_a_001,True,False,,0.2845965688375961,1.8381356463078966,0.45735349994617586,0.38145224539770695,0.8784838412978602,0.6490928690585975,0.25,131.34565610926782,0.9194078955264684,0.16818109003921294,[],1.4892,0.0,0.004149377593360996,aligned,1
v6d_calm_03,NORMAL_CALM,sep2026,sep_a_001,True,False,,0.562460878013829,1.7990029871242004,0.48187891083089784,0.847475559414669,3.9493995387974627,2.0,0.25,131.39099115708575,1.727987530670349,0.12479471486356217,[],1.4537,0.029045643153526972,0.004149377593360996,not_applicable,0
v6d_moderate_03,NORMAL_CONSTANT,sep2026,sep_a_001,True,False,,2.3953012056399086,1.7390247251820898,1.958008144176406,3.1340762978376744,17.465560172066656,2.0,0.25,137.07707397651185,3.540879570182059,0.35883793579316264,[],1.3496,0.1950207468879668,0.03319502074688797,opposed,-1
v6d_calm_04,NORMAL_CALM,sep2026,sep_a_001,True,False,,0.45971924572296957,1.2516609428117624,0.3851306383037678,0.6764741747410239,2.991184835303181,2.0,0.16028444942217898,130.79307992172494,1.438726816454667,0.10753842814451885,[],1.4276,0.012448132780082987,0.0,not_applicable,0
v6d_moderate_04,NORMAL_CONSTANT,sep2026,sep_a_001,True,False,,0.2401734530377365,1.5982425302795982,0.5392786395070385,0.25097404335754986,0.5979209696254627,0.5655376784129962,0.24999985436354377,131.47285222381984,0.8455939148153653,0.1522167264676851,[],1.382,0.0,0.0,aligned,1
v6d_calm_05,NORMAL_CALM,sep2026,sep_a_001,True,False,,0.9682567891841047,1.319634687812899,0.7611094605106523,1.3343920690516866,8.054871219257974,2.0,0.25,131.80887489599547,2.2485855703519286,0.23618940815414244,[],1.3644,0.08298755186721991,0.02074688796680498,not_applicable,0
v6d_moderate_05,NORMAL_CONSTANT,sep2026,sep_a_001,False,False,,3.1786419761769125,7.827986391860617,2.7029976151531927,4.548987364822927,31.6871865959881,2.0,0.25,136.83241208412133,17.250437013946755,3.0360900095798713,['attitude'],1.5903,0.26556016597510373,0.04149377593360996,opposed,-1
v6d_strong_early_aligned_00,STRONG_NEAR_SIMULTANEOUS,sep2026,sep_a_001,True,False,,0.5998241023627372,2.3005818174497814,0.9671459823894151,0.6909849627907916,4.203635826809756,1.2636321348776391,0.25,133.31875929816462,2.5103174991165313,0.25026628165437476,[],1.5331,0.0,0.04149377593360996,aligned,1
v6d_strong_early_aligned_01,STRONG_NEAR_SIMULTANEOUS,sep2026,sep_a_001,True,False,,1.2418340677359994,2.8555569176889968,1.1170769039264596,1.8250239211540888,14.152962122930257,2.0,0.25,136.67561537501314,3.285438178354427,0.2589379433588048,[],1.5279,0.12448132780082988,0.04564315352697095,aligned,-1
v6d_strong_early_aligned_02,STRONG_NEAR_SIMULTANEOUS,sep2026,sep_a_001,True,False,,0.6573833739971847,2.491875981537451,0.9560122292587443,0.8058709744441347,4.148083528578397,1.242140166925331,0.25,132.19586255114385,2.688946005688297,0.25548905240996433,[],1.4049,0.0,0.04149377593360996,aligned,1
v6d_strong_early_aligned_03,STRONG_NEAR_SIMULTANEOUS,sep2026,sep_a_001,True,False,,1.0483021203228258,2.5917227216030367,1.0861958319951082,1.4701410285433616,11.652761247498777,2.0,0.2500000000000001,135.3344322242789,2.912463721784279,0.2641158544578826,[],1.387,0.08713692946058091,0.06639004149377593,aligned,-1
v6d_strong_early_aligned_04,STRONG_NEAR_SIMULTANEOUS,sep2026,sep_a_001,True,False,,0.8675935481217791,2.6245271014190266,1.0437990436229332,1.2580536932054784,7.86085910951151,1.787362312548756,0.25,133.54759629317576,2.630143423870761,0.23279881774193012,[],1.2073,0.0,0.06224066390041494,aligned,1
v6d_strong_early_aligned_05,STRONG_NEAR_SIMULTANEOUS,sep2026,sep_a_001,True,False,,1.2821659154909757,2.4073660598668614,1.1684803626637743,1.659187781400072,11.23560659171148,2.0,0.2376632292894072,132.34040422526886,1.7555911136520472,0.200348520410033,[],1.2249,0.14107883817427386,0.0,aligned,-1
v6d_stochastic_6000,NORMAL_STOCHASTIC,sep2026,sep_a_001,True,False,,0.3624708962193855,2.2040099824725385,0.4032481924464435,0.5055432366644615,1.3214288578287072,0.7364939564648783,0.24999972151125566,131.16422447318456,1.1269506304987842,0.24605513852928,[],1.586,0.0,0.0,aligned,1
v6d_stochastic_6001,NORMAL_STOCHASTIC,sep2026,sep_a_001,True,False,,0.40423126421075745,1.7836812046874393,0.36467908055500253,0.6188425297358472,1.7889136509399888,1.4927387765296927,0.16088730392567932,130.7208384343789,1.208631932812098,0.13582202073064817,[],1.3496,0.0,0.0,opposed,-1
v6d_stochastic_6002,NORMAL_STOCHASTIC,sep2026,sep_a_001,True,False,,0.30406007088902215,1.5584236690849573,0.36071142866649747,0.4257929319644301,0.9200373429192183,0.594647893427609,0.22512905683465256,131.86122406729567,0.5535574270857573,0.09769503102008441,[],1.5382,0.0,0.0,opposed,1
v6d_stochastic_6003,NORMAL_STOCHASTIC,sep2026,sep_a_001,True,False,,2.421529458686855,6.22332845060358,1.6809553646487458,3.4456535372191026,21.744703101540654,2.0,0.25,133.84668938322565,2.9459322381100357,0.4153559631809169,[],1.234,0.16182572614107885,0.016597510373443983,aligned,-1
v6d_stochastic_6004,NORMAL_STOCHASTIC,sep2026,sep_a_001,True,False,,0.8425174855736025,0.5254942227252066,0.8010130183850303,1.1748831562490938,6.7933109986676445,2.0,0.25,133.0362501791771,2.5267111964492734,0.17071283867367218,[],1.2815,0.07053941908713693,0.02074688796680498,cross,1
v6d_stochastic_6005,NORMAL_STOCHASTIC,sep2026,sep_a_001,True,False,,1.1611386790331353,1.732102672171371,1.0019013797491367,1.6192641069810356,11.398353286892,2.0,0.25,134.2177654892764,2.9035126680841676,0.3846689571528779,[],1.2798,0.08298755186721991,0.016597510373443983,cross,-1
v6d_calm_00,NORMAL_CALM,sep2026,sep_a_002,True,False,,0.13618876199081256,0.8484480259312689,0.17999999999999997,0.18783134079741842,0.17644399642504036,0.276598427924305,0.1397365793146011,130.94654939044506,0.20183217987991225,0.05765163527106337,[],1.0855,0.0,0.0,not_applicable,0
v6d_moderate_00,NORMAL_CONSTANT,sep2026,sep_a_002,True,False,,0.35443604650995414,2.295935150496014,0.5371018216052903,0.5112166476394232,1.351398656603662,0.7317721939740182,0.24999999999999997,131.1241887924584,0.6580047486393715,0.12602115719327084,[],1.0479,0.0,0.004149377593360996,aligned,1
v6d_calm_01,NORMAL_CALM,sep2026,sep_a_002,True,False,,0.37429428905611084,2.3603333021158988,0.39588170862736766,0.5371292610494715,1.5886721584356964,1.1660184829549207,0.1977748973638501,131.14831912968324,0.6066716812254471,0.15112936723593187,[],1.1259,0.0,0.0,not_applicable,0
v6d_moderate_01,NORMAL_CONSTANT,sep2026,sep_a_002,True,False,,0.6623500181202732,1.669127114706154,0.5155891624848679,0.9373195782128848,5.16614463719391,2.0,0.19885253980458556,132.68588864769475,1.4560564617095064,0.13645785332808738,[],1.0893,0.04979253112033195,0.0,opposed,-1
v6d_calm_02,NORMAL_CALM,sep2026,sep_a_002,True,True,2.0149999999999997,0.12695788778557165,0.8017981580623387,0.17999999999999997,0.17222530989064222,0.15317506548842874,0.262442918880652,0.1452779496027643,130.99907943826167,0.1678871175636913,0.05294392853748565,[],1.0089,0.0,0.0,not_applicable,0
v6d_moderate_02,NORMAL_CONSTANT,sep2026,sep_a_002,True,False,,0.3529355813123209,2.2699536426255187,0.5172150338469599,0.5101571241459599,1.3698795967946922,0.7289678107226938,0.24999999999999997,131.1116989889361,0.6509109129147143,0.12483376098884648,[],1.1232,0.0,0.004149377593360996,aligned,1
v6d_calm_03,NORMAL_CALM,sep2026,sep_a_002,True,False,,0.35291844834350045,2.2915831183954256,0.38200329991945575,0.49033398577144804,1.3110822643521465,0.9942714096779057,0.24482766028365133,131.39099115708575,0.739262022385826,0.14043591454812615,[],1.0242,0.0,0.0,not_applicable,0
v6d_moderate_03,NORMAL_CONSTANT,sep2026,sep_a_002,True,False,,0.7926654516695101,1.9350259518593151,0.5520367963978849,1.1278981779893948,6.47255745170263,2.0,0.1761062965577216,132.83876420179797,1.658713097605444,0.15368344951929064,[],1.1841,0.07053941908713693,0.0,opposed,-1
v6d_calm_04,NORMAL_CALM,sep2026,sep_a_002,True,False,,0.3081555001852843,1.970631385976401,0.3367069236992535,0.43637632370335355,1.1489970026892717,0.9983465635842987,0.1723449434570258,130.41630015013024,0.6592311571478724,0.12495871523505026,[],0.9818,0.0,0.0,not_applicable,0
v6d_moderate_04,NORMAL_CONSTANT,sep2026,sep_a_002,True,False,,0.324691400192626,2.0615389624319906,0.592410921530443,0.43462065682250056,1.0820277131692875,0.6084899134702241,0.17940324586606898,131.1234453905423,0.5525647119357702,0.10612458305650904,[],1.185,0.0,0.0,aligned,1
v6d_calm_05,NORMAL_CALM,sep2026,sep_a_002,True,False,,0.39937456838566016,2.4235105742579335,0.41003690024959116,0.5795474446438993,1.6947871090220303,1.2030056066305908,0.19544536740767912,130.51678058070493,0.3934942044275109,0.1556117910047074,[],1.0881,0.0,0.0,not_applicable,0
v6d_moderate_05,NORMAL_CONSTANT,sep2026,sep_a_002,True,False,,1.4059222999513836,1.189910920516937,1.014422991805567,1.8296334314046536,9.99439359135241,2.0,0.24999983520642344,131.8573883458314,2.3131478237043024,0.1982491467110008,[],1.3096,0.12448132780082988,0.0,opposed,-1
v6d_strong_early_aligned_00,STRONG_NEAR_SIMULTANEOUS,sep2026,sep_a_002,True,False,,0.4721149910800232,2.33015347871079,0.975688241906343,0.3506238185237995,2.4527906995229976,1.0576371942906169,0.25,131.60665713836008,0.9015623761445919,0.17270499692470045,[],1.0827,0.0,0.004149377593360996,aligned,1
v6d_strong_early_aligned_01,STRONG_NEAR_SIMULTANEOUS,sep2026,sep_a_002,True,False,,0.6566139069353885,3.2953232592153934,1.1258574250882745,0.7277381630010501,4.720290895709469,1.5449663236770057,0.24999985608755937,130.8587261328224,0.9542104587202455,0.18968087168977404,[],1.175,0.0,0.0,aligned,-1
v6d_strong_early_aligned_02,STRONG_NEAR_SIMULTANEOUS,sep2026,sep_a_002,True,False,,0.4769282994793126,2.3556485148954383,0.9673624068764453,0.3695249507175688,2.541742621807147,1.0868564980023414,0.25,131.57025701667368,0.8864284666812037,0.1701197162620285,[],1.0546,0.0,0.004149377593360996,aligned,1
v6d_strong_early_aligned_03,STRONG_NEAR_SIMULTANEOUS,sep2026,sep_a_002,True,False,,0.5847669494019984,2.8790590296719913,1.0925510831148195,0.5882098857923507,3.4481570727672337,1.2317182041441161,0.24999993500497097,130.9949366364917,0.9776676658885606,0.18809592640579928,[],1.0247,0.0,0.0,aligned,-1
v6d_strong_early_aligned_04,STRONG_NEAR_SIMULTANEOUS,sep2026,sep_a_002,True,False,,0.5434288991515126,2.7825449092004035,1.0378891271577715,0.49897867927508577,3.485416188739444,1.343277158821807,0.24999992871687515,131.8555782337934,0.9209580580323793,0.17974382908528136,[],0.9965,0.0,0.0,aligned,1
v6d_strong_early_aligned_05,STRONG_NEAR_SIMULTANEOUS,sep2026,sep_a_002,True,False,,0.716591400519278,3.28469228246003,1.0866438507068623,0.8820091331098315,5.385956302346867,1.4778235481288458,0.24999992253339082,130.83802985262813,0.8811923735948857,0.17682516738433815,[],0.9974,0.0,0.0,aligned,-1
v6d_stochastic_6000,NORMAL_STOCHASTIC,sep2026,sep_a_002,True,False,,0.36785773830406576,2.482068881903943,0.46669063685233825,0.48277345811144984,1.5539858786454337,0.993010594293726,0.20001406840891608,131.20639744045616,0.6338929337728019,0.1475174696521823,[],1.076,0.0,0.0,aligned,1
v6d_stochastic_6001,NORMAL_STOCHASTIC,sep2026,sep_a_002,True,False,,0.34109826540636917,2.2461155152842647,0.4053291115811202,0.4617734021988461,1.2744728493149118,0.8599745786230397,0.24473073328537198,130.52952607441765,0.6921769565752358,0.12649378251049315,[],1.6927,0.0,0.0,opposed,-1
v6d_stochastic_6002,NORMAL_STOCHASTIC,sep2026,sep_a_002,True,False,,0.2968078293545922,1.9603515679230135,0.3652014615016822,0.3879703239905034,0.9528337488933639,0.7691601469747026,0.21118786252177918,131.09851923986758,0.5916835643822039,0.10717920840567068,[],1.0842,0.0,0.0,opposed,1
v6d_stochastic_6003,NORMAL_STOCHASTIC,sep2026,sep_a_002,True,False,,0.8924050822439091,2.2496069784250627,0.6461368856806636,1.2454668446872577,7.8890304077951,2.0,0.2257576011003699,131.62416388888212,1.2255736430949924,0.1948812855175108,[],0.9711,0.08713692946058091,0.0,aligned,-1
v6d_stochastic_6004,NORMAL_STOCHASTIC,sep2026,sep_a_002,True,False,,0.4576086349482869,0.8905532836551161,0.4183407309500963,0.6544870201529768,2.8753706636735865,2.0,0.24999999993528124,133.20420487661514,1.3775002221889965,0.11319971617974255,[],1.1736,0.012448132780082987,0.0,cross,1
v6d_stochastic_6005,NORMAL_STOCHASTIC,sep2026,sep_a_002,True,False,,0.5364117172019363,0.46206461468737786,0.5010533445512955,0.761721546494369,3.8065502118909254,2.0,0.24999973980131784,130.79015915909147,1.70692627339294,0.1299489338832093,[],1.0181,0.03319502074688797,0.0,cross,-1
v6d_calm_00,NORMAL_CALM,sep2026,sep_a_003,True,False,,0.4558645341423453,2.4830167300577557,0.4647497521173368,0.7149783160863139,2.6760701146736148,1.8285352350189292,0.25,131.9132766526987,1.6545504064029481,0.3256209912299855,[],1.8482,0.0,0.03319502074688797,not_applicable,0
v6d_moderate_00,NORMAL_CONSTANT,sep2026,sep_a_003,True,False,,0.3034187279895493,1.2311784882389538,0.3400819544227076,0.45901405376746035,1.179880185312736,0.9872965205412427,0.25,131.3565255035339,1.610989222539743,0.14187757659654762,[],1.6819,0.0,0.016597510373443983,aligned,1
v6d_calm_01,NORMAL_CALM,sep2026,sep_a_003,True,False,,1.0980101466028207,1.3428249585686995,0.9805112313431734,1.511723889130682,9.183022037368579,2.0,0.25,133.96735972281132,2.8007784986814257,0.2748454943600055,[],1.7603,0.08713692946058091,0.04564315352697095,not_applicable,0
v6d_moderate_01,NORMAL_CONSTANT,sep2026,sep_a_003,True,False,,2.548862804707165,9.241743132760595,3.357814014120828,3.5848865631265,27.701039516772425,2.0,0.25,137.1339842424445,3.5101934188497914,0.5963182687600462,[],2.0704,0.24481327800829875,0.11618257261410789,opposed,-1
v6d_calm_02,NORMAL_CALM,sep2026,sep_a_003,True,False,,0.40418297171208306,2.85911188768245,0.41210170019972786,0.6329886479078474,2.64232350315813,1.636892692202799,0.25,132.5362647169035,1.4624395600217386,0.3741136359274805,[],1.6405,0.0,0.024896265560165973,not_applicable,0
v6d_moderate_02,NORMAL_CONSTANT,sep2026,sep_a_003,True,False,,0.30928756540396973,1.2189218334219472,0.3294743642993629,0.4691402761566236,1.227298252272571,1.0462449584095537,0.25,131.43865367647143,1.6779701762488712,0.13408569042834215,[],1.7681,0.0,0.016597510373443983,aligned,1
v6d_calm_03,NORMAL_CALM,sep2026,sep_a_003,True,False,,1.4764706716083777,2.6889414783988146,1.212968737632298,2.0206184635887534,15.260919595825088,2.0,0.25,136.92704987634474,3.2343875235138126,0.5347196636772855,[],1.7663,0.0995850622406639,0.029045643153526972,not_applicable,0
v6d_moderate_03,NORMAL_CONSTANT,sep2026,sep_a_003,True,False,,3.3120220976252988,8.759271739077867,3.4392103604932096,4.806037633421882,31.294843780337338,2.0,0.2500000000000001,141.20964912142455,4.1263057027368895,0.5712417871230531,[],2.2486,0.3360995850622407,0.0995850622406639,opposed,-1
v6d_calm_04,NORMAL_CALM,sep2026,sep_a_003,True,False,,1.4404468039798024,1.434096421920542,1.303946386773325,2.0127855384184397,12.26343950853973,2.0,0.25,136.3070964406697,3.4084937301484546,0.2893855535297479,[],1.8716,0.0912863070539419,0.03734439834024896,not_applicable,0
v6d_moderate_04,NORMAL_CONSTANT,sep2026,sep_a_003,True,False,,0.8391881176401639,4.227401874374532,0.6983301075269092,1.1338962229626186,8.682160243013886,1.9893155578993547,0.25,133.56216985681073,2.072701681103744,0.28882386281382133,[],1.7959,0.0,0.03319502074688797,aligned,1
v6d_calm_05,NORMAL_CALM,sep2026,sep_a_003,True,False,,2.073833086418605,4.710678253624884,2.2893121041990123,3.0541490890830114,23.262977514707313,2.0,0.2500000000000001,143.2989604976812,4.062415271196589,0.7679371544542808,[],1.9569,0.22821576763485477,0.08713692946058091,not_applicable,0
v6d_moderate_05,NORMAL_CONSTANT,sep2026,sep_a_003,False,False,,4.116143231885281,10.646730887980128,4.525464653951955,5.679363211702451,42.99174489443938,2.0,0.25,137.9554437722856,20.358658911355235,3.972622143281723,['attitude'],2.1057,0.4190871369294606,0.14107883817427386,opposed,-1
v6d_strong_early_aligned_00,STRONG_NEAR_SIMULTANEOUS,sep2026,sep_a_003,True,False,,2.433841104553863,5.297050774406766,0.9587489561688077,3.565384833530094,21.832197868414244,2.0,0.25,144.96931092358773,3.3320610414121177,0.3591006790478495,[],1.8613,0.21161825726141079,0.058091286307053944,aligned,1
v6d_strong_early_aligned_01,STRONG_NEAR_SIMULTANEOUS,sep2026,sep_a_003,True,False,,1.2258013728827046,2.4880425462504974,1.2707607663316516,1.5361164137847072,11.601024213028474,2.0,0.25,133.00528089425765,2.141118972066154,0.2632924711461249,[],1.9351,0.12863070539419086,0.04564315352697095,aligned,-1
v6d_strong_early_aligned_02,STRONG_NEAR_SIMULTANEOUS,sep2026,sep_a_003,True,False,,2.6320873122269037,5.834322107905819,0.9528014809497329,3.7985969417157697,23.997541479547838,2.0,0.25,141.9236739018892,2.868241317138474,0.37498793526114554,[],1.7731,0.21991701244813278,0.07053941908713693,aligned,1
v6d_strong_early_aligned_03,STRONG_NEAR_SIMULTANEOUS,sep2026,sep_a_003,True,False,,1.1863229841439213,3.3036838400153345,1.0943172135418782,1.7572086342253452,14.604986676385561,2.0,0.25,137.38528475464364,3.5329274570625904,0.3723235738783027,[],1.6911,0.0954356846473029,0.08298755186721991,aligned,-1
v6d_strong_early_aligned_04,STRONG_NEAR_SIMULTANEOUS,sep2026,sep_a_003,True,False,,0.9965999125617112,5.384055368992711,1.0913106986033352,1.2911824965437848,12.392411638616489,2.0,0.25,142.3848470562756,2.452455089226451,0.39988858768611985,[],1.6261,0.1037344398340249,0.058091286307053944,aligned,1
v6d_strong_early_aligned_05,STRONG_NEAR_SIMULTANEOUS,sep2026,sep_a_003,True,False,,1.5108097380356345,6.420633738778992,1.730244426521557,2.0361318391778735,20.205253856175922,2.0,0.25,139.44844575479217,3.350912916889488,0.5030324875070725,[],1.5572,0.1037344398340249,0.08713692946058091,aligned,-1
v6d_stochastic_6000,NORMAL_STOCHASTIC,sep2026,sep_a_003,True,False,,0.7979347240036812,1.8711890096170334,0.6867298732395208,1.1139598429667164,7.64247396664425,2.0,0.25,133.42114649738357,2.2830213653768725,0.30222179990638537,[],1.6785,0.06224066390041494,0.024896265560165973,aligned,1
v6d_stochastic_6001,NORMAL_STOCHASTIC,sep2026,sep_a_003,True,False,,1.0432156051400867,0.7536061453910222,0.9443963974217523,1.4347581062734547,8.051732458443114,2.0,0.25,133.48201188680883,2.7588883331275658,0.1925545593684165,[],1.7724,0.08298755186721991,0.029045643153526972,opposed,-1
v6d_stochastic_6002,NORMAL_STOCHASTIC,sep2026,sep_a_003,True,False,,0.17351935390172094,0.8412615630293585,0.21521408157712318,0.2279557044837889,0.6770921533819231,0.752927538566226,0.25,132.54068284991405,0.9906221910165929,0.12767482821095508,[],1.6383,0.0,0.004149377593360996,opposed,1
v6d_stochastic_6003,NORMAL_STOCHASTIC,sep2026,sep_a_003,True,False,,3.427477874321548,9.877380404154954,2.8894056783571207,5.209462168530321,34.20310075108463,2.0,0.25,137.21817368228653,4.534862599338132,1.9453510017529623,[],1.8562,0.3236514522821577,0.058091286307053944,aligned,-1
v6d_stochastic_6004,NORMAL_STOCHASTIC,sep2026,sep_a_003,True,False,,1.482856442953362,1.3053077256069199,1.3509966422277677,2.0734097273154393,12.595981640396207,2.0,0.25,136.56664234075288,3.4747698812627488,0.29314284119849576,[],2.0421,0.0954356846473029,0.024896265560165973,cross,1
v6d_stochastic_6005,NORMAL_STOCHASTIC,sep2026,sep_a_003,True,False,,1.7127758932265025,2.7014658286874065,1.793142617469745,2.545762960607884,17.36557703864886,2.0,0.25,141.07324820654205,3.777465358818982,1.7971441256212102,[],2.2007,0.1991701244813278,0.058091286307053944,cross,-1
v6d_calm_00,NORMAL_CALM,sep2026,sep_a_004,True,True,2.2800000000000002,0.20846453741174698,1.060024158330266,0.1992424461033878,0.31115198436281744,0.5668574427595072,0.7934277330670942,0.13973657931460343,130.6426161443946,0.6456515074614052,0.051029048255550026,[],1.4876,0.0,0.0,not_applicable,0
v6d_moderate_00,NORMAL_CONSTANT,sep2026,sep_a_004,True,False,,0.46680248296662724,3.0104707877661663,0.5844117746962066,0.6990031531979648,2.745811091415158,1.1985748494230701,0.25,131.12367062409396,0.6563680401401802,0.1254910335849569,[],1.5407,0.0,0.004149377593360996,aligned,1
v6d_calm_01,NORMAL_CALM,sep2026,sep_a_004,True,False,,0.40555184597897315,2.897348631302614,0.40715219359565075,0.5743437406104701,2.093628610831461,1.3816435103311886,0.19777489736384998,131.14831912968324,0.48097781605602324,0.217719004618162,[],1.6171,0.0,0.0,not_applicable,0
v6d_moderate_01,NORMAL_CONSTANT,sep2026,sep_a_004,True,False,,0.6679934549483918,3.209685459585718,0.5160130041051303,1.0048779378128272,5.6359252126223955,1.6856065720444444,0.19869596802512512,132.2798827628126,0.8186430241835392,0.2227110168318377,[],1.5294,0.0,0.0,opposed,-1
v6d_calm_02,NORMAL_CALM,sep2026,sep_a_004,True,True,2.25,0.19145114687189863,0.9543380073725112,0.18089238652148898,0.2866916487712649,0.4688406377107851,0.7291902137941717,0.14527794960276663,130.68575406881757,0.6346800478850317,0.04324151454448784,[],1.4649,0.0,0.0,not_applicable,0
v6d_moderate_02,NORMAL_CONSTANT,sep2026,sep_a_004,True,False,,0.4732840296847433,3.0346278903231503,0.5767430599642571,0.7077130983129573,2.8629680580109795,1.2407472262606445,0.25,131.1834855413916,0.6852505007258897,0.1288613179432899,[],1.6323,0.0,0.004149377593360996,aligned,1
v6d_calm_03,NORMAL_CALM,sep2026,sep_a_004,True,False,,0.4336341760557396,2.722864818108638,0.3990077974733445,0.6418105129992792,2.345706226619637,1.317274060630339,0.1749698192722625,131.39099115708575,0.4583587743297679,0.2113315135729804,[],1.4226,0.0,0.0,not_applicable,0
v6d_moderate_03,NORMAL_CONSTANT,sep2026,sep_a_004,True,False,,0.7649895672739091,3.510145080147753,0.5021031018159224,1.1580524711856406,7.581780000916196,1.963033609208899,0.17598999742651178,132.44521141360957,0.922253247978311,0.2384019770350293,[],1.5957,0.0,0.0,opposed,-1
v6d_calm_04,NORMAL_CALM,sep2026,sep_a_004,True,False,,0.36638527455633835,2.5550076826528536,0.3697365995137907,0.5160509870020928,1.7632040452857665,1.3335914796880086,0.16028444942217898,130.4704456502031,0.41332363230087393,0.19469594984586308,[],1.531,0.0,0.0,not_applicable,0
v6d_moderate_04,NORMAL_CONSTANT,sep2026,sep_a_004,True,False,,0.4368726409963964,2.8182945079952257,0.6408351351240023,0.6771691962559536,2.177455989715131,0.8690753743599687,0.09683086616292316,131.2245150776786,1.0494188143211676,0.10280660313587575,[],1.5992,0.0,0.0,aligned,1
v6d_calm_05,NORMAL_CALM,sep2026,sep_a_004,True,False,,0.5018105471882316,3.3509258513535967,0.47725279084472705,0.725802109236188,3.186679987077043,1.7897312047989073,0.195445367407679,131.13664146029623,0.5425722314345536,0.2522693443497719,[],1.4425,0.0,0.0,not_applicable,0
v6d_moderate_05,NORMAL_CONSTANT,sep2026,sep_a_004,True,False,,1.2537204125834776,2.1938369650755964,0.6736163612812096,1.7243742051143582,9.56933222345516,2.0,0.19609331307114874,131.3312870416273,1.9897449300784955,0.197011040085846,[],1.7424,0.12448132780082988,0.0,opposed,-1
v6d_strong_early_aligned_00,STRONG_NEAR_SIMULTANEOUS,sep2026,sep_a_004,True,False,,0.6772649132208519,3.653759645935927,0.9888615606839987,0.7819373522415665,5.949160053398056,2.0,0.25,131.65812494731435,0.7823180869938922,0.2022952559650488,[],1.5829,0.03319502074688797,0.004149377593360996,aligned,1
v6d_strong_early_aligned_01,STRONG_NEAR_SIMULTANEOUS,sep2026,sep_a_004,True,False,,0.7870972062940697,4.307494437753935,1.1254795890738878,0.9471467085093699,7.185815589482638,2.0,0.24999978954052848,131.70914638805306,0.8575774697363244,0.25295261616818926,[],1.5765,0.05394190871369295,0.0,aligned,-1
v6d_strong_early_aligned_02,STRONG_NEAR_SIMULTANEOUS,sep2026,sep_a_004,True,False,,0.6758796858081125,3.6498341414063087,0.9800186503159737,0.7793402970219878,5.958419915427299,2.0,0.25,131.64686943993425,0.7707056958099195,0.20143176448636282,[],1.4705,0.03319502074688797,0.004149377593360996,aligned,1
v6d_strong_early_aligned_03,STRONG_NEAR_SIMULTANEOUS,sep2026,sep_a_004,True,False,,0.8461925277163078,4.011660831041971,1.0949337744832763,1.1334500579800917,7.964343106479959,2.0,0.24999979093892377,132.02787310767948,1.01090092163412,0.22125382390862186,[],1.495,0.04149377593360996,0.0,aligned,-1
v6d_strong_early_aligned_04,STRONG_NEAR_SIMULTANEOUS,sep2026,sep_a_004,True,False,,0.7498983851367096,3.825415320449739,1.046368137189644,0.938449111325285,6.546345504365253,2.0,0.24999982466461002,132.0486184786285,0.8368104528564979,0.21328600685284463,[],1.4183,0.029045643153526972,0.0,aligned,1
v6d_strong_early_aligned_05,STRONG_NEAR_SIMULTANEOUS,sep2026,sep_a_004,True,False,,0.7713860259148733,4.203679172052941,1.0963934189968816,0.9217468850295063,7.053403717909687,2.0,0.24999980228415908,131.67389717009118,0.8220742221351314,0.24673055274736158,[],1.5291,0.05394190871369295,0.0,aligned,-1
v6d_stochastic_6000,NORMAL_STOCHASTIC,sep2026,sep_a_004,True,False,,0.5004009889717101,3.628271582397114,0.5474224478531966,0.6928631619457499,3.13371456106095,1.5953853492766554,0.21648629754960225,131.15723083777263,0.6380713906332517,0.2526794974241682,[],1.3311,0.0,0.0,aligned,1
v6d_stochastic_6001,NORMAL_STOCHASTIC,sep2026,sep_a_004,True,False,,0.4640719482886886,3.132457198042855,0.4508586759103626,0.6727159480938676,2.7179820155132783,1.523065402343585,0.2371047623477533,130.74431095665219,0.609377632158644,0.2294167098692481,[],1.4024,0.0,0.0,opposed,-1
v6d_stochastic_6002,NORMAL_STOCHASTIC,sep2026,sep_a_004,True,False,,0.35714774826755435,2.5847383469522294,0.37814072270221977,0.47777116151478705,1.5395932293569468,0.9947798394809585,0.24644098696112615,131.47503528809548,0.6750250286169477,0.16091740826376946,[],1.3675,0.0,0.0,opposed,1
v6d_stochastic_6003,NORMAL_STOCHASTIC,sep2026,sep_a_004,True,False,,0.9503858715456784,2.6324898411224953,0.5644896532330651,1.344117512150596,9.32720077694147,2.0,0.10320551036357423,132.47111663089183,1.4425328184376376,0.278483009768917,[],1.3704,0.1078838174273859,0.0,aligned,-1
v6d_stochastic_6004,NORMAL_STOCHASTIC,sep2026,sep_a_004,True,False,,0.6501449235731495,0.6849102875811481,0.5216334729910292,0.8741827257494016,4.7533386528162564,2.0,0.230113861537851,132.94153703076356,1.8425114380316416,0.14692261844771176,[],1.3787,0.05394190871369295,0.0,cross,1
v6d_stochastic_6005,NORMAL_STOCHASTIC,sep2026,sep_a_004,True,False,,0.787701152653902,0.5977960577540724,0.609054159924247,1.0517176504372496,5.630125743240555,2.0,0.126238016474374,131.31881235785394,2.1201182967539265,0.16067100499362166,[],1.4523,0.07053941908713693,0.0,cross,-1
v6d_calm_00,NORMAL_CALM,sep2026,sep_a_005,True,True,2.3100000000000005,0.16611813029499745,0.3313165933551505,0.20536280175871632,0.23597374124583417,0.8643961628644031,1.2045170227076476,0.25,132.26744159647484,1.5558798300080536,0.044461712385046176,[],1.6038,0.0,0.012448132780082987,not_applicable,0
v6d_moderate_00,NORMAL_CONSTANT,sep2026,sep_a_005,True,False,,0.2930711849247208,1.4590250231582882,0.36388758635681306,0.4353556284833606,1.2757292642743128,0.8429688621351477,0.24770343708074966,131.59431784992645,0.868739561445385,0.13469680313861798,[],1.9248,0.0,0.0,aligned,1
v6d_calm_01,NORMAL_CALM,sep2026,sep_a_005,True,False,,0.7842497535168681,2.212335318314864,0.636646454815183,1.0692502613498651,8.929309250116999,2.0,0.25,132.39091231123766,2.447194983676491,0.36710389568498925,[],1.7612,0.058091286307053944,0.03319502074688797,not_applicable,0
v6d_moderate_01,NORMAL_CONSTANT,sep2026,sep_a_005,True,False,,2.5937951345762555,9.264039191837604,2.9714554457902955,3.7540369854828266,29.558753781733184,2.0,0.25,137.7394382683616,3.5386188960335754,0.5192798176207648,[],1.7508,0.27800829875518673,0.08713692946058091,opposed,-1
v6d_calm_02,NORMAL_CALM,sep2026,sep_a_005,True,True,2.2250000000000005,0.143346713694379,0.3244168704960272,0.17999999999999997,0.20067176261489456,0.6825147117799165,1.086021942961056,0.25000000000000006,132.37332275724364,1.3969221533221656,0.04172704886993662,[],1.8768,0.0,0.008298755186721992,not_applicable,0
v6d_moderate_02,NORMAL_CONSTANT,sep2026,sep_a_005,True,False,,0.28772095934674574,1.45047400238687,0.34908112326529633,0.42662982385040954,1.2235838376013035,0.8237476804168598,0.25000000000000006,131.67468457713937,0.8536407275721535,0.13253772740066655,[],1.8369,0.0,0.004149377593360996,aligned,1
v6d_calm_03,NORMAL_CALM,sep2026,sep_a_005,True,False,,1.0532326241856558,3.0754206464743636,0.83650911207502,1.4380007624798334,12.344510159209216,2.0,0.25,133.60928316980338,2.743672338679192,0.5564108870254028,[],1.7286,0.07883817427385892,0.04149377593360996,not_applicable,0
v6d_moderate_03,NORMAL_CONSTANT,sep2026,sep_a_005,True,False,,3.0854088122726893,7.541140844805686,3.1509419288628044,4.418352196334721,30.236558742346485,2.0,0.25,144.73728940308914,3.99985106614489,0.7746575676025375,[],1.8208,0.27800829875518673,0.12033195020746888,opposed,-1
v6d_calm_04,NORMAL_CALM,sep2026,sep_a_005,True,False,,0.8826332258851928,0.8077213082223665,0.832374489444983,1.2241955766980857,7.671816914765758,2.0,0.25,133.02438858205787,2.998799033948483,0.1799028510008807,[],1.6446,0.07883817427385892,0.02074688796680498,not_applicable,0
v6d_moderate_04,NORMAL_CONSTANT,sep2026,sep_a_005,True,False,,0.4899780290882371,2.1574874781608377,0.5723339172575318,0.6122110963569121,4.593821314146737,2.0,0.25,131.63036989557733,1.6348636143443218,0.2328410684484786,[],2.0227,0.016597510373443983,0.004149377593360996,aligned,1
v6d_calm_05,NORMAL_CALM,sep2026,sep_a_005,True,False,,2.007388554869083,3.9661840985039145,1.9901511123133444,2.879845123631181,22.860152441871076,2.0,0.2500000000000001,138.88517790755336,4.15295897225153,2.5868009287348253,[],1.6333,0.22406639004149378,0.07883817427385892,not_applicable,0
v6d_moderate_05,NORMAL_CONSTANT,sep2026,sep_a_005,True,False,,3.940552212554081,10.243236968706086,4.5584806626185355,5.291400638497947,39.02892031044749,2.0,0.25,138.52568068256193,3.8423432585174786,0.6924159329437138,[],1.5561,0.34854771784232363,0.16182572614107885,opposed,-1
v6d_strong_early_aligned_00,STRONG_NEAR_SIMULTANEOUS,sep2026,sep_a_005,True,False,,2.336550809799953,5.09089139882275,0.9467139430757896,3.362251962435664,20.806526568618246,2.0,0.25,142.92315947591433,2.667841913300658,0.33952580813442984,[],1.6562,0.21991701244813278,0.08298755186721991,aligned,1
v6d_strong_early_aligned_01,STRONG_NEAR_SIMULTANEOUS,sep2026,sep_a_005,True,False,,1.2044079352931856,3.2924212949134635,1.117732506741468,1.797767170662922,16.25292302940095,2.0,0.25,137.6136146552036,4.073555353678225,0.4342676019754298,[],1.4675,0.12033195020746888,0.0995850622406639,aligned,-1
v6d_strong_early_aligned_02,STRONG_NEAR_SIMULTANEOUS,sep2026,sep_a_005,True,False,,2.350385953870457,6.223959998151704,0.9393201555082766,3.389202729181109,23.40139805547866,2.0,0.25,142.09950911616548,2.6956896694671446,0.40277626499406066,[],1.6028,0.21161825726141079,0.07883817427385892,aligned,1
v6d_strong_early_aligned_03,STRONG_NEAR_SIMULTANEOUS,sep2026,sep_a_005,True,False,,1.6075004925428376,3.5620104940296766,1.085380822572589,2.4020495034996636,16.95138529481917,2.0,0.25,137.0570534616946,4.786710926456114,0.3380084670179464,[],1.6925,0.15767634854771784,0.11203319502074689,aligned,-1
v6d_strong_early_aligned_04,STRONG_NEAR_SIMULTANEOUS,sep2026,sep_a_005,True,False,,0.9540753395601074,4.824256420199399,1.0923610822515515,1.2020319559736943,12.027526678491203,2.0,0.25,135.76213880259678,2.473893682744554,0.4250909287817232,[],1.4705,0.1037344398340249,0.03319502074688797,aligned,1
v6d_strong_early_aligned_05,STRONG_NEAR_SIMULTANEOUS,sep2026,sep_a_005,True,False,,1.121323078192462,2.2336598470709377,1.6474297728228784,1.390489712151635,13.893500363453326,2.0,0.25,134.8028301886322,3.2053433709968817,0.2159771092795707,[],1.3168,0.07883817427385892,0.0995850622406639,aligned,-1
v6d_stochastic_6000,NORMAL_STOCHASTIC,sep2026,sep_a_005,True,False,,0.5828962005044734,1.0443735612091258,0.5727824613061562,0.8291230374770908,5.501172824834652,2.0,0.25,131.74795686992243,2.721031287812851,0.16872342219075623,[],1.3903,0.03734439834024896,0.029045643153526972,aligned,1
v6d_stochastic_6001,NORMAL_STOCHASTIC,sep2026,sep_a_005,True,False,,0.8624262548969617,1.8966783889239365,0.7354183994813005,1.17978995081756,9.607417245237476,2.0,0.25,132.4690346893731,2.7002101799853966,0.34229440026040575,[],1.2366,0.07053941908713693,0.03319502074688797,opposed,-1
v6d_stochastic_6002,NORMAL_STOCHASTIC,sep2026,sep_a_005,True,False,,0.5108060216240914,1.0386978430036489,0.29475095593008144,0.7328116818439203,3.41513976428615,1.3368104287701468,0.25,132.72440330327984,2.8315012413934717,0.12299737079742766,[],1.5308,0.0,0.008298755186721992,opposed,1
v6d_stochastic_6003,NORMAL_STOCHASTIC,sep2026,sep_a_005,False,False,,3.1337514657678964,10.334399869269035,2.667813033213296,4.7867493360447675,28.801436590667954,2.0,0.25,135.99650035606322,15.592606620110809,4.464041563348354,['attitude'],1.7405,0.26141078838174275,0.14107883817427386,aligned,-1
v6d_stochastic_6004,NORMAL_STOCHASTIC,sep2026,sep_a_005,True,False,,1.4528287694222477,3.4711830393294054,1.196239467129137,2.02078692072942,16.73159911719335,2.0,0.2500000000000001,138.5708621616894,3.304100140904872,0.7050479313878536,[],1.2846,0.1037344398340249,0.04979253112033195,cross,1
v6d_stochastic_6005,NORMAL_STOCHASTIC,sep2026,sep_a_005,True,False,,1.4549705592006261,1.8629805271763091,1.4246126247353978,2.1135680367265577,14.77024854750535,2.0,0.25,138.44625768255733,3.9647810378403943,0.3856920041723253,[],1.2567,0.14107883817427386,0.058091286307053944,cross,-1
v6d_calm_00,NORMAL_CALM,sep2026,sep_a_006,True,True,2.0149999999999997,0.23641910360072707,0.555100053757126,0.24791871309579389,0.35100678564467447,0.9656852216712608,0.9670411550656819,0.25,131.70916410773282,1.387821847600474,0.0890291236289572,[],1.3097,0.0,0.008298755186721992,not_applicable,0
v6d_moderate_00,NORMAL_CONSTANT,sep2026,sep_a_006,True,False,,0.4798371436731481,2.1153388691248054,0.32450102080171905,0.7730152357584583,1.6516511869312247,0.7892221278113158,0.18429816839663005,132.22319907041134,0.7183544977386941,0.13121615209720275,[],1.3771,0.0,0.0,aligned,1
v6d_calm_01,NORMAL_CALM,sep2026,sep_a_006,True,False,,0.5817841473839392,1.0051942348765945,0.5476379094026532,0.8692376680640769,2.919322424043986,2.0,0.2190753988974009,131.14831912968324,1.5832221834020401,0.11529785357760669,[],1.3182,0.008298755186721992,0.0,not_applicable,0
v6d_moderate_01,NORMAL_CONSTANT,sep2026,sep_a_006,True,False,,1.8004798378905207,3.4899484307336643,1.6644713465741885,2.523434993043974,17.549692110967065,2.0,0.25,137.80571429258472,3.474783659639331,0.5637905204616371,[],1.4586,0.0995850622406639,0.04564315352697095,opposed,-1
v6d_calm_02,NORMAL_CALM,sep2026,sep_a_006,True,True,1.9800000000000004,0.21848871758118002,0.5133989480845672,0.22775645906118877,0.3273276847458212,0.8546539816725551,0.9488292525548427,0.25,131.80464328099225,1.3649286206404345,0.0792256180412774,[],1.4791,0.0,0.008298755186721992,not_applicable,0
v6d_moderate_02,NORMAL_CONSTANT,sep2026,sep_a_006,True,False,,0.49266523662183886,2.0763645094362086,0.32450102080171905,0.7923549075105096,1.7478052466942717,0.7720746898500339,0.17876531360311365,132.46965636442772,0.9154768534954606,0.12210212804986434,[],1.6705,0.0,0.0,aligned,1
v6d_calm_03,NORMAL_CALM,sep2026,sep_a_006,True,False,,0.856399867336971,1.5379982928111808,0.745818034753773,1.2219307286422978,6.984180211912364,2.0,0.25,131.81346957946957,2.0578541076129153,0.2675930644195406,[],1.5395,0.04979253112033195,0.03734439834024896,not_applicable,0
v6d_moderate_03,NORMAL_CONSTANT,sep2026,sep_a_006,True,False,,2.2060305542337515,4.036571181646622,2.052793064696128,3.072664487463569,21.733477991724673,2.0,0.25,136.83194512544245,3.564935805659579,0.6849151054356762,[],1.4754,0.1950207468879668,0.1037344398340249,opposed,-1
v6d_calm_04,NORMAL_CALM,sep2026,sep_a_006,True,False,,0.6617492633699149,1.3225482003216618,0.5709076606043029,0.9359600658831002,4.893552944739938,2.0,0.25,131.28144079073314,1.6826135868389342,0.22846643869232977,[],1.3515,0.029045643153526972,0.016597510373443983,not_applicable,0
v6d_moderate_04,NORMAL_CONSTANT,sep2026,sep_a_006,True,False,,0.8102580775125761,2.859631893996439,0.6363779813382012,1.1209748597973552,7.482844766059963,2.0,0.25,132.2748166129593,1.250776511388205,0.26098961211307486,[],1.6437,0.04564315352697095,0.004149377593360996,aligned,1
v6d_calm_05,NORMAL_CALM,sep2026,sep_a_006,True,False,,1.251078833226288,1.884091966007097,1.1443115083881379,1.7247708534856405,10.796998638041746,2.0,0.25,134.92295702941112,2.7812455990869216,0.36629913852842855,[],1.419,0.08298755186721991,0.03319502074688797,not_applicable,0
v6d_moderate_05,NORMAL_CONSTANT,sep2026,sep_a_006,True,False,,2.747095629565286,5.573512906567295,2.84447931304467,3.9534266510728115,26.16554044925293,2.0,0.25,142.9608130220337,3.9013965348567536,0.6789555483164492,[],1.567,0.22406639004149378,0.0912863070539419,opposed,-1
v6d_strong_early_aligned_00,STRONG_NEAR_SIMULTANEOUS,sep2026,sep_a_006,True,False,,1.054490324267746,2.4683051203312267,1.1248540030482514,1.4094096993433438,10.161554035206331,2.0,0.2500000000000001,132.6441301931351,2.9206186397148337,0.27656053735105346,[],1.3582,0.08298755186721991,0.04149377593360996,aligned,1
v6d_strong_early_aligned_01,STRONG_NEAR_SIMULTANEOUS,sep2026,sep_a_006,True,False,,0.9580711476262921,3.307441550764819,1.3124080016389796,1.3360403901122406,8.164281432984527,1.5172223822696664,0.25,132.82701701469998,2.5198852923194184,0.2596377780318267,[],1.4135,0.0,0.04149377593360996,aligned,-1
v6d_strong_early_aligned_02,STRONG_NEAR_SIMULTANEOUS,sep2026,sep_a_006,True,False,,0.935413580883493,2.437365721576177,1.1184739494306613,1.207397076021505,8.86233634845654,2.0,0.25,132.60380402604125,2.6130933135040086,0.27395208162608076,[],1.5535,0.04149377593360996,0.04564315352697095,aligned,1
v6d_strong_early_aligned_03,STRONG_NEAR_SIMULTANEOUS,sep2026,sep_a_006,True,False,,1.3960451798768103,2.8818505981154394,1.2640959694167544,2.097613917398009,15.900032500158847,2.0,0.25000000000000006,139.6526216816215,3.841298822667633,0.2897554893563803,[],1.3606,0.14522821576763487,0.0912863070539419,aligned,-1
v6d_strong_early_aligned_04,STRONG_NEAR_SIMULTANEOUS,sep2026,sep_a_006,True,False,,0.8708142622795936,3.041329061208032,1.2016352589650698,1.197546128960047,7.398766825144499,1.666813772839533,0.25,132.574867100161,2.5231698891931233,0.25561182060771837,[],1.253,0.0,0.04149377593360996,aligned,1
v6d_strong_early_aligned_05,STRONG_NEAR_SIMULTANEOUS,sep2026,sep_a_006,True,False,,1.4479597968386517,3.752069130147132,1.3877721116336432,1.884957136170473,12.065682596636368,2.0,0.25,131.94194359931802,1.8546302459248487,0.2636008387740086,[],1.2903,0.11618257261410789,0.024896265560165973,aligned,-1
v6d_stochastic_6000,NORMAL_STOCHASTIC,sep2026,sep_a_006,True,False,,0.4582265719712235,1.4684649542603234,0.47793074021079035,0.7110849561987509,1.3584379596894283,1.2767001559609708,0.19978525118956497,131.21664317693586,1.2901607709562195,0.08641492525945378,[],1.1676,0.0,0.0,aligned,1
v6d_stochastic_6001,NORMAL_STOCHASTIC,sep2026,sep_a_006,True,False,,0.5282946047838303,1.3541026532368212,0.4938365781202365,0.8220877354660343,2.0293471846686564,1.7822902543397803,0.16067831502473642,130.71396345599666,1.4971696273881794,0.10935346136890335,[],1.3655,0.0,0.0,opposed,-1
v6d_stochastic_6002,NORMAL_STOCHASTIC,sep2026,sep_a_006,True,False,,0.3950955686544552,1.3879764041846865,0.3314956757084705,0.5551907842841993,1.5174747007262432,0.847600875980769,0.17558656694406188,131.9286845837014,0.5111038345652074,0.07335054752720993,[],1.3722,0.0,0.0,opposed,1
v6d_stochastic_6003,NORMAL_STOCHASTIC,sep2026,sep_a_006,True,False,,2.162604960600992,6.507871662347786,1.8130368171762568,3.2854621795976757,19.7925409109911,2.0,0.2500000000000001,133.4606771795254,2.936057563511578,0.3414451215923013,[],1.231,0.14107883817427386,0.06224066390041494,aligned,-1
v6d_stochastic_6004,NORMAL_STOCHASTIC,sep2026,sep_a_006,True,False,,1.1509896120419172,1.827760851918766,1.0520894831801617,1.61442159582466,10.109430062344849,2.0,0.25,134.9143508605294,2.742712688792727,0.373913695164159,[],1.5073,0.07468879668049792,0.012448132780082987,cross,1
v6d_stochastic_6005,NORMAL_STOCHASTIC,sep2026,sep_a_006,True,False,,1.5442146096448082,3.1555521388362626,1.3900628756085602,2.2270607469279504,16.54486669897672,2.0,0.2500000000000001,139.65670662613758,3.4989468698345085,0.6278997230526953,[],1.2383,0.12863070539419086,0.06639004149377593,cross,-1
v6d_calm_00,NORMAL_CALM,sep2026,sep_a_007,True,False,,0.22937937727212523,2.526022623829894,0.17999999999999997,0.3379325354130309,0.9047566723307727,0.7717133613625806,0.24999972666821063,132.31756369449667,0.8815825550790698,0.14424010730068937,[],1.3869,0.0,0.0,not_applicable,0
v6d_moderate_00,NORMAL_CONSTANT,sep2026,sep_a_007,True,False,,0.434428430665073,4.550035354121523,0.5399427207639809,0.5439168974757099,4.050305367530167,1.5834573451523295,0.25000000000000006,136.111617432835,1.4362394117816617,0.2604373144006318,[],1.388,0.0,0.012448132780082987,aligned,1
v6d_calm_01,NORMAL_CALM,sep2026,sep_a_007,True,False,,0.48860594061564405,5.333571517606142,0.3516323002049458,0.7436369665313664,4.0597544233613645,1.6184191348957337,0.25,134.83091203094062,1.5997886276551396,0.3051784080771599,[],1.2522,0.0,0.004149377593360996,not_applicable,0
v6d_moderate_01,NORMAL_CONSTANT,sep2026,sep_a_007,True,False,,2.730375306711337,11.670966349059276,1.747574137417999,3.88928563301993,32.33335228198337,2.0,0.25,139.14455200677133,2.850567893525294,0.6905871819605403,[],1.4422,0.29045643153526973,0.04149377593360996,opposed,-1
v6d_calm_02,NORMAL_CALM,sep2026,sep_a_007,True,False,,0.2187331145269018,2.4011507942398125,0.17999999999999997,0.32048195822124564,0.8251287466240269,0.7369045806459982,0.17863146592708312,132.21719521749634,0.8270757408264997,0.1332575332818364,[],1.4472,0.0,0.0,not_applicable,0
v6d_moderate_02,NORMAL_CONSTANT,sep2026,sep_a_007,True,False,,0.4195784030954028,4.374692469784928,0.5236480556524452,0.521691897258598,3.7261078234926135,1.5202457547116548,0.2499997580246961,135.29504673382175,1.4752295631622276,0.2513987841711086,[],1.3747,0.0,0.0,aligned,1
v6d_calm_03,NORMAL_CALM,sep2026,sep_a_007,True,False,,0.493750601877748,5.290846468111758,0.35999876063043595,0.7485862596381648,4.214989673141011,1.628144025542876,0.25,135.0571737320963,1.5702229284063345,0.290694889404094,[],1.3062,0.0,0.004149377593360996,not_applicable,0
v6d_moderate_03,NORMAL_CONSTANT,sep2026,sep_a_007,True,False,,3.5812338764610896,8.32060400516553,1.8215950775167693,4.839216975930695,28.779961572246723,2.0,0.25,138.5983038973693,3.776824873290428,0.5215246949285921,[],1.6102,0.23236514522821577,0.016597510373443983,opposed,-1
v6d_calm_04,NORMAL_CALM,sep2026,sep_a_007,True,False,,0.37554456535529457,4.10608025834892,0.2566063590063935,0.5698178418629596,2.7346175698254185,1.2994475752623433,0.1602844494221789,132.83132182358966,1.028779199661258,0.2178372404845749,[],1.4214,0.0,0.0,not_applicable,0
v6d_moderate_04,NORMAL_CONSTANT,sep2026,sep_a_007,True,False,,0.6536625879254259,6.591253379002182,0.68314145082557,0.8859809055061918,8.07985242101362,2.0,0.25,141.2937371253268,2.019162462363659,0.4003216563716556,[],1.4024,0.06639004149377593,0.02074688796680498,aligned,1
v6d_calm_05,NORMAL_CALM,sep2026,sep_a_007,True,False,,0.5353203558398254,4.912022011050137,0.3817604666812358,0.7986895108307697,6.420999697546579,1.9946138977720205,0.24999942301218514,133.45467389448194,1.2646475770041459,0.28344555378860165,[],1.354,0.0,0.0,not_applicable,0
v6d_moderate_05,NORMAL_CONSTANT,sep2026,sep_a_007,False,False,,3.4418125673735545,49.484514242005,2.415663452942827,4.898647986754861,39.96115190247431,2.0,0.25000000000000006,137.6073031395458,20.31264046852743,13.22961830761672,"['attitude', 'joint_angle', 'uav_height']",1.6394,0.37344398340248963,0.0995850622406639,opposed,-1
v6d_strong_early_aligned_00,STRONG_NEAR_SIMULTANEOUS,sep2026,sep_a_007,True,False,,0.46641290530432794,3.7069689873809675,0.6829729390792328,0.6302498881035096,3.318395523802981,1.0777852813779618,0.25,131.94448684647077,1.1920034367000707,0.2423665706357184,[],1.2624,0.0,0.02074688796680498,aligned,1
v6d_strong_early_aligned_01,STRONG_NEAR_SIMULTANEOUS,sep2026,sep_a_007,True,False,,0.5532964849334274,3.9626988001167276,0.7829266410575257,0.7173895724815162,4.734060889827907,1.262374433688981,0.25,131.1360877166615,1.436353077432835,0.25486868054770745,[],1.2463,0.0,0.004149377593360996,aligned,-1
v6d_strong_early_aligned_02,STRONG_NEAR_SIMULTANEOUS,sep2026,sep_a_007,True,False,,0.4510868561034114,3.6638625690445705,0.6785640203550117,0.5981403604848726,3.216991766921381,1.0703736290261987,0.25,132.11663511788504,1.0164328855217362,0.23851393081080494,[],1.2959,0.0,0.02074688796680498,aligned,1
v6d_strong_early_aligned_03,STRONG_NEAR_SIMULTANEOUS,sep2026,sep_a_007,True,False,,0.49343177197046195,3.622592388158886,0.765096241188537,0.6223819703776668,3.5776152239480177,1.0991408996313479,0.25,131.20434433799718,1.086961263065086,0.23949884511753233,[],1.2606,0.0,0.004149377593360996,aligned,-1
v6d_strong_early_aligned_04,STRONG_NEAR_SIMULTANEOUS,sep2026,sep_a_007,True,False,,0.5927137233514359,4.022337092898028,0.7472266572847452,0.8038989743681302,6.871659120148309,1.9028320485355434,0.25,133.40604882698366,2.2473776487862285,0.2918257864315602,[],1.211,0.0,0.024896265560165973,aligned,1
v6d_strong_early_aligned_05,STRONG_NEAR_SIMULTANEOUS,sep2026,sep_a_007,True,False,,0.9905875262649688,3.809930999743405,0.799474368886147,1.368166919123465,12.137727894730858,2.0,0.25,131.92087001395396,3.1761861470886994,0.2315383480960854,[],1.3597,0.0954356846473029,0.008298755186721992,aligned,-1
v6d_stochastic_6000,NORMAL_STOCHASTIC,sep2026,sep_a_007,True,False,,0.5179267664365339,5.628573219807298,0.39886507093656465,0.775770183521765,4.819509707544901,1.7237668931532864,0.25,136.1524683310623,1.5720746856896655,0.3037136873825197,[],1.4005,0.0,0.012448132780082987,aligned,1
v6d_stochastic_6001,NORMAL_STOCHASTIC,sep2026,sep_a_007,True,False,,0.3948826981168993,4.471268564514255,0.3123075938385277,0.607278527279529,2.7929026080325308,1.2672361339550633,0.17136494932210355,132.69210424000764,1.0741398915976768,0.2539497184263075,[],1.1485,0.0,0.0,opposed,-1
v6d_stochastic_6002,NORMAL_STOCHASTIC,sep2026,sep_a_007,True,False,,0.44283597074823067,5.064473127207761,0.3788918691975273,0.6539566905520066,3.7198696956993254,1.502606099667525,0.25,132.9463765129099,1.2907686283944173,0.2693759653220115,[],1.6387,0.0,0.004149377593360996,opposed,1
v6d_stochastic_6003,NORMAL_STOCHASTIC,sep2026,sep_a_007,True,False,,1.6690496670081278,1.9452444418628454,0.810234428034235,2.321026409926919,13.563855576244631,2.0,0.25,137.86717684699082,3.6366339594016113,0.21781660481346235,[],1.4293,0.1908713692946058,0.03319502074688797,aligned,-1
v6d_stochastic_6004,NORMAL_STOCHASTIC,sep2026,sep_a_007,True,False,,0.3803006901165741,2.837836860680449,0.2927181988450803,0.537169372308272,3.4329630722491835,1.7188506374163026,0.23789364517189326,132.91288853627077,1.04416862228152,0.18629251339929753,[],1.2378,0.0,0.0,cross,1
v6d_stochastic_6005,NORMAL_STOCHASTIC,sep2026,sep_a_007,True,False,,0.42207101008847403,2.9960963927980706,0.2475104732606662,0.6229261299497437,4.641868055007338,2.0,0.2499999607141351,132.38970511850752,1.5193448890461614,0.2292329639107914,[],1.1641,0.004149377593360996,0.0,cross,-1
v6d_calm_00,NORMAL_CALM,sep2026,sep_a_008,True,False,,0.5616868333955425,2.1596543337127727,0.17999999999999994,0.729039184573049,10.377740533325893,2.0,0.25,131.97740642526617,1.6608380195564363,0.3766250138014414,[],1.2966,0.0995850622406639,0.004149377593360996,not_applicable,0
v6d_moderate_00,NORMAL_CONSTANT,sep2026,sep_a_008,True,False,,1.6720805361489284,9.729332538587633,2.8765034618058367,2.2631404594905478,23.28728838452256,2.0,0.25,146.73307845174122,2.8836910033238987,0.6021585847803195,[],1.4105,0.27385892116182575,0.11203319502074689,aligned,1
v6d_calm_01,NORMAL_CALM,sep2026,sep_a_008,True,False,,1.5434501900446052,8.333035993853278,0.6422998974043744,2.229635330442144,22.216380543016193,2.0,0.25,133.833734846953,2.739122741379952,0.48802046807362515,[],1.324,0.21991701244813278,0.0995850622406639,not_applicable,0
v6d_moderate_01,NORMAL_CONSTANT,sep2026,sep_a_008,True,False,,2.125113598807795,9.22807670562801,3.0442750455795755,3.2257168124422178,29.76452638717646,2.0,0.25,134.71829214685582,2.866390300617934,0.6066586863277177,[],1.4496,0.33195020746887965,0.0912863070539419,opposed,-1
v6d_calm_02,NORMAL_CALM,sep2026,sep_a_008,True,True,1.9050000000000002,0.4871372391778892,1.8228645988335919,0.17999999999999997,0.6312866439700792,9.170072158238284,2.0,0.25,132.07428789436796,1.543412363138807,0.34104513550261545,[],1.4067,0.08298755186721991,0.004149377593360996,not_applicable,0
v6d_moderate_02,NORMAL_CONSTANT,sep2026,sep_a_008,True,False,,1.704470843460693,9.762363210849063,2.866808030349762,2.324575353548893,22.311371369210043,2.0,0.25,147.03718251968465,2.691628850813067,0.588737531140903,[],1.4239,0.27800829875518673,0.11618257261410789,aligned,1
v6d_calm_03,NORMAL_CALM,sep2026,sep_a_008,True,False,,1.8714874362489033,8.485217905123173,0.6600248755528558,2.635808831000275,23.572590580408843,2.0,0.25,135.43429341688423,2.5437515039692125,0.5950927651534006,[],1.7521,0.26556016597510373,0.07883817427385892,not_applicable,0
v6d_moderate_03,NORMAL_CONSTANT,sep2026,sep_a_008,True,False,,2.4015368174380463,9.314075336952406,3.249310878299723,3.724779604907055,30.064897486020403,2.0,0.25,135.65757640470218,2.5595682833490723,0.624823523188672,[],1.4266,0.34439834024896265,0.08713692946058091,opposed,-1
v6d_calm_04,NORMAL_CALM,sep2026,sep_a_008,True,False,,1.4083491693188237,8.19399386966146,0.959596854680424,2.1604727513324153,15.711522535554895,2.0,0.25,133.67595064933994,2.161722920199629,0.5439827797159402,[],1.3326,0.23236514522821577,0.07883817427385892,not_applicable,0
v6d_moderate_04,NORMAL_CONSTANT,sep2026,sep_a_008,True,False,,1.6985635753235007,9.758684105309808,2.8290577557699197,2.323302941367313,25.987728935092047,2.0,0.25,145.4658584401029,2.5609732314213494,0.573175291972273,[],1.3959,0.3112033195020747,0.14937759336099585,aligned,1
v6d_calm_05,NORMAL_CALM,sep2026,sep_a_008,True,False,,2.0034651722232337,9.529024056481301,1.5093972930712267,3.2564726948927607,25.140697196272797,2.0,0.25,137.2693386486322,3.6395315873915437,0.6675265188212871,[],1.3517,0.2987551867219917,0.1037344398340249,not_applicable,0
v6d_moderate_05,NORMAL_CONSTANT,sep2026,sep_a_008,True,False,,2.810903375002457,9.431394354302082,2.7713746453324757,4.414693790460755,30.688398038653247,2.0,0.25,144.07523405552757,3.102508654414435,0.5732293721118713,[],1.29,0.34854771784232363,0.14107883817427386,opposed,-1
v6d_strong_early_aligned_00,STRONG_NEAR_SIMULTANEOUS,sep2026,sep_a_008,True,False,,2.372126865411891,10.179233401267325,1.857792129296844,3.359652581852226,23.24252915649388,2.0,0.25,138.3498207516742,1.8527948235619116,1.633634758297781,[],1.4656,0.29045643153526973,0.07883817427385892,aligned,1
v6d_strong_early_aligned_01,STRONG_NEAR_SIMULTANEOUS,sep2026,sep_a_008,True,False,,2.3227120904794347,10.132358317341723,1.974630137234992,3.3489291497717835,31.286817154053907,2.0,0.25,145.073504956109,2.734657873954665,0.516667755874637,[],1.3616,0.29045643153526973,0.1037344398340249,aligned,-1
v6d_strong_early_aligned_02,STRONG_NEAR_SIMULTANEOUS,sep2026,sep_a_008,True,False,,2.4063862088089487,10.196727737135795,1.8337764682653495,3.404613883004904,22.76881548585102,2.0,0.25,138.51277849282178,1.7552972118889745,1.8519764859343664,[],1.406,0.2987551867219917,0.07883817427385892,aligned,1
v6d_strong_early_aligned_03,STRONG_NEAR_SIMULTANEOUS,sep2026,sep_a_008,True,False,,2.4683805694082634,10.31452504057571,2.117205437238427,3.660121759941584,31.800664474895868,2.0,0.25,145.49546143709912,2.2816357874174535,0.5223045004460045,[],1.2674,0.29045643153526973,0.1037344398340249,aligned,-1
v6d_strong_early_aligned_04,STRONG_NEAR_SIMULTANEOUS,sep2026,sep_a_008,True,False,,2.3218276673462213,10.307072914876395,1.91687507262993,3.343359324874685,29.927571742604297,2.0,0.25000000000000006,144.3839580412172,2.2026109947759602,0.5141322674992299,[],1.3188,0.27800829875518673,0.1037344398340249,aligned,1
v6d_strong_early_aligned_05,STRONG_NEAR_SIMULTANEOUS,sep2026,sep_a_008,True,False,,2.562110076860336,10.360317307053375,1.8298396456466195,3.948076437945387,32.5914097057362,2.0,0.2500000000000001,149.77634088407015,2.105090503480179,0.5158180534826922,[],1.2699,0.3153526970954357,0.13278008298755187,aligned,-1
v6d_stochastic_6000,NORMAL_STOCHASTIC,sep2026,sep_a_008,True,False,,1.4055475410726022,8.16338952718835,0.7958465647047608,2.130913312075938,16.17086411885415,2.0,0.25,133.73503222134522,2.0775649950181374,0.5501370589547153,[],1.216,0.23236514522821577,0.07468879668049792,aligned,1
v6d_stochastic_6001,NORMAL_STOCHASTIC,sep2026,sep_a_008,True,False,,1.4208326088343908,8.593357072110924,1.2095546052258366,2.168656268634414,19.384736196682084,2.0,0.25,135.64960849073054,2.4747365307836513,0.6115904972414331,[],1.2028,0.1991701244813278,0.07883817427385892,opposed,-1
v6d_stochastic_6002,NORMAL_STOCHASTIC,sep2026,sep_a_008,True,False,,1.3117368160884522,8.119082576862233,0.7481269060222429,2.0237303235816446,15.711888437996006,2.0,0.25,147.98872178753933,2.319284928673778,0.6102159297644152,[],1.3078,0.21991701244813278,0.08713692946058091,opposed,1
v6d_stochastic_6003,NORMAL_STOCHASTIC,sep2026,sep_a_008,True,False,,2.199764448725473,9.820541722585306,2.2105974805130346,3.2649074155563174,28.84805604575365,2.0,0.2500000000000001,145.33250263422028,2.4084541962674204,0.5027679224464606,[],1.4172,0.27385892116182575,0.11203319502074689,aligned,-1
v6d_stochastic_6004,NORMAL_STOCHASTIC,sep2026,sep_a_008,True,False,,1.9025773424281411,7.126424925386151,0.5553411468093815,2.516695387520027,21.94475636123281,2.0,0.25,135.77618300834985,2.8582538462337155,0.7346473201134921,[],1.2689,0.18672199170124482,0.04564315352697095,cross,1
v6d_stochastic_6005,NORMAL_STOCHASTIC,sep2026,sep_a_008,False,False,,2.5417197298555076,9.468467895437929,1.0141218428383731,3.2558201684390937,23.881582511281,2.0,0.25,131.604900923336,20.607746402574694,8.352122500818387,"['attitude', 'joint_angle', 'uav_height']",1.4392,0.22406639004149378,0.058091286307053944,cross,-1
