candidate_id,stage1_rank,sample_id,scenario,safe,solver_success,solver_valid,steady_state_valid,limiter_parity_valid,task_success,acquisition_time_s,position_rmse_3d_m,orientation_rmse_deg,ramp_peak_position_error_m,ramp_steady_state_position_error_m,total_acceleration_effort,total_solve_time_p95_ms,limiter_mismatch_max,steady_state_residual_max,d_hat_norm_max,d_controllable_norm_max,d_uncontrollable_norm_max
dr_tsrmpc_001,1,calm__+x_r0.15,CALM_3D_SETPOINT,True,True,True,True,True,True,2.2,0.05414933495361442,0.2750096666257857,,,0.04015832237036246,1.8101,8.758115402030107e-47,3.498411955425572e-17,0.00984335340355548,0.009843339300369677,0.0005439321722151607
dr_tsrmpc_001,1,wind_1p5__+x_r0.15,WIND_3D_SETPOINT,True,True,True,True,True,True,2.17,0.05341591979787355,0.3402892363602869,,,0.0723976051092804,1.8117,1.3877787807814457e-17,4.315936441719802e-17,0.01131389438984659,0.011313848926944559,0.0006509558139466667
dr_tsrmpc_001,1,wind_3p0__+x_r0.15,WIND_3D_SETPOINT,True,True,True,True,True,True,2.08,0.07696560698937928,0.787939198542793,,,0.6296286332601002,1.6639,1.3877787807814457e-17,1.1866263367818004e-16,0.02971513747913462,0.029703292048735407,0.001869012281833751
dr_tsrmpc_001,1,calm__-x_r0.15,CALM_3D_SETPOINT,True,True,True,True,True,True,2.205,0.054144828439243724,0.27523171732862406,,,0.04016359644924279,1.935,1.3877787807814457e-17,3.2951802828132604e-17,0.009840396693429563,0.009840353989224802,0.0006230591518199008
dr_tsrmpc_001,1,wind_1p5__-x_r0.15,WIND_3D_SETPOINT,True,True,True,True,True,True,2.16,0.06052487744937687,0.2848507232732759,,,0.07556434864170486,1.9824,1.734723475976807e-18,4.735773073514161e-17,0.012311220153060468,0.012310985697585554,0.0005653919489624218
dr_tsrmpc_001,1,wind_3p0__-x_r0.15,WIND_3D_SETPOINT,True,True,True,True,True,True,2.385,0.09924509929903694,0.7181069587218871,,,0.6529946023780612,1.9319,0.0,1.198476856570507e-16,0.03071698399530845,0.030710859697754476,0.001869012281833751
dr_tsrmpc_001,1,calm__+y_r0.15,CALM_3D_SETPOINT,True,True,True,True,True,True,4.955,0.09327564472024619,0.0,,,0.00401628670776459,1.7946,9.62964972193618e-35,5.973642226313045e-20,1.684028208401743e-05,1.457648606958763e-10,1.684028208338658e-05
dr_tsrmpc_001,1,wind_1p5__+y_r0.15,WIND_3D_SETPOINT,True,True,True,True,True,True,4.955,0.08641382048570678,0.17885694165529917,,,0.03674176710268394,1.7948,0.0,2.9097632545974144e-17,0.007077375390568975,0.007076252655179946,0.00039047778759616474
dr_tsrmpc_001,1,wind_3p0__+y_r0.15,WIND_3D_SETPOINT,True,True,True,True,True,True,4.955,0.10973500184770209,0.7127716322197332,,,0.6049649154053178,1.877,0.0,1.1590657442401892e-16,0.028878922704376284,0.028873307340615988,0.001869012281833751
dr_tsrmpc_001,1,calm__-y_r0.15,CALM_3D_SETPOINT,True,True,True,True,True,True,4.955,0.09327564472024619,0.0,,,0.00401628670776459,1.9623,9.62964972193618e-35,5.973642226313045e-20,1.684028208401743e-05,1.457648606958763e-10,1.684028208338658e-05
dr_tsrmpc_001,1,wind_1p5__-y_r0.15,WIND_3D_SETPOINT,True,True,True,True,True,True,4.955,0.08641382048570678,0.17885694165529917,,,0.03674176710268394,1.9618,0.0,2.9097632545974144e-17,0.007077375390568975,0.007076252655179946,0.00039047778759616474
dr_tsrmpc_001,1,wind_3p0__-y_r0.15,WIND_3D_SETPOINT,True,True,True,True,True,True,4.955,0.10973500184770209,0.7127716322197332,,,0.6049649154053178,1.872,0.0,1.1590657442401892e-16,0.028878922704376284,0.028873307340615988,0.001869012281833751
dr_tsrmpc_001,1,calm__+z_r0.15,CALM_3D_SETPOINT,True,True,True,True,True,True,0.99,0.029780750412311516,0.0,,,0.11217005724800687,1.936,1.9721522630525295e-31,1.320035673985685e-16,0.027713397904178566,2.3994101840749315e-07,0.027713397903139866
dr_tsrmpc_001,1,wind_1p5__+z_r0.15,WIND_3D_SETPOINT,True,True,True,True,True,True,0.9900000000000002,0.03438160902536895,0.17946172672674615,,,0.14669511359875118,2.0093,0.0,1.5428078538481618e-16,0.028435053871084134,0.007130998685953707,0.02762138303987899
dr_tsrmpc_001,1,wind_3p0__+z_r0.15,WIND_3D_SETPOINT,True,True,True,True,True,True,1.0149999999999997,0.07589635782798704,0.7151303787107958,,,0.7152483777920197,1.8563,0.0,1.837090187215843e-16,0.03855402261530855,0.02908210298817581,0.027289007433113147
dr_tsrmpc_001,1,calm__-z_r0.15,CALM_3D_SETPOINT,True,True,True,True,True,True,0.99,0.029780750412311496,0.0,,,0.11217005724800738,1.8875,1.9721522630525295e-31,1.4816326712524766e-16,0.027713397904178837,2.399410184075143e-07,0.027713397903140136
dr_tsrmpc_001,1,wind_1p5__-z_r0.15,WIND_3D_SETPOINT,True,True,True,True,True,True,0.9900000000000002,0.03437765751015137,0.17839977405184737,,,0.14638804059696683,1.857,0.0,1.4602784543978657e-16,0.02861058953192135,0.007037661482375248,0.02780208014505475
dr_tsrmpc_001,1,wind_3p0__-z_r0.15,WIND_3D_SETPOINT,True,True,True,True,True,True,1.005,0.0758600610331791,0.7108186744757554,,,0.7142550363570478,1.9562,0.0,1.714837784905838e-16,0.039172073895010165,0.028706786255002625,0.028170775918252112
dr_tsrmpc_001,1,calm__+x_r0.25,CALM_3D_SETPOINT,True,True,True,True,True,True,2.6550000000000002,0.09119206629872169,0.462511086344932,,,0.09669029462223802,1.8582,3.3391189213638484e-07,5.617536404563755e-17,0.015871774750196545,0.015854697234220345,0.0009470648431231672
dr_tsrmpc_001,1,wind_1p5__+x_r0.25,WIND_3D_SETPOINT,True,True,True,True,True,True,2.63,0.089462688120304,0.49848440689215034,,,0.12693837197892135,1.8575,3.4761021650009383e-07,6.200928341940814e-17,0.016458088865421674,0.016458062112105105,0.0010343578488347935
dr_tsrmpc_001,1,wind_3p0__+x_r0.25,WIND_3D_SETPOINT,True,True,True,True,True,True,2.5600000000000005,0.10051468742456084,0.8701063809259078,,,0.6756267538923378,1.7596,3.162287527391783e-07,1.2830075406297748e-16,0.030738965758541396,0.030719887924512444,0.001869012281833751
dr_tsrmpc_001,1,calm__-x_r0.25,CALM_3D_SETPOINT,True,True,True,True,True,True,2.6550000000000002,0.09117986137335277,0.46300212198491314,,,0.09673853824312008,1.9325,3.3396509258043494e-07,5.774413665688787e-17,0.015865584010355024,0.015836964269060456,0.0010845765078334004
dr_tsrmpc_001,1,wind_1p5__-x_r0.25,WIND_3D_SETPOINT,True,True,True,True,True,True,2.6900000000000004,0.09685207592950588,0.43787465452879726,,,0.13140586175482002,1.8224,2.614588893168346e-07,6.898496692790657e-17,0.01825861714198227,0.01823473540650768,0.001019165838368408
dr_tsrmpc_001,1,wind_3p0__-x_r0.25,WIND_3D_SETPOINT,True,True,True,True,True,True,2.835,0.1293621510874323,0.7693146932555974,,,0.7145849494002829,1.972,2.0094627084521477e-07,1.3862380792026811e-16,0.034610039653479086,0.03459510334216945,0.001869012281833751
dr_tsrmpc_001,1,calm__+y_r0.25,CALM_3D_SETPOINT,True,True,True,True,True,True,5.34,0.15545997022509508,0.0,,,0.0111572132455739,2.0228,1.925929944387236e-34,1.6229836795803408e-19,4.677888743454644e-05,4.049052096583648e-10,4.6778887432794064e-05
dr_tsrmpc_001,1,wind_1p5__+y_r0.25,WIND_3D_SETPOINT,True,True,True,True,True,True,5.34,0.1421904785069921,0.17885817818523855,,,0.04089322811863478,2.0125,0.0,2.9097632545974144e-17,0.007077383452717386,0.007076253637876118,0.00039047778759616474
dr_tsrmpc_001,1,wind_3p0__+y_r0.25,WIND_3D_SETPOINT,True,True,True,True,True,True,5.34,0.15745480503224094,0.7127838606199314,,,0.6091502233500108,1.8692,0.0,1.137728107001972e-16,0.028878971979901913,0.028873349510326638,0.001869012281833751
dr_tsrmpc_001,1,calm__-y_r0.25,CALM_3D_SETPOINT,True,True,True,True,True,True,5.34,0.15545997022509508,0.0,,,0.0111572132455739,1.8456,1.925929944387236e-34,1.6229836795803408e-19,4.677888743454644e-05,4.049052096583648e-10,4.6778887432794064e-05
dr_tsrmpc_001,1,wind_1p5__-y_r0.25,WIND_3D_SETPOINT,True,True,True,True,True,True,5.34,0.1421904785069921,0.17885817818523855,,,0.04089322811863478,2.1236,0.0,2.9097632545974144e-17,0.007077383452717386,0.007076253637876118,0.00039047778759616474
dr_tsrmpc_001,1,wind_3p0__-y_r0.25,WIND_3D_SETPOINT,True,True,True,True,True,True,5.34,0.15745480503224094,0.7127838606199314,,,0.6091502233500108,1.9192,0.0,1.137728107001972e-16,0.028878971979901913,0.028873349510326638,0.001869012281833751
dr_tsrmpc_001,1,calm__+z_r0.25,CALM_3D_SETPOINT,True,True,True,True,True,True,1.25,0.05180510724881431,0.0,,,0.2795887855244298,1.6673,1.9721522630525295e-31,2.1578128602162728e-16,0.04618897807657106,3.9990153776698637e-07,0.046188978074839904
dr_tsrmpc_001,1,wind_1p5__+z_r0.25,WIND_3D_SETPOINT,True,True,True,True,True,True,1.25,0.054573239179468006,0.17979566349161996,,,0.3136888267174486,1.6404,0.0,1.8866885850993794e-16,0.04658779117722041,0.007167794953006985,0.04609566195127634
dr_tsrmpc_001,1,wind_3p0__+z_r0.25,WIND_3D_SETPOINT,True,True,True,True,True,True,1.25,0.08693317517902656,0.7163823645551992,,,0.8805114324950802,1.8396,0.0,2.6591658597622564e-16,0.05314955525694612,0.02922295966821912,0.04575986952435003
dr_tsrmpc_001,1,calm__-z_r0.25,CALM_3D_SETPOINT,True,True,True,True,True,True,1.25,0.05180510724881431,0.0,,,0.27958878552443345,1.6829,3.944304526105059e-31,1.8395657808079545e-16,0.046188978076571324,3.9990153776702845e-07,0.046188978074840174
dr_tsrmpc_001,1,wind_1p5__-z_r0.25,WIND_3D_SETPOINT,True,True,True,True,True,True,1.25,0.054583859570695496,0.17831982152092737,,,0.3139867890775023,1.5005,0.0,2.0924833038169555e-16,0.0467666470586165,0.007038686737248892,0.0462764352603743
dr_tsrmpc_001,1,wind_3p0__-z_r0.25,WIND_3D_SETPOINT,True,True,True,True,True,True,1.2599999999999998,0.08691303946155278,0.710779966351989,,,0.882634137770198,1.9128,0.0,2.2187231246006561e-16,0.05392028535777246,0.02867263289235272,0.046643134984636216
dr_tsrmpc_001,1,stochastic_dev_0000,WIND_3D_SETPOINT,True,True,True,True,True,True,2.0600000000000005,0.05962641191087874,0.3451400239374236,,,0.05861938118562498,1.9106,1.3877787807814457e-17,3.4645382954415644e-17,0.01108727893073417,0.011070400422354396,0.0006428452891281963
dr_tsrmpc_001,1,stochastic_dev_0001,WIND_3D_SETPOINT,True,True,True,True,True,True,2.335,0.059054227087001344,0.5561713025102157,,,0.06409600980956984,1.8614,3.469446951953614e-18,5.680382281041727e-17,0.015690571955690256,0.01565294481752852,0.001085986572707395
dr_tsrmpc_001,1,stochastic_dev_0002,WIND_3D_SETPOINT,True,True,True,True,True,True,5.335000000000001,0.08794064688524343,0.33667777605515276,,,0.024603390996344936,1.8167,3.469446951953614e-18,4.11414453983937e-17,0.010500622299444368,0.010493432616795159,0.0005617592384203403
dr_tsrmpc_001,1,stochastic_dev_0003,WIND_3D_SETPOINT,True,True,True,True,True,True,4.99,0.08631839507325767,0.24449240739496447,,,0.018765358040348103,1.8651,3.469446951953614e-18,2.171902741859578e-17,0.005945882914857523,0.005942186502238502,0.0003758685729154218
dr_tsrmpc_001,1,stochastic_dev_0004,WIND_3D_SETPOINT,True,True,True,True,True,True,1.005,0.03808897029258413,0.2997225111746575,,,0.13331096644836735,1.9207,3.469446951953614e-18,1.4776334106432682e-16,0.029043281035438556,0.006754476569163492,0.028246932923418188
dr_tsrmpc_001,1,stochastic_dev_0005,WIND_3D_SETPOINT,True,True,True,True,True,True,0.9900000000000002,0.0329465508519843,0.20687013318513678,,,0.12234963792919763,1.8619,3.469446951953614e-18,1.3725616548983252e-16,0.028552278480598443,0.006343487032494504,0.028012352548207636
dr_tsrmpc_001,1,stochastic_dev_0006,WIND_3D_SETPOINT,True,True,True,True,True,True,2.705,0.0971797949181251,0.5841710164439037,,,0.11908348072072969,1.8521,4.191394659125436e-07,5.762209629771078e-17,0.01669269627072396,0.016669408911803362,0.0009902131052748982
dr_tsrmpc_001,1,stochastic_dev_0007,WIND_3D_SETPOINT,True,True,True,True,False,True,3.005,0.0811832570006796,0.2545836926575441,,,0.10731714581233823,1.8417,6.25977620477558e-06,6.569604960610355e-17,0.01638600660455608,0.016385812799183306,0.0005538895942613037
dr_tsrmpc_001,1,stochastic_dev_0008,WIND_3D_SETPOINT,True,True,True,True,True,True,5.34,0.1423150206382747,0.1840483734059576,,,0.03279628622040892,1.7451,6.938893903907228e-18,2.992209662686544e-17,0.009413255086469459,0.009409276221464258,0.0004082637255624937
dr_tsrmpc_001,1,stochastic_dev_0009,WIND_3D_SETPOINT,True,True,True,True,True,True,5.359999999999999,0.14128986829491919,0.10231573629050109,,,0.010070710843637136,1.9731,8.673617379884035e-19,1.1585601994753553e-17,0.0030187046466707453,0.003011581724931558,0.0002083199580489191
dr_tsrmpc_001,1,stochastic_dev_0010,WIND_3D_SETPOINT,True,True,True,True,True,True,1.665,0.06214288045658291,0.5196283018363221,,,0.32564889149550225,2.1476,1.3877787807814457e-17,2.0296228200128754e-16,0.04645340738832704,0.01791526681983539,0.04633793928827084
dr_tsrmpc_001,1,stochastic_dev_0011,WIND_3D_SETPOINT,True,True,True,True,True,True,1.25,0.05223433549740333,0.10634426594869623,,,0.2825028463488681,2.0787,3.469446951953614e-18,2.266645574799454e-16,0.04645567427663589,0.003302393458573353,0.046395654078730385
dr_tsrmpc_001,1,stochastic_dev_0012,WIND_3D_SETPOINT,True,True,True,True,True,True,2.1799999999999997,0.053837095697056754,0.2646656894852268,,,0.0449914210248263,2.4142,1.3663552678178092e-07,3.3166170379521146e-17,0.009404885807630778,0.009392948101491381,0.0005325158339302278
dr_tsrmpc_001,1,stochastic_dev_0013,WIND_3D_SETPOINT,True,True,True,True,True,True,2.5,0.05738433494775838,0.3824699426781601,,,0.05472620157380968,1.6883,9.717480797810651e-08,4.609404223729318e-17,0.012861691074224387,0.01284485854953183,0.0007062232677559669
dr_tsrmpc_001,1,stochastic_dev_0014,WIND_3D_SETPOINT,True,True,True,True,True,True,4.995,0.08745951058859522,0.27577632942366,,,0.023779559636529106,2.0494,6.938893903907228e-18,3.018045473048753e-17,0.007838568377256244,0.007823569654396473,0.0005046584750298667
dr_tsrmpc_001,1,stochastic_dev_0015,WIND_3D_SETPOINT,True,True,True,True,True,True,4.985,0.08554356219584516,0.14447710914553827,,,0.014873467932178808,1.8254,1.734723475976807e-18,2.3142284620716558e-17,0.005657644439452203,0.005649717579711034,0.000304182741774994
dr_tsrmpc_001,1,stochastic_dev_0016,WIND_3D_SETPOINT,True,True,True,True,True,True,1.04,0.0327626103963395,0.24051016941885173,,,0.12370813684682347,1.872,1.734723475976807e-18,1.4446814577500932e-16,0.02808853001613507,0.006690947641907534,0.027880694492354387
dr_tsrmpc_001,1,stochastic_dev_0017,WIND_3D_SETPOINT,True,True,True,True,True,True,1.005,0.03720293755696527,0.18661172757592356,,,0.14439380583413733,1.7081,6.938893903907228e-18,1.5989121631978858e-16,0.028249986073240498,0.007956054728652419,0.027909063412640708
dr_tsrmpc_001,1,stochastic_dev_0018,WIND_3D_SETPOINT,True,True,True,True,True,True,3.7250000000000005,0.09661349384830481,0.5269284457988641,,,0.10469878593518347,1.8709,3.624316503580971e-07,6.020913559355765e-17,0.016198872942111624,0.016198635733551115,0.0011342919193346392
dr_tsrmpc_001,1,stochastic_dev_0019,WIND_3D_SETPOINT,True,True,True,True,True,True,2.49,0.08775001542832386,0.5562651972867684,,,0.10946160146692574,1.9757,3.328938499302936e-07,5.491445528224931e-17,0.015792764088196198,0.015792737462504758,0.0010744448279012531
dr_tsrmpc_001,1,ramp_dev_0_to_3p0,RAMP_WIND_EQUILIBRIUM_HOLD,True,True,True,True,True,True,0.0,0.05096794355289688,0.35414966576278595,0.08849819468914359,0.07301984819289327,0.2580823432200785,1.9496,8.758115402030107e-47,1.0280801146602726e-16,0.02751480780182769,0.027511362185397455,0.0007798168128723674
dr_tsrmpc_005,2,calm__+x_r0.15,CALM_3D_SETPOINT,True,True,True,True,True,True,2.15,0.05423361311145642,0.2636670982303469,,,0.03993345022223623,1.9863,8.758115402030107e-47,3.380579606262287e-17,0.009782780297340228,0.009782765892410042,0.000537697109949179
dr_tsrmpc_005,2,wind_1p5__+x_r0.15,WIND_3D_SETPOINT,True,True,True,True,True,True,2.0949999999999998,0.05306836341277005,0.3276260126576131,,,0.0720880402041691,2.0156,1.3877787807814457e-17,4.407638748137159e-17,0.011298507113207719,0.01129846044214082,0.0006211307334987855
dr_tsrmpc_005,2,wind_3p0__+x_r0.15,WIND_3D_SETPOINT,True,True,True,True,True,True,1.92,0.07591240628060168,0.7734601706757683,,,0.6293708210147717,2.0377,1.3877787807814457e-17,1.1917422137989872e-16,0.029595391014009983,0.02958354511708049,0.00184846936242481
dr_tsrmpc_005,2,calm__-x_r0.15,CALM_3D_SETPOINT,True,True,True,True,True,True,2.15,0.05422840019943447,0.26387958068165795,,,0.039939053343797486,2.0951,8.758115402030107e-47,3.39029149738932e-17,0.009779873998328782,0.009779831546640786,0.0006147983141001193
dr_tsrmpc_005,2,wind_1p5__-x_r0.15,WIND_3D_SETPOINT,True,True,True,True,True,True,2.1850000000000005,0.061048562879917445,0.27922632222255095,,,0.0755410035036422,2.0095,6.938893903907228e-18,5.093216842612246e-17,0.012255981573444659,0.012245273939556225,0.0005686551837362208
dr_tsrmpc_005,2,wind_3p0__-x_r0.15,WIND_3D_SETPOINT,True,True,True,True,True,True,2.4299999999999997,0.10036241270559647,0.7139495597941605,,,0.6538279395025892,1.9186,0.0,1.219670978111193e-16,0.03081110389668663,0.030804331709304328,0.00184846936242481
dr_tsrmpc_005,2,calm__+y_r0.15,CALM_3D_SETPOINT,True,True,True,True,True,True,4.955,0.09327564472024619,0.0,,,0.004016286707764589,1.9455,9.62964972193618e-35,4.296037051905129e-20,1.684028208401738e-05,1.4576486069578683e-10,1.684028208338653e-05
dr_tsrmpc_005,2,wind_1p5__+y_r0.15,WIND_3D_SETPOINT,True,True,True,True,True,True,4.955,0.08641698863138976,0.17670100364970387,,,0.03677502986525248,1.9261,0.0,2.7969066293879695e-17,0.007062051538141868,0.0070609862502090046,0.00038652799519408123
dr_tsrmpc_005,2,wind_3p0__+y_r0.15,WIND_3D_SETPOINT,True,True,True,True,True,True,4.955,0.10980331248609432,0.7056126091303478,,,0.6055586062298699,1.9937,0.0,1.1510598495223932e-16,0.02883990552782634,0.028834452537966,0.00184846936242481
dr_tsrmpc_005,2,calm__-y_r0.15,CALM_3D_SETPOINT,True,True,True,True,True,True,4.955,0.09327564472024619,0.0,,,0.004016286707764589,2.1713,9.62964972193618e-35,4.296037051905129e-20,1.684028208401738e-05,1.4576486069578683e-10,1.684028208338653e-05
dr_tsrmpc_005,2,wind_1p5__-y_r0.15,WIND_3D_SETPOINT,True,True,True,True,True,True,4.955,0.08641698863138976,0.17670100364970387,,,0.03677502986525248,2.0317,0.0,2.7969066293879695e-17,0.007062051538141868,0.0070609862502090046,0.00038652799519408123
dr_tsrmpc_005,2,wind_3p0__-y_r0.15,WIND_3D_SETPOINT,True,True,True,True,True,True,4.955,0.10980331248609432,0.7056126091303478,,,0.6055586062298699,1.6097,0.0,1.1510598495223932e-16,0.02883990552782634,0.028834452537966,0.00184846936242481
dr_tsrmpc_005,2,calm__+z_r0.15,CALM_3D_SETPOINT,True,True,True,True,True,True,0.99,0.029780750412311516,0.0,,,0.11217005724800687,1.6935,1.9721522630525295e-31,1.369609075743664e-16,0.027713397904178566,2.3994101840752005e-07,0.027713397903139866
dr_tsrmpc_005,2,wind_1p5__+z_r0.15,WIND_3D_SETPOINT,True,True,True,True,True,True,0.9900000000000002,0.034383662249595784,0.17721905470878088,,,0.14656244849796454,2.0385,0.0,1.5730640863653561e-16,0.028435241420952162,0.007114288155727618,0.027621585402931255
dr_tsrmpc_005,2,wind_3p0__+z_r0.15,WIND_3D_SETPOINT,True,True,True,True,True,True,1.0099999999999998,0.07597548178278712,0.7076553018487829,,,0.7149681745664642,1.7582,0.0,1.7332468502502732e-16,0.0385534157739187,0.029034395254323237,0.027284765421200223
dr_tsrmpc_005,2,calm__-z_r0.15,CALM_3D_SETPOINT,True,True,True,True,True,True,0.99,0.029780750412311496,0.0,,,0.11217005724800738,1.7289,1.9721522630525295e-31,1.584851839102126e-16,0.027713397904178837,2.399410184074853e-07,0.027713397903140136
dr_tsrmpc_005,2,wind_1p5__-z_r0.15,WIND_3D_SETPOINT,True,True,True,True,True,True,0.9900000000000002,0.034391450170686594,0.17632951357389975,,,0.1465845650996938,1.7904,0.0,1.3586554209314922e-16,0.02861051531418233,0.007031153187415652,0.027801993019377042
dr_tsrmpc_005,2,wind_3p0__-z_r0.15,WIND_3D_SETPOINT,True,True,True,True,True,True,1.005,0.07597831228112661,0.703985382999421,,,0.7153714280417957,1.6848,0.0,1.6991370163768555e-16,0.03916763412431185,0.028679684437463545,0.02816919715737161
dr_tsrmpc_005,2,calm__+x_r0.25,CALM_3D_SETPOINT,True,True,True,True,True,True,2.6350000000000002,0.09132221860478364,0.44360553022905497,,,0.0961677292679326,1.6419,3.8853537964733675e-07,5.397748170788608e-17,0.015665581883176165,0.01564898365308561,0.0009037116085937322
dr_tsrmpc_005,2,wind_1p5__+x_r0.25,WIND_3D_SETPOINT,True,True,True,True,True,True,2.6100000000000003,0.08918279714869817,0.4788046434949132,,,0.12625714863371126,1.6578,4.036161325160492e-07,6.333812515139398e-17,0.016408351069660685,0.016408321796831833,0.0009867953424461168
dr_tsrmpc_005,2,wind_3p0__+x_r0.25,WIND_3D_SETPOINT,True,True,True,True,True,True,2.5200000000000005,0.09918461764556155,0.8497621919246133,,,0.6746751325372603,1.6404,3.761775484445451e-07,1.2386876449308965e-16,0.030581424451905977,0.030565336586762623,0.00184846936242481
dr_tsrmpc_005,2,calm__-x_r0.25,CALM_3D_SETPOINT,True,True,True,True,True,True,2.6350000000000002,0.09130804005845596,0.4440643153366492,,,0.09621653405974788,1.8298,3.885901519451451e-07,5.725380686988887e-17,0.015662063773420956,0.015634403554909363,0.001073977680112071
dr_tsrmpc_005,2,wind_1p5__-x_r0.25,WIND_3D_SETPOINT,True,True,True,True,True,True,2.675,0.09746428107910521,0.4256697073930842,,,0.13117902303560366,1.8758,2.975505478675089e-07,6.998061403482574e-17,0.018190133320740987,0.018166594035891267,0.001016843890862212
dr_tsrmpc_005,2,wind_3p0__-x_r0.25,WIND_3D_SETPOINT,True,True,True,True,True,True,2.83,0.13082226609195638,0.7639876374694308,,,0.7154301063179553,1.6553,2.339847938737094e-07,1.4141702980603225e-16,0.03471229351154993,0.0346966007660398,0.00184846936242481
dr_tsrmpc_005,2,calm__+y_r0.25,CALM_3D_SETPOINT,True,True,True,True,True,True,5.34,0.15545997022509508,0.0,,,0.0111572132455739,1.6689,1.925929944387236e-34,1.1084477543609074e-19,4.677888743454644e-05,4.04905209657713e-10,4.6778887432794064e-05
dr_tsrmpc_005,2,wind_1p5__+y_r0.25,WIND_3D_SETPOINT,True,True,True,True,True,True,5.34,0.14219239467249964,0.1767022456699422,,,0.04092638489470982,1.6123,0.0,2.7969066293879695e-17,0.007062058175212609,0.007060986919883505,0.00038652799519408123
dr_tsrmpc_005,2,wind_3p0__+y_r0.25,WIND_3D_SETPOINT,True,True,True,True,True,True,5.34,0.1575022266658658,0.7056249228667996,,,0.6097441259011365,1.6593,0.0,1.1526747817654465e-16,0.028839945209612677,0.028834486201510245,0.00184846936242481
dr_tsrmpc_005,2,calm__-y_r0.25,CALM_3D_SETPOINT,True,True,True,True,True,True,5.34,0.15545997022509508,0.0,,,0.0111572132455739,1.6381,1.925929944387236e-34,1.1084477543609074e-19,4.677888743454644e-05,4.04905209657713e-10,4.6778887432794064e-05
dr_tsrmpc_005,2,wind_1p5__-y_r0.25,WIND_3D_SETPOINT,True,True,True,True,True,True,5.34,0.14219239467249964,0.1767022456699422,,,0.04092638489470982,1.7206,0.0,2.7969066293879695e-17,0.007062058175212609,0.007060986919883505,0.00038652799519408123
dr_tsrmpc_005,2,wind_3p0__-y_r0.25,WIND_3D_SETPOINT,True,True,True,True,True,True,5.34,0.1575022266658658,0.7056249228667996,,,0.6097441259011365,1.9963,0.0,1.1526747817654465e-16,0.028839945209612677,0.028834486201510245,0.00184846936242481
dr_tsrmpc_005,2,calm__+z_r0.25,CALM_3D_SETPOINT,True,True,True,True,True,True,1.25,0.05180510724881431,0.0,,,0.2795887855244298,1.8238,1.9721522630525295e-31,1.9355068619863064e-16,0.04618897807657107,3.999015377669991e-07,0.04618897807483991
dr_tsrmpc_005,2,wind_1p5__+z_r0.25,WIND_3D_SETPOINT,True,True,True,True,True,True,1.25,0.054571959016103094,0.177504035550322,,,0.31346600123084034,1.8045,0.0,1.9304664362333405e-16,0.04658802501277318,0.007149858640891054,0.04609590588922456
dr_tsrmpc_005,2,wind_3p0__+z_r0.25,WIND_3D_SETPOINT,True,True,True,True,True,True,1.25,0.08699068350007275,0.7087238417934105,,,0.8799848014210161,1.6949,0.0,2.385192328301229e-16,0.0531428805076982,0.029162450794161097,0.04575460976148546
dr_tsrmpc_005,2,calm__-z_r0.25,CALM_3D_SETPOINT,True,True,True,True,True,True,1.25,0.05180510724881431,0.0,,,0.2795887855244335,1.7365,1.9721522630525295e-31,2.089171553693413e-16,0.046188978076571324,3.9990153776701056e-07,0.046188978074840174
dr_tsrmpc_005,2,wind_1p5__-z_r0.25,WIND_3D_SETPOINT,True,True,True,True,True,True,1.25,0.05459495739812177,0.17629058585737412,,,0.31425119893596976,1.7642,0.0,1.9788082321169584e-16,0.046766585972768004,0.0070332160487674,0.046276367249498226
dr_tsrmpc_005,2,wind_3p0__-z_r0.25,WIND_3D_SETPOINT,True,True,True,True,True,True,1.2599999999999998,0.08702717865857866,0.7042135787088536,,,0.8840289497963976,1.6963,0.0,2.373067926609053e-16,0.053915457679903744,0.028664165545988947,0.046641453618728165
dr_tsrmpc_005,2,stochastic_dev_0000,WIND_3D_SETPOINT,True,True,True,True,True,True,2.0949999999999998,0.05977108928991824,0.33734750523898466,,,0.058888396437165494,1.7093,1.3877787807814457e-17,3.8641789223277904e-17,0.010948085046916876,0.010931647220725612,0.0006346698511000767
dr_tsrmpc_005,2,stochastic_dev_0001,WIND_3D_SETPOINT,True,True,True,True,True,True,2.3,0.058672250192643466,0.5383863038478616,,,0.06405123087796476,1.7147,8.673617379884035e-19,5.4996471511631525e-17,0.015589220742995123,0.015551898336511851,0.0010780823273894645
dr_tsrmpc_005,2,stochastic_dev_0002,WIND_3D_SETPOINT,True,True,True,True,True,True,5.33,0.08779855096552491,0.3278698892335482,,,0.024605293429189556,1.7263,3.469446951953614e-18,4.139280828505731e-17,0.010488133782333917,0.010481035977018587,0.0005500208790484139
dr_tsrmpc_005,2,stochastic_dev_0003,WIND_3D_SETPOINT,True,True,True,True,True,True,4.985,0.08626121925698453,0.24238917080943448,,,0.019019831559249942,1.7131,3.469446951953614e-18,2.174188695803948e-17,0.006024903133284763,0.006021177314502109,0.0003741616701761459
dr_tsrmpc_005,2,stochastic_dev_0004,WIND_3D_SETPOINT,True,True,True,True,True,True,1.005,0.03781205081921356,0.29362772051607944,,,0.13325563905714705,1.7556,3.469446951953614e-18,1.5097463184850083e-16,0.029003990427703054,0.006632376126205377,0.028235492693608717
dr_tsrmpc_005,2,stochastic_dev_0005,WIND_3D_SETPOINT,True,True,True,True,True,True,0.9849999999999999,0.03283868202861633,0.20125426555532777,,,0.12249635298749888,1.7983,3.469446951953614e-18,1.3818763807582114e-16,0.028532494992404886,0.006295953548628148,0.028005207691692943
dr_tsrmpc_005,2,stochastic_dev_0006,WIND_3D_SETPOINT,True,True,True,True,True,True,2.6850000000000005,0.0971188244463315,0.5617629125455836,,,0.11866089334649699,1.7648,4.787350458279604e-07,5.783289776161023e-17,0.01648888217286226,0.01646602290855512,0.0009405750334391885
dr_tsrmpc_005,2,stochastic_dev_0007,WIND_3D_SETPOINT,True,True,True,True,False,True,3.1000000000000005,0.08160217127369654,0.24629589309363897,,,0.10810409323655432,1.7169,6.395736451225709e-06,7.25087401871779e-17,0.016370266266503803,0.01637006526137135,0.000538147541296208
dr_tsrmpc_005,2,stochastic_dev_0008,WIND_3D_SETPOINT,True,True,True,True,True,True,5.34,0.14229874118781305,0.18257690651190384,,,0.03342470710024873,1.6588,6.938893903907228e-18,2.8541271721608736e-17,0.009315999048910083,0.009312165967037211,0.0004032194617474655
dr_tsrmpc_005,2,stochastic_dev_0009,WIND_3D_SETPOINT,True,True,True,True,True,True,5.359999999999999,0.14128327676272556,0.10063083662663158,,,0.010182129516229824,1.675,8.673617379884035e-19,1.2072734686406499e-17,0.0030236338984165004,0.003016565388870924,0.00020742391765238324
dr_tsrmpc_005,2,stochastic_dev_0010,WIND_3D_SETPOINT,True,True,True,True,True,True,1.6150000000000002,0.061779753056070426,0.5098604555170126,,,0.32702886336526943,1.7709,3.469446951953614e-18,2.0755568924472778e-16,0.04646997722338236,0.017942792992959276,0.046343031570644254
dr_tsrmpc_005,2,stochastic_dev_0011,WIND_3D_SETPOINT,True,True,True,True,True,True,1.25,0.052232906368502134,0.1064550862296644,,,0.282590944417665,1.7061,1.734723475976807e-18,2.3098131191920123e-16,0.04646150370479686,0.003327110013726138,0.04639250245876616
dr_tsrmpc_005,2,stochastic_dev_0012,WIND_3D_SETPOINT,True,True,True,True,True,True,2.1450000000000005,0.053884030691417686,0.25366510114981766,,,0.044898661114167106,1.7512,1.5855760149285913e-07,3.215577842827831e-17,0.009284632929283734,0.00927299499150711,0.0005272729725342082
dr_tsrmpc_005,2,stochastic_dev_0013,WIND_3D_SETPOINT,True,True,True,True,True,True,2.4699999999999998,0.057269797540662956,0.36788259075152197,,,0.05443562507904714,1.7962,1.249210312970206e-07,4.666548646636809e-17,0.012796990560217306,0.012780393499531488,0.0007044259693923183
dr_tsrmpc_005,2,stochastic_dev_0014,WIND_3D_SETPOINT,True,True,True,True,True,True,4.99,0.0873359243256617,0.2678652614637455,,,0.0240482464720002,1.7775,6.938893903907228e-18,2.944632164965119e-17,0.0077178408809440826,0.007703153599341311,0.0004964920518475134
dr_tsrmpc_005,2,stochastic_dev_0015,WIND_3D_SETPOINT,True,True,True,True,True,True,4.985,0.0855243480931359,0.14450119017372495,,,0.015208765234778565,1.8035,3.469446951953614e-18,2.3833046820526535e-17,0.005733264634504266,0.005725238564548603,0.0003082560700587438
dr_tsrmpc_005,2,stochastic_dev_0016,WIND_3D_SETPOINT,True,True,True,True,True,True,1.0350000000000001,0.03264774061303768,0.23582476081489606,,,0.12385318227125842,1.7489,1.734723475976807e-18,1.3550027011475546e-16,0.02809526359642833,0.006751660728183833,0.027883998290035985
dr_tsrmpc_005,2,stochastic_dev_0017,WIND_3D_SETPOINT,True,True,True,True,True,True,1.005,0.0371837940749153,0.18727076498160977,,,0.14518587709484274,1.713,3.469446951953614e-18,1.596642507872125e-16,0.02825019421815093,0.0080625506948558,0.0279063601531528
dr_tsrmpc_005,2,stochastic_dev_0018,WIND_3D_SETPOINT,True,True,True,True,True,True,3.5200000000000005,0.09666232584591053,0.5078171409854544,,,0.10382839577587046,1.7479,4.18594786277815e-07,6.109648545205604e-17,0.01613258871954491,0.016132337045694587,0.0010883768094344997
dr_tsrmpc_005,2,stochastic_dev_0019,WIND_3D_SETPOINT,True,True,True,True,True,True,2.4699999999999998,0.08768219714860596,0.5338983205225042,,,0.10908515465839157,1.8507,3.8358726028864254e-07,5.542224706950959e-17,0.01570325591438752,0.015703228796078383,0.0010590280424821435
dr_tsrmpc_005,2,ramp_dev_0_to_3p0,RAMP_WIND_EQUILIBRIUM_HOLD,True,True,True,True,True,True,0.0,0.05160585864604419,0.3543624898157192,0.08912688210782237,0.07423089905236466,0.25836014592649414,1.8947,3.3881317890172014e-21,1.0548975428220189e-16,0.027515972716069776,0.02751245988704257,0.0007774233472337266
dr_tsrmpc_003,3,calm__+x_r0.15,CALM_3D_SETPOINT,True,True,True,True,True,True,2.205,0.05420750079540256,0.2727708645254874,,,0.03944397178948461,1.6638,0.0,3.6187449021557046e-17,0.00974642891879638,0.009746414454567384,0.000537330225831521
dr_tsrmpc_003,3,wind_1p5__+x_r0.15,WIND_3D_SETPOINT,True,True,True,True,True,True,2.17,0.053440577903358086,0.33882622274248503,,,0.07169479274285195,1.6603,1.3877787807814457e-17,4.3513520053296415e-17,0.011256335653811254,0.011256284931082045,0.0006453627726942127
dr_tsrmpc_003,3,wind_3p0__+x_r0.15,WIND_3D_SETPOINT,True,True,True,True,True,True,2.08,0.07723101487026124,0.787093100849793,,,0.6286383070059511,1.6691,1.3877787807814457e-17,1.2174105038284607e-16,0.02966700545875262,0.029653947353436523,0.0018642552347049592
dr_tsrmpc_003,3,calm__-x_r0.15,CALM_3D_SETPOINT,True,True,True,True,True,True,2.205,0.0542030714329622,0.2729912711890834,,,0.03944970429784993,1.6269,3.469446951953614e-18,3.263005751788268e-17,0.009743531156966962,0.009743488722621653,0.0006147597441759589
dr_tsrmpc_003,3,wind_1p5__-x_r0.15,WIND_3D_SETPOINT,True,True,True,True,True,True,2.165,0.06068748643526326,0.2826460285571659,,,0.0748237205270303,1.5791,1.3877787807814457e-17,4.8947205708977994e-17,0.012204329207098782,0.012204111264123954,0.00055667737483722
dr_tsrmpc_003,3,wind_3p0__-x_r0.15,WIND_3D_SETPOINT,True,True,True,True,True,True,2.3899999999999997,0.0998651172089998,0.7165283036542012,,,0.6517635117510528,1.7787,0.0,1.213771972961347e-16,0.030611998144414967,0.030606071821742468,0.0018642552347049592
dr_tsrmpc_003,3,calm__+y_r0.15,CALM_3D_SETPOINT,True,True,True,True,True,True,4.955,0.09327564472024619,0.0,,,0.00401628670776459,1.6035,4.81482486096809e-35,6.111129333620283e-20,1.684028208401743e-05,1.4576486069581896e-10,1.684028208338658e-05
dr_tsrmpc_003,3,wind_1p5__+y_r0.15,WIND_3D_SETPOINT,True,True,True,True,True,True,4.955,0.08644066205379548,0.17877054526128755,,,0.03671096769300443,1.6797,0.0,2.7459229832996307e-17,0.007069861159826078,0.007068789758771707,0.0003897745280830107
dr_tsrmpc_003,3,wind_3p0__+y_r0.15,WIND_3D_SETPOINT,True,True,True,True,True,True,4.955,0.11007867285996444,0.712244718113534,,,0.6046508550047367,1.7253,0.0,1.1396804724338225e-16,0.028849999361000942,0.02884463193954702,0.0018642552347049592
dr_tsrmpc_003,3,calm__-y_r0.15,CALM_3D_SETPOINT,True,True,True,True,True,True,4.955,0.09327564472024619,0.0,,,0.00401628670776459,1.6856,4.81482486096809e-35,6.111129333620283e-20,1.684028208401743e-05,1.4576486069581896e-10,1.684028208338658e-05
dr_tsrmpc_003,3,wind_1p5__-y_r0.15,WIND_3D_SETPOINT,True,True,True,True,True,True,4.955,0.08644066205379548,0.17877054526128755,,,0.03671096769300443,1.688,0.0,2.7459229832996307e-17,0.007069861159826078,0.007068789758771707,0.0003897745280830107
dr_tsrmpc_003,3,wind_3p0__-y_r0.15,WIND_3D_SETPOINT,True,True,True,True,True,True,4.955,0.11007867285996444,0.712244718113534,,,0.6046508550047367,1.7388,0.0,1.1396804724338225e-16,0.028849999361000942,0.02884463193954702,0.0018642552347049592
dr_tsrmpc_003,3,calm__+z_r0.15,CALM_3D_SETPOINT,True,True,True,True,True,True,0.99,0.029780750412311516,0.0,,,0.11217005724800687,1.6984,1.9721522630525295e-31,1.6519980911431062e-16,0.027713397904178566,2.3994101840748675e-07,0.027713397903139866
dr_tsrmpc_003,3,wind_1p5__+z_r0.15,WIND_3D_SETPOINT,True,True,True,True,True,True,0.9900000000000002,0.03445068797138126,0.17939392115499195,,,0.14671732953226302,1.7575,0.0,1.3919314238994007e-16,0.028435002301495777,0.0071240673052533725,0.027621337746671453
dr_tsrmpc_003,3,wind_3p0__+z_r0.15,WIND_3D_SETPOINT,True,True,True,True,True,True,1.0149999999999997,0.07639422843074317,0.7146662482087721,,,0.71503618015217,1.6433,0.0,1.9984583978399684e-16,0.038548361254048695,0.02905659729114455,0.027287650456444157
dr_tsrmpc_003,3,calm__-z_r0.15,CALM_3D_SETPOINT,True,True,True,True,True,True,0.99,0.029780750412311496,0.0,,,0.11217005724800738,1.657,1.9721522630525295e-31,1.2871620761764025e-16,0.027713397904178837,2.399410184074646e-07,0.027713397903140136
dr_tsrmpc_003,3,wind_1p5__-z_r0.15,WIND_3D_SETPOINT,True,True,True,True,True,True,0.9900000000000002,0.034443110322192994,0.1782929129471643,,,0.1463445831826671,1.6224,0.0,1.3025972634009223e-16,0.028610630251220067,0.0070277251648175705,0.027802123163065306
dr_tsrmpc_003,3,wind_3p0__-z_r0.15,WIND_3D_SETPOINT,True,True,True,True,True,True,1.0099999999999998,0.07635370835668022,0.7101968320423845,,,0.7137765891317644,1.6006,0.0,1.7119622040125513e-16,0.03916280130683739,0.028671807189438334,0.02817001061564112
dr_tsrmpc_003,3,calm__+x_r0.25,CALM_3D_SETPOINT,True,True,True,True,True,True,2.66,0.09128394051063941,0.45880552085905474,,,0.09489358417630435,1.7687,2.4640824614063916e-07,5.460190052932498e-17,0.01569855876627126,0.015681695191824892,0.0009367471175590184
dr_tsrmpc_003,3,wind_1p5__+x_r0.25,WIND_3D_SETPOINT,True,True,True,True,True,True,2.6399999999999997,0.08950732229638549,0.4956833467947752,,,0.12519084497854485,1.6357,3.6431472782982866e-07,6.324502570510549e-17,0.016322378501553537,0.016322347054110568,0.001025276568457944
dr_tsrmpc_003,3,wind_3p0__+x_r0.25,WIND_3D_SETPOINT,True,True,True,True,True,True,2.5650000000000004,0.10063960205430258,0.8686080704580476,,,0.6737223472082572,1.6688,3.328906079680394e-07,1.2409375916874901e-16,0.030653959123341717,0.0306355956438511,0.0018642552347049592
dr_tsrmpc_003,3,calm__-x_r0.25,CALM_3D_SETPOINT,True,True,True,True,True,True,2.66,0.09127193974226706,0.45930025361946925,,,0.09494360825417206,1.758,2.466151097779701e-07,5.4761453756213424e-17,0.01569359014230542,0.015665421340449966,0.0010707064191534093
dr_tsrmpc_003,3,wind_1p5__-x_r0.25,WIND_3D_SETPOINT,True,True,True,True,True,True,2.6950000000000003,0.09703892177818879,0.43400724659672735,,,0.12963372564098788,2.0326,1.1714641301452389e-07,6.690316946448501e-17,0.01807676298267782,0.01805337084926468,0.0010036980089012982
dr_tsrmpc_003,3,wind_3p0__-x_r0.25,WIND_3D_SETPOINT,True,True,True,True,True,True,2.84,0.1299880376500699,0.7663947434426088,,,0.7123901047402095,1.919,4.681428211750216e-08,1.3741519403463822e-16,0.034436790095610265,0.034422281212599194,0.0018642552347049592
dr_tsrmpc_003,3,calm__+y_r0.25,CALM_3D_SETPOINT,True,True,True,True,True,True,5.34,0.15545997022509508,0.0,,,0.0111572132455739,1.9866,1.925929944387236e-34,1.3559623623683308e-19,4.677888743454644e-05,4.0490520965704313e-10,4.6778887432794064e-05
dr_tsrmpc_003,3,wind_1p5__+y_r0.25,WIND_3D_SETPOINT,True,True,True,True,True,True,5.34,0.1422068683361658,0.1787717781490821,,,0.040862458665771484,1.9342,0.0,2.76685938878971e-17,0.0070698690524706705,0.007068790744841869,0.0003897745280830107
dr_tsrmpc_003,3,wind_3p0__+y_r0.25,WIND_3D_SETPOINT,True,True,True,True,True,True,5.34,0.15769485908207043,0.7122568841513646,,,0.6088358524244801,1.9527,0.0,1.1546834758049478e-16,0.028850047546917362,0.028844673185610827,0.0018642552347049592
dr_tsrmpc_003,3,calm__-y_r0.25,CALM_3D_SETPOINT,True,True,True,True,True,True,5.34,0.15545997022509508,0.0,,,0.0111572132455739,1.8309,1.925929944387236e-34,1.3559623623683308e-19,4.677888743454644e-05,4.0490520965704313e-10,4.6778887432794064e-05
dr_tsrmpc_003,3,wind_1p5__-y_r0.25,WIND_3D_SETPOINT,True,True,True,True,True,True,5.34,0.1422068683361658,0.1787717781490821,,,0.040862458665771484,1.7489,0.0,2.76685938878971e-17,0.0070698690524706705,0.007068790744841869,0.0003897745280830107
dr_tsrmpc_003,3,wind_3p0__-y_r0.25,WIND_3D_SETPOINT,True,True,True,True,True,True,5.34,0.15769485908207043,0.7122568841513646,,,0.6088358524244801,1.7769,0.0,1.1546834758049478e-16,0.028850047546917362,0.028844673185610827,0.0018642552347049592
dr_tsrmpc_003,3,calm__+z_r0.25,CALM_3D_SETPOINT,True,True,True,True,True,True,1.25,0.05180510724881431,0.0,,,0.27958878552442984,1.8355,3.944304526105059e-31,2.108576248352676e-16,0.04618897807657106,3.9990153776701236e-07,0.046188978074839904
dr_tsrmpc_003,3,wind_1p5__+z_r0.25,WIND_3D_SETPOINT,True,True,True,True,True,True,1.25,0.05461778573604335,0.1797438823103798,,,0.3137471602543319,1.7663,0.0,1.8011368899187788e-16,0.04658773726318601,0.007161771260005877,0.046095611365298196
dr_tsrmpc_003,3,wind_3p0__+z_r0.25,WIND_3D_SETPOINT,True,True,True,True,True,True,1.25,0.08737036040752001,0.7159594077715007,,,0.8805378559022359,1.8399,0.0,2.906851558842228e-16,0.05314794601613647,0.029200549691245244,0.04575878387214414
dr_tsrmpc_003,3,calm__-z_r0.25,CALM_3D_SETPOINT,True,True,True,True,True,True,1.25,0.05180510724881431,0.0,,,0.2795887855244335,1.8421,1.9721522630525295e-31,2.5598813099741027e-16,0.046188978076571324,3.999015377670111e-07,0.046188978074840174
dr_tsrmpc_003,3,wind_1p5__-z_r0.25,WIND_3D_SETPOINT,True,True,True,True,True,True,1.25,0.054624180425208564,0.17819917086678905,,,0.313918168780028,1.6769,0.0,2.2558677564391824e-16,0.046766685853372514,0.007027187918850523,0.046276475342710274
dr_tsrmpc_003,3,wind_3p0__-z_r0.25,WIND_3D_SETPOINT,True,True,True,True,True,True,1.2599999999999998,0.08734234526507559,0.710084999002178,,,0.8820474685710857,1.8061,0.0,2.7023964559275713e-16,0.05391661564877671,0.028632247142739035,0.04664243521697744
dr_tsrmpc_003,3,stochastic_dev_0000,WIND_3D_SETPOINT,True,True,True,True,True,True,2.0700000000000003,0.05975550015482792,0.34335363383478673,,,0.05766364845133984,1.8913,1.3877787807814457e-17,3.617977579017954e-17,0.010995430967228978,0.010978764201756096,0.0006368051762216948
dr_tsrmpc_003,3,stochastic_dev_0001,WIND_3D_SETPOINT,True,True,True,True,True,True,2.335,0.05904658930262646,0.5527256954693203,,,0.06301432702057583,1.7891,1.734723475976807e-18,5.0996754090558866e-17,0.015504831515998296,0.015467721431580976,0.0010744164309261694
dr_tsrmpc_003,3,stochastic_dev_0002,WIND_3D_SETPOINT,True,True,True,True,True,True,5.345000000000001,0.08797841745415781,0.3364426218461508,,,0.02444997058619326,1.9782,3.469446951953614e-18,4.201659299760597e-17,0.010465082347888316,0.01045798709305159,0.0005644547890938043
dr_tsrmpc_003,3,stochastic_dev_0003,WIND_3D_SETPOINT,True,True,True,True,True,True,4.995,0.08633702554800866,0.2435331970256182,,,0.01854996551538226,1.9203,1.734723475976807e-18,2.094047832439825e-17,0.005906214106984833,0.0059026285222538505,0.000375829945726103
dr_tsrmpc_003,3,stochastic_dev_0004,WIND_3D_SETPOINT,True,True,True,True,True,True,1.005,0.03816017893102399,0.299590778154943,,,0.13315385210712663,1.7116,3.469446951953614e-18,1.3290973573641134e-16,0.029044581989808842,0.0067587289843093245,0.028247253414790358
dr_tsrmpc_003,3,stochastic_dev_0005,WIND_3D_SETPOINT,True,True,True,True,True,True,0.9900000000000002,0.032970851566014626,0.20637635775783306,,,0.122209213749095,1.7541,3.469446951953614e-18,1.5762086234312646e-16,0.0285391557413523,0.006330793060096113,0.028008818575184842
dr_tsrmpc_003,3,stochastic_dev_0006,WIND_3D_SETPOINT,True,True,True,True,True,True,2.71,0.09730247220685934,0.5799776136248364,,,0.1170472683018636,1.6926,4.2723928495025376e-07,6.144118167215332e-17,0.01652110397848163,0.01649810059543978,0.0009809051697682147
dr_tsrmpc_003,3,stochastic_dev_0007,WIND_3D_SETPOINT,True,True,True,True,True,True,3.0150000000000006,0.08117699491447801,0.25286444364027777,,,0.10512755313014088,1.8624,5.013384707375224e-07,6.783734126777365e-17,0.01621480089830446,0.01621459631937186,0.0005503186465983939
dr_tsrmpc_003,3,stochastic_dev_0008,WIND_3D_SETPOINT,True,True,True,True,True,True,5.345000000000001,0.14233153535412252,0.18366201636410878,,,0.0324600454893461,1.8266,3.469446951953614e-18,3.073067555360135e-17,0.009394945744857877,0.009391011951096836,0.00040629256975822583
dr_tsrmpc_003,3,stochastic_dev_0009,WIND_3D_SETPOINT,True,True,True,True,True,True,5.359999999999999,0.14129091186909684,0.10190008007141105,,,0.009996388515963035,1.7864,8.673617379884035e-19,1.1331601608164642e-17,0.003000369869882491,0.002993242468327452,0.00020783049029131077
dr_tsrmpc_003,3,stochastic_dev_0010,WIND_3D_SETPOINT,True,True,True,True,True,True,1.6799999999999997,0.06224133475809452,0.5179079753748003,,,0.3249865852476188,1.8905,3.469446951953614e-18,1.9087712394744156e-16,0.04645117887013899,0.017821014250617082,0.046338911259614826
dr_tsrmpc_003,3,stochastic_dev_0011,WIND_3D_SETPOINT,True,True,True,True,True,True,1.25,0.05223509954360192,0.10533436791858022,,,0.28244795693002395,1.7896,1.734723475976807e-18,2.0907035539658397e-16,0.0464504652042647,0.0032630161202061463,0.04639456088518721
dr_tsrmpc_003,3,stochastic_dev_0012,WIND_3D_SETPOINT,True,True,True,True,True,True,2.175,0.053895446227755474,0.2631651209099552,,,0.04415317353050943,1.8044,1.3971397549994435e-07,3.3259322694790923e-17,0.009296493242334503,0.009284751670925875,0.000525360102986587
dr_tsrmpc_003,3,stochastic_dev_0013,WIND_3D_SETPOINT,True,True,True,True,True,True,2.505,0.05746230538784315,0.38094100550437765,,,0.05375363124562865,1.8164,6.705138499984997e-08,4.7211115805008645e-17,0.012716739869257962,0.012700235485968379,0.0006957089869308483
dr_tsrmpc_003,3,stochastic_dev_0014,WIND_3D_SETPOINT,True,True,True,True,True,True,5.0,0.08749846191546677,0.2761717134219879,,,0.023526017728079582,1.791,6.938893903907228e-18,3.015143790542604e-17,0.007815672289700069,0.0078006643476987055,0.0005037571568517529
dr_tsrmpc_003,3,stochastic_dev_0015,WIND_3D_SETPOINT,True,True,True,True,True,True,4.985,0.085554617995397,0.14391935395008332,,,0.01467755423934476,1.8973,3.469446951953614e-18,2.1770048433660834e-17,0.0056087993651529515,0.00560085513703597,0.00030295261214495527
dr_tsrmpc_003,3,stochastic_dev_0016,WIND_3D_SETPOINT,True,True,True,True,True,True,1.04,0.03276974370007992,0.239018030337479,,,0.12353179978228011,1.8206,1.734723475976807e-18,1.2719455528353063e-16,0.028074595247249087,0.006643874653670385,0.02787593628850449
dr_tsrmpc_003,3,stochastic_dev_0017,WIND_3D_SETPOINT,True,True,True,True,True,True,1.005,0.03730584877841161,0.186262340909323,,,0.14401274974106856,1.854,3.469446951953614e-18,1.4030660939256145e-16,0.02824272241364421,0.007912306185240484,0.02790743279942966
dr_tsrmpc_003,3,stochastic_dev_0018,WIND_3D_SETPOINT,True,True,True,True,True,True,3.745,0.09675644730390394,0.5234881550289476,,,0.1031095438947792,1.8009,3.7904500937990804e-07,5.83010147762953e-17,0.016005723947813792,0.016005487734414556,0.0011289812456542305
dr_tsrmpc_003,3,stochastic_dev_0019,WIND_3D_SETPOINT,True,True,True,True,True,True,2.495,0.08781841906845352,0.5530530703674184,,,0.10749360769424039,1.9172,3.4990037800497475e-07,5.288315863667065e-17,0.015620770784003686,0.015620745332405562,0.0010607874749216904
dr_tsrmpc_003,3,ramp_dev_0_to_3p0,RAMP_WIND_EQUILIBRIUM_HOLD,True,True,True,True,True,True,0.0,0.05142775579176807,0.354533393324525,0.08914895254413943,0.07375249646853539,0.2582428507415046,1.5614,0.0,1.0500450584759934e-16,0.027513762302365987,0.027510358973356432,0.000780473533692987
dr_tsrmpc_007,4,calm__+x_r0.15,CALM_3D_SETPOINT,True,True,True,True,True,True,2.15,0.054289402959463606,0.261702202408181,,,0.03923031893354425,1.4989,1.3877787807814457e-17,3.626884659547757e-17,0.009688020602666728,0.00968800583974849,0.0005313318267045815
dr_tsrmpc_007,4,wind_1p5__+x_r0.15,WIND_3D_SETPOINT,True,True,True,True,True,True,2.1000000000000005,0.05309324382970834,0.326432171841415,,,0.07139594121254442,1.612,1.3877787807814457e-17,4.432092730160455e-17,0.011239380614727165,0.011239328895993253,0.000616308775914749
dr_tsrmpc_007,4,wind_3p0__+x_r0.15,WIND_3D_SETPOINT,True,True,True,True,True,True,1.915,0.07618023972133096,0.7729345853168574,,,0.6283527839114729,1.4315,1.3877787807814457e-17,1.1930702652674676e-16,0.029555607939522315,0.029544170294969623,0.0018446131469778701
dr_tsrmpc_007,4,calm__-x_r0.15,CALM_3D_SETPOINT,True,True,True,True,True,True,2.15,0.054284271001857266,0.2619128020049854,,,0.03923631155713763,1.5236,8.758115402030107e-47,3.5363057119680846e-17,0.00968517211632427,0.00968512992446,0.0006068370272467575
dr_tsrmpc_007,4,wind_1p5__-x_r0.15,WIND_3D_SETPOINT,True,True,True,True,True,True,2.1900000000000004,0.06120324225650209,0.27722821596570174,,,0.07480892168559887,1.3962,0.0,4.703973458631896e-17,0.012149932168713308,0.012139433091101014,0.0005600063685053269
dr_tsrmpc_007,4,wind_3p0__-x_r0.15,WIND_3D_SETPOINT,True,True,True,True,True,True,2.4350000000000005,0.10095533259594106,0.7125266950407356,,,0.6525659018287819,1.2835,0.0,1.214444471383303e-16,0.03070525780625958,0.03069869950133323,0.0018446131469778701
dr_tsrmpc_007,4,calm__+y_r0.15,CALM_3D_SETPOINT,True,True,True,True,True,True,4.955,0.09327564472024619,0.0,,,0.00401628670776459,1.4864,4.81482486096809e-35,6.126114208510551e-20,1.684028208401743e-05,1.457648606961714e-10,1.684028208338658e-05
dr_tsrmpc_007,4,wind_1p5__+y_r0.15,WIND_3D_SETPOINT,True,True,True,True,True,True,4.955,0.08644313307519703,0.17665282927239107,,,0.03676125787941249,1.3211,0.0,2.7325315278858858e-17,0.0070552553212397465,0.007054236250730275,0.0003857372885997774
dr_tsrmpc_007,4,wind_3p0__+y_r0.15,WIND_3D_SETPOINT,True,True,True,True,True,True,4.955,0.11013842866679417,0.7052379210596511,,,0.6052007757910016,1.377,0.0,1.1363624481186606e-16,0.028812580404913687,0.028807355088335766,0.0018446131469778701
dr_tsrmpc_007,4,calm__-y_r0.15,CALM_3D_SETPOINT,True,True,True,True,True,True,4.955,0.09327564472024619,0.0,,,0.00401628670776459,1.323,4.81482486096809e-35,6.126114208510551e-20,1.684028208401743e-05,1.457648606961714e-10,1.684028208338658e-05
dr_tsrmpc_007,4,wind_1p5__-y_r0.15,WIND_3D_SETPOINT,True,True,True,True,True,True,4.955,0.08644313307519703,0.17665282927239107,,,0.03676125787941249,1.443,0.0,2.7325315278858858e-17,0.0070552553212397465,0.007054236250730275,0.0003857372885997774
dr_tsrmpc_007,4,wind_3p0__-y_r0.15,WIND_3D_SETPOINT,True,True,True,True,True,True,4.955,0.11013842866679417,0.7052379210596511,,,0.6052007757910016,1.5983,0.0,1.1363624481186606e-16,0.028812580404913687,0.028807355088335766,0.0018446131469778701
dr_tsrmpc_007,4,calm__+z_r0.15,CALM_3D_SETPOINT,True,True,True,True,True,True,0.99,0.029780750412311516,0.0,,,0.11217005724800687,1.3616,1.9721522630525295e-31,1.3472438970592096e-16,0.027713397904178545,2.399410184074703e-07,0.027713397903139845
dr_tsrmpc_007,4,wind_1p5__+z_r0.15,WIND_3D_SETPOINT,True,True,True,True,True,True,0.9900000000000002,0.03445101273477652,0.1771902104061417,,,0.14658375794795866,1.3838,0.0,1.6697623816557813e-16,0.028435193118362522,0.007107976116185734,0.02762154411979764
dr_tsrmpc_007,4,wind_3p0__+z_r0.15,WIND_3D_SETPOINT,True,True,True,True,True,True,1.0149999999999997,0.07646127607606784,0.7073413650331964,,,0.7148564951515605,1.3654,0.0,1.731872078978262e-16,0.03854790240160672,0.029013653012669456,0.02728359344332166
dr_tsrmpc_007,4,calm__-z_r0.15,CALM_3D_SETPOINT,True,True,True,True,True,True,0.99,0.029780750412311496,0.0,,,0.11217005724800738,1.2905,1.9721522630525295e-31,1.4644064686610594e-16,0.027713397904178837,2.399410184074809e-07,0.027713397903140136
dr_tsrmpc_007,4,wind_1p5__-z_r0.15,WIND_3D_SETPOINT,True,True,True,True,True,True,0.9900000000000002,0.03445515378310653,0.1762612923824877,,,0.14653527315901282,1.4196,0.0,1.3770310882841478e-16,0.028610545504877485,0.007018024221523686,0.027802026000277653
dr_tsrmpc_007,4,wind_3p0__-z_r0.15,WIND_3D_SETPOINT,True,True,True,True,True,True,1.0099999999999998,0.07645910941020329,0.703516373393205,,,0.7148360169879404,1.5189,0.0,1.6029583084741842e-16,0.03915909178565803,0.028648489891170473,0.028168585400228856
dr_tsrmpc_007,4,calm__+x_r0.25,CALM_3D_SETPOINT,True,True,True,True,True,True,2.645,0.09141047799046013,0.44036199556133004,,,0.09439297437324234,1.3828,2.863769551497697e-07,5.593018657281578e-17,0.015503414127624848,0.015487018362666206,0.0008949866369795823
dr_tsrmpc_007,4,wind_1p5__+x_r0.25,WIND_3D_SETPOINT,True,True,True,True,True,True,2.615,0.08922640530019424,0.4764295656049998,,,0.1245333757042962,1.5606,4.2088591878375325e-07,6.172395662737048e-17,0.01627204415998472,0.01627201017134426,0.0009781070808215007
dr_tsrmpc_007,4,wind_3p0__+x_r0.25,WIND_3D_SETPOINT,True,True,True,True,True,True,2.5300000000000002,0.09931362511489272,0.8486949963736063,,,0.6727665480901885,1.5554,3.9440199439688683e-07,1.2175688299447236e-16,0.030500018346350643,0.03048452401983895,0.0018446131469778701
dr_tsrmpc_007,4,calm__-x_r0.25,CALM_3D_SETPOINT,True,True,True,True,True,True,2.645,0.09139651302036313,0.44082304790320354,,,0.09444323273680894,1.4399,2.865913563132594e-07,5.625745471609154e-17,0.015501017714203676,0.015473779770095267,0.0010604760163663643
dr_tsrmpc_007,4,wind_1p5__-x_r0.25,WIND_3D_SETPOINT,True,True,True,True,True,True,2.6799999999999997,0.0976423296183215,0.42218116598660405,,,0.12942595659148,1.6153,1.5085599347486323e-07,7.208934918468501e-17,0.018016756527596836,0.017993687971313083,0.0010016300849584085
dr_tsrmpc_007,4,wind_3p0__-x_r0.25,WIND_3D_SETPOINT,True,True,True,True,True,True,2.83,0.13141917714517012,0.7613288649839967,,,0.7132114146285942,1.6618,7.990920380951394e-08,1.3653317917028778e-16,0.03454091940670779,0.03452566575158764,0.0018446131469778701
dr_tsrmpc_007,4,calm__+y_r0.25,CALM_3D_SETPOINT,True,True,True,True,True,True,5.34,0.15545997022509508,0.0,,,0.0111572132455739,1.6499,3.851859888774472e-34,1.4646904007979676e-19,4.677888743454644e-05,4.049052096583071e-10,4.6778887432794064e-05
dr_tsrmpc_007,4,wind_1p5__+y_r0.25,WIND_3D_SETPOINT,True,True,True,True,True,True,5.34,0.14220835405628188,0.17665406998417446,,,0.04091261166787196,1.7262,0.0,2.7325315278858858e-17,0.007055261779287282,0.007054236880411569,0.0003857372885997774
dr_tsrmpc_007,4,wind_3p0__+y_r0.25,WIND_3D_SETPOINT,True,True,True,True,True,True,5.34,0.15773635779987263,0.705250180937103,,,0.6093862148861239,1.8222,0.0,1.1305904577847716e-16,0.028812619813745253,0.028807388612519958,0.0018446131469778701
dr_tsrmpc_007,4,calm__-y_r0.25,CALM_3D_SETPOINT,True,True,True,True,True,True,5.34,0.15545997022509508,0.0,,,0.0111572132455739,1.8104,3.851859888774472e-34,1.4646904007979676e-19,4.677888743454644e-05,4.049052096583071e-10,4.6778887432794064e-05
dr_tsrmpc_007,4,wind_1p5__-y_r0.25,WIND_3D_SETPOINT,True,True,True,True,True,True,5.34,0.14220835405628188,0.17665406998417446,,,0.04091261166787196,1.6075,0.0,2.7325315278858858e-17,0.007055261779287282,0.007054236880411569,0.0003857372885997774
dr_tsrmpc_007,4,wind_3p0__-y_r0.25,WIND_3D_SETPOINT,True,True,True,True,True,True,5.34,0.15773635779987263,0.705250180937103,,,0.6093862148861239,1.6751,0.0,1.1305904577847716e-16,0.028812619813745253,0.028807388612519958,0.0018446131469778701
dr_tsrmpc_007,4,calm__+z_r0.25,CALM_3D_SETPOINT,True,True,True,True,True,True,1.25,0.05180510724881431,0.0,,,0.2795887855244298,1.8301,3.944304526105059e-31,2.0519530896096694e-16,0.04618897807657107,3.999015377670262e-07,0.04618897807483991
dr_tsrmpc_007,4,wind_1p5__+z_r0.25,WIND_3D_SETPOINT,True,True,True,True,True,True,1.25,0.05461539344897612,0.17749034354579082,,,0.3135232800626007,1.9175,0.0,1.8856649127640487e-16,0.0465879721975691,0.0071444256723288534,0.04609585665577402
dr_tsrmpc_007,4,wind_3p0__+z_r0.25,WIND_3D_SETPOINT,True,True,True,True,True,True,1.25,0.08741717523342979,0.7084546604504474,,,0.8798985378851837,1.661,0.0,2.707323222158092e-16,0.0531422305030974,0.029148978166795448,0.04575380620234058
dr_tsrmpc_007,4,calm__-z_r0.25,CALM_3D_SETPOINT,True,True,True,True,True,True,1.25,0.05180510724881431,0.0,,,0.2795887855244335,1.6583,1.9721522630525295e-31,2.0243507269901099e-16,0.046188978076571324,3.999015377669926e-07,0.046188978074840174
dr_tsrmpc_007,4,wind_1p5__-z_r0.25,WIND_3D_SETPOINT,True,True,True,True,True,True,1.25,0.054634210166777566,0.1762094245946291,,,0.3141764761107383,1.5786,0.0,1.9779263363593892e-16,0.04676661413542101,0.007022556588868507,0.046276396988747706
dr_tsrmpc_007,4,wind_3p0__-z_r0.25,WIND_3D_SETPOINT,True,True,True,True,True,True,1.2599999999999998,0.08744539005008246,0.7036695642531989,,,0.8833858488753622,1.6934,0.0,2.1589539581927941e-16,0.053915590899196765,0.02862530633405065,0.04664090812729774
dr_tsrmpc_007,4,stochastic_dev_0000,WIND_3D_SETPOINT,True,True,True,True,True,True,2.1000000000000005,0.059895675777925,0.3358256442505561,,,0.05794052702520549,1.7453,1.3877787807814457e-17,3.652539611313726e-17,0.010864337608736728,0.01084809128122769,0.0006291456710411521
dr_tsrmpc_007,4,stochastic_dev_0001,WIND_3D_SETPOINT,True,True,True,True,True,True,2.3049999999999997,0.058672544952899856,0.5354097865301388,,,0.06297817753243454,1.6403,3.469446951953614e-18,5.393048587349005e-17,0.015414486995092134,0.015377661139164866,0.0010648695745880496
dr_tsrmpc_007,4,stochastic_dev_0002,WIND_3D_SETPOINT,True,True,True,True,True,True,5.335000000000001,0.08783480528136042,0.32776451200803985,,,0.024447257159786774,1.608,3.469446951953614e-18,4.1153111528872494e-17,0.010455137430866778,0.010448125583891327,0.0005527627831020447
dr_tsrmpc_007,4,stochastic_dev_0003,WIND_3D_SETPOINT,True,True,True,True,True,True,4.985,0.0862784732791318,0.2414670598307273,,,0.018795260223089215,1.7605,3.469446951953614e-18,2.145465681771803e-17,0.005935895005833036,0.005932260086581604,0.00037413738329032415
dr_tsrmpc_007,4,stochastic_dev_0004,WIND_3D_SETPOINT,True,True,True,True,True,True,1.005,0.03788373520688942,0.29362477969757267,,,0.13309854154108805,1.7227,3.469446951953614e-18,1.4200465284616443e-16,0.029005758211338654,0.006637747544043058,0.028236046411567437
dr_tsrmpc_007,4,stochastic_dev_0005,WIND_3D_SETPOINT,True,True,True,True,True,True,0.9849999999999999,0.03286419408306725,0.20091791789282692,,,0.12235010215411131,1.6216,3.469446951953614e-18,1.2697473279156494e-16,0.028521471699999947,0.00628536446981902,0.028002305279211843
dr_tsrmpc_007,4,stochastic_dev_0006,WIND_3D_SETPOINT,True,True,True,True,True,True,2.6950000000000003,0.09724178840327752,0.5582315185783584,,,0.11665786529573535,1.8251,4.7329346430924346e-07,5.812281655526444e-17,0.016329558720157032,0.016306978316960444,0.000933029958153204
dr_tsrmpc_007,4,stochastic_dev_0007,WIND_3D_SETPOINT,True,True,True,True,True,True,3.1100000000000003,0.08159442053288699,0.2447806410257185,,,0.10590333195160895,1.8393,5.118860862962649e-07,6.510929240524702e-17,0.016198534382602145,0.01619832320384341,0.0005341972800643891
dr_tsrmpc_007,4,stochastic_dev_0008,WIND_3D_SETPOINT,True,True,True,True,True,True,5.34,0.14231453008018152,0.1822203107082493,,,0.03306888937712299,1.834,3.469446951953614e-18,2.8747680393247276e-17,0.009302211077474172,0.009298415518126707,0.0004016057469687327
dr_tsrmpc_007,4,stochastic_dev_0009,WIND_3D_SETPOINT,True,True,True,True,True,True,5.359999999999999,0.14128434365915019,0.10026252686708974,,,0.010108747081317404,1.7763,1.734723475976807e-18,1.2132967467113838e-17,0.003005954258480973,0.0029988798743354563,0.00020698225760877264
dr_tsrmpc_007,4,stochastic_dev_0010,WIND_3D_SETPOINT,True,True,True,True,True,True,1.63,0.061875577887812665,0.5083201294914452,,,0.3263015036228523,1.8043,3.469446951953614e-18,1.8898572083036904e-16,0.04646613117464231,0.017851177717913443,0.04634297260244961
dr_tsrmpc_007,4,stochastic_dev_0011,WIND_3D_SETPOINT,True,True,True,True,True,True,1.25,0.05223368212224735,0.10550841296935577,,,0.28253201047532606,1.6493,1.734723475976807e-18,2.3279346620153865e-16,0.04645642835025024,0.0032895838292341757,0.04639170282879193
dr_tsrmpc_007,4,stochastic_dev_0012,WIND_3D_SETPOINT,True,True,True,True,True,True,2.1550000000000002,0.053938751282124164,0.25237702891976976,,,0.04406666766573861,1.6915,1.613124679389344e-07,3.2593316636921764e-17,0.00918356617878316,0.009172116786396716,0.0005203128478731292
dr_tsrmpc_007,4,stochastic_dev_0013,WIND_3D_SETPOINT,True,True,True,True,True,True,2.4750000000000005,0.05734616493374023,0.3666384224477404,,,0.05345905406348171,1.6916,9.460034422481556e-08,4.775999749739643e-17,0.012660522207837062,0.012644242174426225,0.0006941580911552193
dr_tsrmpc_007,4,stochastic_dev_0014,WIND_3D_SETPOINT,True,True,True,True,True,True,4.995,0.08737311979881432,0.2683144589617024,,,0.023781865034077726,1.6456,3.469446951953614e-18,3.2280820351248624e-17,0.007698764592999276,0.007684058231614151,0.0004958980232857316
dr_tsrmpc_007,4,stochastic_dev_0015,WIND_3D_SETPOINT,True,True,True,True,True,True,4.985,0.0855347702683193,0.14392762472376566,,,0.015003080202455214,1.6219,1.734723475976807e-18,2.257879114404679e-17,0.005684305725912033,0.0056762687811745685,0.0003068905882143249
dr_tsrmpc_007,4,stochastic_dev_0016,WIND_3D_SETPOINT,True,True,True,True,True,True,1.0350000000000001,0.032657343298221016,0.2345761008973876,,,0.1236762849870137,1.6562,1.734723475976807e-18,1.2913559730899857e-16,0.02808269693738908,0.006705141503011545,0.027879534470963602
dr_tsrmpc_007,4,stochastic_dev_0017,WIND_3D_SETPOINT,True,True,True,True,True,True,1.005,0.03728229770507341,0.18688096475130733,,,0.14477925824611879,1.6255,3.469446951953614e-18,1.6445754418375e-16,0.028243075517325487,0.008014873920142676,0.027904910849125813
dr_tsrmpc_007,4,stochastic_dev_0018,WIND_3D_SETPOINT,True,True,True,True,True,True,3.5600000000000005,0.09679897957050533,0.5048324297408203,,,0.10226785705065945,1.6687,4.351313648287558e-07,5.901632166445596e-17,0.015943280303077487,0.01594302948062994,0.0010843088771864645
dr_tsrmpc_007,4,stochastic_dev_0019,WIND_3D_SETPOINT,True,True,True,True,True,True,2.4750000000000005,0.08774905079883297,0.5311669868131548,,,0.10712841768021303,1.6467,4.006578536719374e-07,5.40222759169115e-17,0.015534320048669222,0.015534294112142823,0.0010459361923611929
dr_tsrmpc_007,4,ramp_dev_0_to_3p0,RAMP_WIND_EQUILIBRIUM_HOLD,True,True,True,True,True,True,0.0,0.05205110341846159,0.3547249702615608,0.08975420516377124,0.0749407456665283,0.25851636046565785,1.5652,3.503246160812043e-46,1.0426636945053298e-16,0.027515263899778115,0.027511790317596343,0.0007781038482695385
dr_tsrmpc_009,5,calm__+x_r0.15,CALM_3D_SETPOINT,True,True,True,True,True,True,2.12,0.054483158403667985,0.24489749829601148,,,0.039631479018790265,1.5642,6.938893903907228e-18,3.4652360630493775e-17,0.009672376891463632,0.009672361910939472,0.0005269440888852419
dr_tsrmpc_009,5,wind_1p5__+x_r0.15,WIND_3D_SETPOINT,True,True,True,True,True,True,2.08,0.05255275439140432,0.3067606517773525,,,0.07170681806905992,1.6131,0.0,4.8168717112253885e-17,0.011279977452494658,0.011279927380470884,0.0005703576035567134
dr_tsrmpc_009,5,wind_3p0__+x_r0.15,WIND_3D_SETPOINT,True,True,True,True,True,True,1.8550000000000004,0.0741478727965398,0.7494349010020599,,,0.6295500268822205,1.5604,1.3877787807814457e-17,1.196262131029108e-16,0.029382991939846052,0.02937263140609727,0.001810332942807915
dr_tsrmpc_009,5,calm__-x_r0.15,CALM_3D_SETPOINT,True,True,True,True,True,True,2.12,0.05447696713132562,0.2450931553058498,,,0.03963804831009319,1.5242,0.0,3.591017102968484e-17,0.009669558086624001,0.009669516103067318,0.0005995503758616881
dr_tsrmpc_009,5,wind_1p5__-x_r0.15,WIND_3D_SETPOINT,True,True,True,True,True,True,2.24,0.062048477633531295,0.26966215498756274,,,0.07554735626883718,1.4579,6.938893903907228e-18,4.886729109407212e-17,0.012222485054679868,0.012210746329692174,0.0005736111275676119
dr_tsrmpc_009,5,wind_3p0__-x_r0.15,WIND_3D_SETPOINT,True,True,True,True,True,True,2.505,0.1024300118851405,0.7062317940640563,,,0.6555295714020055,1.6241,0.0,1.242159662347275e-16,0.03096475584402899,0.030956806779111255,0.001810332942807915
dr_tsrmpc_009,5,calm__+y_r0.15,CALM_3D_SETPOINT,True,True,True,True,True,True,4.955,0.09327564472024619,0.0,,,0.00401628670776459,1.5907,4.81482486096809e-35,4.158737426906042e-20,1.684028208401743e-05,1.4576486069591892e-10,1.684028208338658e-05
dr_tsrmpc_009,5,wind_1p5__+y_r0.15,WIND_3D_SETPOINT,True,True,True,True,True,True,4.955,0.08642809122965887,0.17313458561359557,,,0.03690835886485226,1.488,0.0,2.845946976369544e-17,0.007035335763117002,0.007034368437482493,0.0003789896165108109
dr_tsrmpc_009,5,wind_3p0__+y_r0.15,WIND_3D_SETPOINT,True,True,True,True,True,True,4.955,0.10998547754417257,0.6933974498916847,,,0.6068863453959341,1.5728,0.0,1.1656365797418707e-16,0.028767858558050065,0.028762262067832344,0.001810332942807915
dr_tsrmpc_009,5,calm__-y_r0.15,CALM_3D_SETPOINT,True,True,True,True,True,True,4.955,0.09327564472024619,0.0,,,0.00401628670776459,1.5436,4.81482486096809e-35,4.158737426906042e-20,1.684028208401743e-05,1.4576486069591892e-10,1.684028208338658e-05
dr_tsrmpc_009,5,wind_1p5__-y_r0.15,WIND_3D_SETPOINT,True,True,True,True,True,True,4.955,0.08642809122965887,0.17313458561359557,,,0.03690835886485226,1.4996,0.0,2.845946976369544e-17,0.007035335763117002,0.007034368437482493,0.0003789896165108109
dr_tsrmpc_009,5,wind_3p0__-y_r0.15,WIND_3D_SETPOINT,True,True,True,True,True,True,4.955,0.10998547754417257,0.6933974498916847,,,0.6068863453959341,1.6357,0.0,1.1656365797418707e-16,0.028767858558050065,0.028762262067832344,0.001810332942807915
dr_tsrmpc_009,5,calm__+z_r0.15,CALM_3D_SETPOINT,True,True,True,True,True,True,0.99,0.029780750412311516,0.0,,,0.11217005724800687,1.5565,1.9721522630525295e-31,1.5970696276922878e-16,0.027713397904178573,2.399410184075519e-07,0.027713397903139876
dr_tsrmpc_009,5,wind_1p5__+z_r0.15,WIND_3D_SETPOINT,True,True,True,True,True,True,0.9900000000000002,0.03440148765405908,0.17351331250740845,,,0.1463503510102828,1.5756,0.0,1.3690221100466533e-16,0.02843538538170209,0.007084355744823511,0.02762174048927218
dr_tsrmpc_009,5,wind_3p0__+z_r0.15,WIND_3D_SETPOINT,True,True,True,True,True,True,1.0099999999999998,0.07620604682888316,0.6949210733846051,,,0.714678870266507,1.5558,0.0,1.8465987061463528e-16,0.03855442329281003,0.02894498127712498,0.02727808555206728
dr_tsrmpc_009,5,calm__-z_r0.15,CALM_3D_SETPOINT,True,True,True,True,True,True,0.99,0.029780750412311496,0.0,,,0.11217005724800738,1.5199,1.9721522630525295e-31,1.556038733595332e-16,0.02771339790417883,2.399410184075446e-07,0.027713397903140133
dr_tsrmpc_009,5,wind_1p5__-z_r0.15,WIND_3D_SETPOINT,True,True,True,True,True,True,0.9900000000000002,0.03442898033937187,0.17289817920463554,,,0.14693635855271256,1.4759,0.0,1.6674866655588197e-16,0.028610500675172106,0.0070170364850038365,0.027801956949682186
dr_tsrmpc_009,5,wind_3p0__-z_r0.15,WIND_3D_SETPOINT,True,True,True,True,True,True,1.005,0.07627216039331937,0.6923067111460774,,,0.7175876475308562,1.5675,0.0,1.5777721327194874e-16,0.03916381278704706,0.028637762885483017,0.028166471290083837
dr_tsrmpc_009,5,calm__+x_r0.25,CALM_3D_SETPOINT,True,True,True,True,True,True,2.6,0.09171780868673987,0.41232458139966466,,,0.09553261976287045,1.2392,5.050885533153249e-07,5.433699071492034e-17,0.015308408781157565,0.015308387321460443,0.0008568843774072512
dr_tsrmpc_009,5,wind_1p5__+x_r0.25,WIND_3D_SETPOINT,True,True,True,True,True,True,2.5600000000000005,0.0888468444013427,0.4462429649512774,,,0.12541211545878828,1.706,5.206336491925256e-07,5.96474946618149e-17,0.016326948104052302,0.016326912579126596,0.0009048293081502698
dr_tsrmpc_009,5,wind_3p0__+x_r0.25,WIND_3D_SETPOINT,True,True,True,True,True,True,2.4400000000000004,0.09696525856197047,0.8161935520267909,,,0.6738947497442631,1.6749,4.780333959786276e-07,1.2264345952761066e-16,0.030329778668777452,0.030316267934263896,0.001810332942807915
dr_tsrmpc_009,5,calm__-x_r0.25,CALM_3D_SETPOINT,True,True,True,True,True,True,2.6,0.09170090195654751,0.41272711044706456,,,0.09558392161351884,1.5812,5.051465562511126e-07,5.37783272753017e-17,0.015300804136959988,0.015300696757578681,0.001054292839197718
dr_tsrmpc_009,5,wind_1p5__-x_r0.25,WIND_3D_SETPOINT,True,True,True,True,True,True,2.6399999999999997,0.09867486910956237,0.40520216018163135,,,0.13109608330032385,1.5865,3.896725984109395e-07,7.348125616593936e-17,0.018053317003514424,0.018030462987936004,0.001016035860904659
dr_tsrmpc_009,5,wind_3p0__-x_r0.25,WIND_3D_SETPOINT,True,True,True,True,True,True,2.8100000000000005,0.13351570641141816,0.7540778241322208,,,0.7174197273140517,1.5742,3.143797220328537e-07,1.3694266477789256e-16,0.03487714622535956,0.034860174332306974,0.001810332942807915
dr_tsrmpc_009,5,calm__+y_r0.25,CALM_3D_SETPOINT,True,True,True,True,True,True,5.34,0.15545997022509508,0.0,,,0.0111572132455739,1.4813,9.62964972193618e-35,1.2819595748975073e-19,4.677888743454644e-05,4.0490520965821886e-10,4.6778887432794064e-05
dr_tsrmpc_009,5,wind_1p5__+y_r0.25,WIND_3D_SETPOINT,True,True,True,True,True,True,5.34,0.14219914684052065,0.17313584378878896,,,0.04105953234251264,1.6098,0.0,2.845946976369544e-17,0.0070353396691743555,0.007034368228948826,0.0003789896165108109
dr_tsrmpc_009,5,wind_3p0__+y_r0.25,WIND_3D_SETPOINT,True,True,True,True,True,True,5.34,0.157629001757011,0.6934098608557354,,,0.6110728191174855,1.6149,0.0,1.1656365797418707e-16,0.028767889334066512,0.028762287652543343,0.001810332942807915
dr_tsrmpc_009,5,calm__-y_r0.25,CALM_3D_SETPOINT,True,True,True,True,True,True,5.34,0.15545997022509508,0.0,,,0.0111572132455739,1.5787,9.62964972193618e-35,1.2819595748975073e-19,4.677888743454644e-05,4.0490520965821886e-10,4.6778887432794064e-05
dr_tsrmpc_009,5,wind_1p5__-y_r0.25,WIND_3D_SETPOINT,True,True,True,True,True,True,5.34,0.14219914684052065,0.17313584378878896,,,0.04105953234251264,1.6291,0.0,2.845946976369544e-17,0.0070353396691743555,0.007034368228948826,0.0003789896165108109
dr_tsrmpc_009,5,wind_3p0__-y_r0.25,WIND_3D_SETPOINT,True,True,True,True,True,True,5.34,0.157629001757011,0.6934098608557354,,,0.6110728191174855,1.7059,0.0,1.1656365797418707e-16,0.028767889334066512,0.028762287652543343,0.001810332942807915
dr_tsrmpc_009,5,calm__+z_r0.25,CALM_3D_SETPOINT,True,True,True,True,True,True,1.25,0.05180510724881431,0.0,,,0.2795887855244298,1.6293,3.944304526105059e-31,2.1887243771300018e-16,0.04618897807657107,3.9990153776697647e-07,0.04618897807483991
dr_tsrmpc_009,5,wind_1p5__+z_r0.25,WIND_3D_SETPOINT,True,True,True,True,True,True,1.25,0.054578990099295704,0.17372272681714437,,,0.3131114767842964,1.5077,0.0,2.0845834039954027e-16,0.04658822858915977,0.007117243227343482,0.04609611777118463
dr_tsrmpc_009,5,wind_3p0__+z_r0.25,WIND_3D_SETPOINT,True,True,True,True,True,True,1.25,0.08717655105070202,0.6956987140433935,,,0.8797015399188108,1.6944,0.0,2.8982226857519757e-16,0.053136630794728495,0.02905411474531631,0.04574598402169099
dr_tsrmpc_009,5,calm__-z_r0.25,CALM_3D_SETPOINT,True,True,True,True,True,True,1.25,0.05180510724881431,0.0,,,0.2795887855244335,1.8101,3.944304526105059e-31,1.9994285408999417e-16,0.046188978076571324,3.9990153776702644e-07,0.046188978074840174
dr_tsrmpc_009,5,wind_1p5__-z_r0.25,WIND_3D_SETPOINT,True,True,True,True,True,True,1.25,0.054622550505660346,0.1729221126796995,,,0.31471430755386565,1.9142,0.0,2.0301099739969593e-16,0.046766583978541984,0.007024889011030817,0.046276353070558156
dr_tsrmpc_009,5,wind_3p0__-z_r0.25,WIND_3D_SETPOINT,True,True,True,True,True,True,1.2599999999999998,0.08730101911606625,0.6929833561275309,,,0.8867125031661998,1.9473,0.0,2.1972160866506961e-16,0.05391395037719911,0.02865299187888701,0.046638465310926615
dr_tsrmpc_009,5,stochastic_dev_0000,WIND_3D_SETPOINT,True,True,True,True,True,True,2.165,0.060092085404297634,0.32412879569589875,,,0.05953340139502379,1.7685,6.938893903907228e-18,3.782123719128741e-17,0.010688616307947655,0.010672958538726511,0.0006195414098284825
dr_tsrmpc_009,5,stochastic_dev_0001,WIND_3D_SETPOINT,True,True,True,True,True,True,2.245,0.05817283391650047,0.5093868506696868,,,0.06437678817165393,1.8785,1.3877787807814457e-17,5.5509258015196034e-17,0.015378276985865913,0.015341532741284193,0.0010662109812700897
dr_tsrmpc_009,5,stochastic_dev_0002,WIND_3D_SETPOINT,True,True,True,True,True,True,5.32,0.08757343822266063,0.31331052789696845,,,0.024737393547055654,1.9967,3.469446951953614e-18,4.0843152186232924e-17,0.01046636859085879,0.010459428470330467,0.0005296516006369712
dr_tsrmpc_009,5,stochastic_dev_0003,WIND_3D_SETPOINT,True,True,True,True,True,True,4.9750000000000005,0.08616658969256781,0.23872028352684108,,,0.019542390869914588,1.9497,1.734723475976807e-18,2.3555477565784265e-17,0.006314806832432623,0.006310585834039969,0.00037116530436501275
dr_tsrmpc_009,5,stochastic_dev_0004,WIND_3D_SETPOINT,True,True,True,True,True,True,1.005,0.03733721282494777,0.2834412717617084,,,0.13324444003531008,1.4416,3.469446951953614e-18,1.45841523404517e-16,0.028940106952791252,0.006432853558780547,0.028216535778118567
dr_tsrmpc_009,5,stochastic_dev_0005,WIND_3D_SETPOINT,True,True,True,True,True,True,0.9849999999999999,0.032666172269368646,0.1918250160712178,,,0.12282809660897323,1.4402,1.734723475976807e-18,1.5426766783290075e-16,0.028501360743274123,0.006214327986747246,0.027993825885136322
dr_tsrmpc_009,5,stochastic_dev_0006,WIND_3D_SETPOINT,True,True,True,True,True,True,2.6500000000000004,0.09716584020149018,0.5243245609976954,,,0.11820525452958788,1.4758,6.06975985251168e-07,6.008240195392495e-17,0.016110819018169218,0.016088767462546293,0.0009157828454682526
dr_tsrmpc_009,5,stochastic_dev_0007,WIND_3D_SETPOINT,True,True,True,True,True,True,3.295,0.08247128772982774,0.23432379657128452,,,0.10985308194000926,1.5314,7.193233548252742e-07,6.640127777251086e-17,0.01636407535664262,0.016363856471925082,0.0005181765009720044
dr_tsrmpc_009,5,stochastic_dev_0008,WIND_3D_SETPOINT,True,True,True,True,True,True,5.34,0.14226952779463214,0.18008060976418044,,,0.03469576959708097,1.3272,6.938893903907228e-18,2.943956972382032e-17,0.009143435620423562,0.009139843111818109,0.000394918016821108
dr_tsrmpc_009,5,stochastic_dev_0009,WIND_3D_SETPOINT,True,True,True,True,True,True,5.359999999999999,0.1412724493582669,0.0977668549548964,,,0.01038866271970764,1.4267,4.336808689942018e-19,1.1511451025582942e-17,0.0030434586601328123,0.0030367089153978547,0.00020571871535611907
dr_tsrmpc_009,5,stochastic_dev_0010,WIND_3D_SETPOINT,True,True,True,True,True,True,1.5200000000000005,0.0612060889417352,0.4939935138277776,,,0.32990742436139664,1.3898,1.3877787807814457e-17,2.241871196652468e-16,0.046499049100398315,0.017975436362498595,0.046353593167270606
dr_tsrmpc_009,5,stochastic_dev_0011,WIND_3D_SETPOINT,True,True,True,True,True,True,1.25,0.05222897844910158,0.10643792582817746,,,0.28277431693123867,1.3901,1.734723475976807e-18,1.917730856411318e-16,0.046469347215208456,0.003350745119851829,0.04638517492240847
dr_tsrmpc_009,5,stochastic_dev_0012,WIND_3D_SETPOINT,True,True,True,True,True,True,2.1900000000000004,0.05406624593709713,0.23554579002107734,,,0.044883547519167906,1.3559,2.0356970620305503e-07,3.239708195164753e-17,0.009063214074186454,0.0090521334481653,0.0005174830326462863
dr_tsrmpc_009,5,stochastic_dev_0013,WIND_3D_SETPOINT,True,True,True,True,True,True,2.4000000000000004,0.05719399402117719,0.34404599527768487,,,0.05420301455751964,1.5259,1.672771711147547e-07,4.37709792852017e-17,0.012676014674979332,0.012659877445339049,0.0007006099145328965
dr_tsrmpc_009,5,stochastic_dev_0014,WIND_3D_SETPOINT,True,True,True,True,True,True,4.985,0.08713908893255991,0.2551087475295208,,,0.02464469747421446,1.456,6.938893903907228e-18,2.859547652318226e-17,0.007496738032585986,0.007482601690274083,0.0004815078570528198
dr_tsrmpc_009,5,stochastic_dev_0015,WIND_3D_SETPOINT,True,True,True,True,True,True,4.98,0.08549071949210663,0.14456119314299098,,,0.015840307124510924,1.369,1.734723475976807e-18,2.1699646403372037e-17,0.005859542200450685,0.005851324709894889,0.0003154937070327408
dr_tsrmpc_009,5,stochastic_dev_0016,WIND_3D_SETPOINT,True,True,True,True,True,True,1.0300000000000002,0.03245383511731085,0.22755008153861858,,,0.12415116447787373,1.4505,1.734723475976807e-18,1.4280234588951233e-16,0.028102649594116992,0.006858228204356718,0.027888417838526143
dr_tsrmpc_009,5,stochastic_dev_0017,WIND_3D_SETPOINT,True,True,True,True,True,True,1.0,0.03713570271585191,0.18853771686111678,,,0.14675407710383181,1.4246,6.938893903907228e-18,1.4839841715561818e-16,0.02824611316070854,0.008264448095084257,0.02790085219122787
dr_tsrmpc_009,5,stochastic_dev_0018,WIND_3D_SETPOINT,True,True,True,True,True,True,3.005,0.09691259369311268,0.4759792999772583,,,0.10253859097442176,1.3807,5.388666002303921e-07,5.859086398728093e-17,0.01600457151092706,0.01600429391141061,0.0010111009405198979
dr_tsrmpc_009,5,stochastic_dev_0019,WIND_3D_SETPOINT,True,True,True,True,True,True,2.4299999999999997,0.08777677932812586,0.49717500147319554,,,0.1090228848969347,1.4007,4.918219694838299e-07,5.574152335149527e-17,0.01554017306505246,0.015540145031412534,0.0010381095961969047
dr_tsrmpc_009,5,ramp_dev_0_to_3p0,RAMP_WIND_EQUILIBRIUM_HOLD,True,True,True,True,True,True,0.0,0.05277530114407438,0.3547176902279677,0.09020994202861599,0.07645982213815751,0.25880766036758046,1.4763,2.1895288505075267e-47,1.0692583615709122e-16,0.027514046497639506,0.02751042256088743,0.0007729629365014687
dr_tsrmpc_011,6,calm__+x_r0.15,CALM_3D_SETPOINT,True,True,True,True,True,True,2.125,0.05453318903398198,0.24334021770468917,,,0.0389495867561847,1.4188,6.938893903907228e-18,3.4239754172199383e-17,0.009581540701149301,0.009581525367164572,0.0005214456581006749
dr_tsrmpc_011,6,wind_1p5__+x_r0.15,WIND_3D_SETPOINT,True,True,True,True,True,True,2.085,0.05257569243722304,0.3059598520242334,,,0.07102887595837946,1.5657,0.0,4.2479313894422685e-17,0.011218689995459274,0.011218635187183044,0.0005664770085678367
dr_tsrmpc_011,6,wind_3p0__+x_r0.15,WIND_3D_SETPOINT,True,True,True,True,True,True,1.8600000000000003,0.07441529017188946,0.7493595097218916,,,0.6284727278846052,1.6412,1.3877787807814457e-17,1.1815348186586952e-16,0.029353062371830014,0.029343011722069115,0.001806500267767227
dr_tsrmpc_011,6,calm__-x_r0.15,CALM_3D_SETPOINT,True,True,True,True,True,True,2.125,0.05452707770760378,0.24353389597235353,,,0.03895638179967845,1.3865,8.758115402030107e-47,3.5398868439111014e-17,0.00957877905531981,0.009578737312216931,0.0005921599829783345
dr_tsrmpc_011,6,wind_1p5__-x_r0.15,WIND_3D_SETPOINT,True,True,True,True,True,True,2.245,0.06218879089572847,0.267996324464142,,,0.0748299790879552,1.5122,1.3877787807814457e-17,4.8749939154860447e-17,0.012125907243842748,0.012114410492882357,0.0005651702172804574
dr_tsrmpc_011,6,wind_3p0__-x_r0.15,WIND_3D_SETPOINT,True,True,True,True,True,True,2.5149999999999997,0.10297563237426743,0.7050654356279156,,,0.6541920706426216,1.3825,0.0,1.2593887578248842e-16,0.03086023283347482,0.030852518910460935,0.001806500267767227
dr_tsrmpc_011,6,calm__+y_r0.15,CALM_3D_SETPOINT,True,True,True,True,True,True,4.955,0.09327564472024619,0.0,,,0.00401628670776459,1.2895,9.62964972193618e-35,6.15643449350466e-20,1.684028208401743e-05,1.4576486069625856e-10,1.684028208338658e-05
dr_tsrmpc_011,6,wind_1p5__+y_r0.15,WIND_3D_SETPOINT,True,True,True,True,True,True,4.955,0.0864529137891063,0.1731408876334455,,,0.03689048005717206,1.3024,0.0,2.7522178098326555e-17,0.007029639715237056,0.0070286290539169315,0.00037849321535306235
dr_tsrmpc_011,6,wind_3p0__+y_r0.15,WIND_3D_SETPOINT,True,True,True,True,True,True,4.955,0.11030422758242339,0.6932442696435743,,,0.6064328228606086,1.3006,0.0,1.1339789104246912e-16,0.028746380055814126,0.028740983410905856,0.001806500267767227
dr_tsrmpc_011,6,calm__-y_r0.15,CALM_3D_SETPOINT,True,True,True,True,True,True,4.955,0.09327564472024619,0.0,,,0.00401628670776459,1.2566,9.62964972193618e-35,6.15643449350466e-20,1.684028208401743e-05,1.4576486069625856e-10,1.684028208338658e-05
dr_tsrmpc_011,6,wind_1p5__-y_r0.15,WIND_3D_SETPOINT,True,True,True,True,True,True,4.955,0.0864529137891063,0.1731408876334455,,,0.03689048005717206,1.2493,0.0,2.7522178098326555e-17,0.007029639715237056,0.0070286290539169315,0.00037849321535306235
dr_tsrmpc_011,6,wind_3p0__-y_r0.15,WIND_3D_SETPOINT,True,True,True,True,True,True,4.955,0.11030422758242339,0.6932442696435743,,,0.6064328228606086,1.3144,0.0,1.1339789104246912e-16,0.028746380055814126,0.028740983410905856,0.001806500267767227
dr_tsrmpc_011,6,calm__+z_r0.15,CALM_3D_SETPOINT,True,True,True,True,True,True,0.99,0.029780750412311516,0.0,,,0.11217005724800687,1.3088,1.9721522630525295e-31,1.5127939055789626e-16,0.027713397904178573,2.3994101840756584e-07,0.027713397903139876
dr_tsrmpc_011,6,wind_1p5__+z_r0.15,WIND_3D_SETPOINT,True,True,True,True,True,True,0.9900000000000002,0.03446547744316517,0.17353895028299968,,,0.14636841908458323,1.2552,0.0,1.5232802643965992e-16,0.028435355881015575,0.00707994086250217,0.027621718577531068
dr_tsrmpc_011,6,wind_3p0__+z_r0.15,WIND_3D_SETPOINT,True,True,True,True,True,True,1.0099999999999998,0.07666730976227042,0.6948370171356236,,,0.7143975115472982,1.3456,0.0,1.7414877795403915e-16,0.03855056051471761,0.028931254537790704,0.027277400044152876
dr_tsrmpc_011,6,calm__-z_r0.15,CALM_3D_SETPOINT,True,True,True,True,True,True,0.99,0.029780750412311496,0.0,,,0.11217005724800738,1.2625,1.9721522630525295e-31,1.3214647110492642e-16,0.027713397904178837,2.399410184074786e-07,0.027713397903140136
dr_tsrmpc_011,6,wind_1p5__-z_r0.15,WIND_3D_SETPOINT,True,True,True,True,True,True,0.9900000000000002,0.03448939472854705,0.17288579718517905,,,0.14687792487420362,1.2535,0.0,1.3575222780987332e-16,0.02861051175501928,0.007003483253170472,0.027801970726885648
dr_tsrmpc_011,6,wind_3p0__-z_r0.15,WIND_3D_SETPOINT,True,True,True,True,True,True,1.005,0.0767283625344972,0.6920602231356022,,,0.7169574906144172,1.29,0.0,1.5467138724935486e-16,0.03915682346784361,0.028608948288190567,0.02816607771611281
dr_tsrmpc_011,6,calm__+x_r0.25,CALM_3D_SETPOINT,True,True,True,True,True,True,2.605,0.09179645149202803,0.4097821425815682,,,0.09381932804455954,1.3077,3.856337447150082e-07,5.3190813943426577e-17,0.015150114141319256,0.015150091724092969,0.0008481155818453811
dr_tsrmpc_011,6,wind_1p5__+x_r0.25,WIND_3D_SETPOINT,True,True,True,True,True,True,2.5700000000000003,0.0888855169297845,0.4444928095175494,,,0.12371914807291398,1.2788,5.392706085016741e-07,6.156727666987213e-17,0.016190488477546068,0.016190448256679254,0.00089804771991384
dr_tsrmpc_011,6,wind_3p0__+x_r0.25,WIND_3D_SETPOINT,True,True,True,True,True,True,2.45,0.09709631716562392,0.8157346865794697,,,0.6719456049293362,1.2472,4.998617511020598e-07,1.231610875632506e-16,0.030260499408418018,0.0302474393126247,0.001806500267767227
dr_tsrmpc_011,6,calm__-x_r0.25,CALM_3D_SETPOINT,True,True,True,True,True,True,2.605,0.09177994327622292,0.4101811915792359,,,0.09386285207040927,1.3474,3.858641994813894e-07,5.72919009391064e-17,0.01514701145364855,0.015141759506432683,0.0010415672819519006
dr_tsrmpc_011,6,wind_1p5__-x_r0.25,WIND_3D_SETPOINT,True,True,True,True,True,True,2.6450000000000005,0.09882990393746517,0.4024012719767132,,,0.12964477430239568,1.2611,2.3785789060593032e-07,7.046631021133569e-17,0.01790629742194957,0.01788387001090551,0.001003651513733998
dr_tsrmpc_011,6,wind_3p0__-x_r0.25,WIND_3D_SETPOINT,True,True,True,True,True,True,2.8150000000000004,0.13405676272264136,0.7518737008294973,,,0.715423064230229,1.3498,1.5820444154712732e-07,1.3885587798432278e-16,0.0347213705755716,0.03470484702076961,0.001806500267767227
dr_tsrmpc_011,6,calm__+y_r0.25,CALM_3D_SETPOINT,True,True,True,True,True,True,5.34,0.15545997022509508,0.0,,,0.0111572132455739,1.2793,1.925929944387236e-34,1.123316854623404e-19,4.677888743454644e-05,4.0490520965818334e-10,4.6778887432794064e-05
dr_tsrmpc_011,6,wind_1p5__+y_r0.25,WIND_3D_SETPOINT,True,True,True,True,True,True,5.34,0.14221429113728612,0.1731421448244853,,,0.04104167735586548,1.5541,0.0,2.7522178098326555e-17,0.00702964492425163,0.007028629282955959,0.00037849321535306235
dr_tsrmpc_011,6,wind_3p0__+y_r0.25,WIND_3D_SETPOINT,True,True,True,True,True,True,5.34,0.1578518486105483,0.6932566464109551,,,0.6106191926327034,1.4774,0.0,1.131637244968045e-16,0.028746410171698288,0.028741008434059426,0.001806500267767227
dr_tsrmpc_011,6,calm__-y_r0.25,CALM_3D_SETPOINT,True,True,True,True,True,True,5.34,0.15545997022509508,0.0,,,0.0111572132455739,1.3449,1.925929944387236e-34,1.123316854623404e-19,4.677888743454644e-05,4.0490520965818334e-10,4.6778887432794064e-05
dr_tsrmpc_011,6,wind_1p5__-y_r0.25,WIND_3D_SETPOINT,True,True,True,True,True,True,5.34,0.14221429113728612,0.1731421448244853,,,0.04104167735586548,1.3836,0.0,2.7522178098326555e-17,0.00702964492425163,0.007028629282955959,0.00037849321535306235
dr_tsrmpc_011,6,wind_3p0__-y_r0.25,WIND_3D_SETPOINT,True,True,True,True,True,True,5.34,0.1578518486105483,0.6932566464109551,,,0.6106191926327034,1.417,0.0,1.131637244968045e-16,0.028746410171698288,0.028741008434059426,0.001806500267767227
dr_tsrmpc_011,6,calm__+z_r0.25,CALM_3D_SETPOINT,True,True,True,True,True,True,1.25,0.05180510724881431,0.0,,,0.2795887855244298,1.4048,3.944304526105059e-31,1.7319418643664668e-16,0.04618897807657106,3.9990153776698764e-07,0.046188978074839904
dr_tsrmpc_011,6,wind_1p5__+z_r0.25,WIND_3D_SETPOINT,True,True,True,True,True,True,1.25,0.05462024654281285,0.17376100645649717,,,0.3131602910617621,1.3374,0.0,2.1636017347301215e-16,0.04658819430329699,0.0071136697663278774,0.04609608763097236
dr_tsrmpc_011,6,wind_3p0__+z_r0.25,WIND_3D_SETPOINT,True,True,True,True,True,True,1.25,0.08758190864939842,0.6956557354202533,,,0.8795061548976304,1.4325,0.0,2.274731739573152e-16,0.05313731727871081,0.02904475461011458,0.04574566366546666
dr_tsrmpc_011,6,calm__-z_r0.25,CALM_3D_SETPOINT,True,True,True,True,True,True,1.25,0.05180510724881431,0.0,,,0.2795887855244335,1.4816,3.944304526105059e-31,1.9247549568654123e-16,0.046188978076571324,3.9990153776698615e-07,0.046188978074840174
dr_tsrmpc_011,6,wind_1p5__-z_r0.25,WIND_3D_SETPOINT,True,True,True,True,True,True,1.25,0.05465980830678483,0.17289850220231948,,,0.31463104447852497,1.5408,0.0,2.1063419447044422e-16,0.046766593592672434,0.0070153728880169705,0.046276364320080886
dr_tsrmpc_011,6,wind_3p0__-z_r0.25,WIND_3D_SETPOINT,True,True,True,True,True,True,1.2599999999999998,0.08769812365122116,0.6926637242749133,,,0.885978944954967,1.599,0.0,2.416090081321814e-16,0.05391412190737811,0.028618326099311926,0.0466381557974796
dr_tsrmpc_011,6,stochastic_dev_0000,WIND_3D_SETPOINT,True,True,True,True,True,True,2.17,0.060206868116532995,0.32299319653940456,,,0.058587754176943244,1.4317,1.734723475976807e-18,3.9134709217482717e-17,0.01061746032682837,0.010601959354474805,0.0006148756592220599
dr_tsrmpc_011,6,stochastic_dev_0001,WIND_3D_SETPOINT,True,True,True,True,True,True,2.25,0.0581840292305888,0.5071356051848127,,,0.06330301233093322,1.3096,1.734723475976807e-18,5.69359745955145e-17,0.015223881745077106,0.015187600861759114,0.0010543124660686751
dr_tsrmpc_011,6,stochastic_dev_0002,WIND_3D_SETPOINT,True,True,True,True,True,True,5.324999999999999,0.08760673433521911,0.3133794900990184,,,0.02456574162183401,1.2666,3.469446951953614e-18,4.1484437544639716e-17,0.010437662879069989,0.010430795367190304,0.0005323780852202586
dr_tsrmpc_011,6,stochastic_dev_0003,WIND_3D_SETPOINT,True,True,True,True,True,True,4.9750000000000005,0.0861817508792218,0.23788325886516937,,,0.019304438386825287,1.4027,3.469446951953614e-18,2.2454485524688715e-17,0.0062254856980594854,0.006221371662571858,0.0003711599269359941
dr_tsrmpc_011,6,stochastic_dev_0004,WIND_3D_SETPOINT,True,True,True,True,True,True,1.005,0.037407541087762196,0.28359327859378364,,,0.13308231730923406,1.4019,1.734723475976807e-18,1.3340369249511538e-16,0.02894233159208617,0.006439300355678668,0.028216971218053943
dr_tsrmpc_011,6,stochastic_dev_0005,WIND_3D_SETPOINT,True,True,True,True,True,True,0.9849999999999999,0.032692717370689,0.19170794542349037,,,0.12267198450283275,1.2677,3.469446951953614e-18,1.2853457394230359e-16,0.02849170789589991,0.006206741697997582,0.027991413140171867
dr_tsrmpc_011,6,stochastic_dev_0006,WIND_3D_SETPOINT,True,True,True,True,True,True,2.66,0.09728390961332242,0.5217722100456329,,,0.11625612742746998,1.4648,5.895338648365112e-07,5.803857195102845e-17,0.015973462980761265,0.015951679449356486,0.000907203805567604
dr_tsrmpc_011,6,stochastic_dev_0007,WIND_3D_SETPOINT,True,True,True,True,True,True,3.3,0.0824593327604262,0.233049001041806,,,0.10763193224678165,1.3397,5.328117650416075e-07,6.621796109587432e-17,0.016191993549958504,0.01619176561024727,0.0005149007165108104
dr_tsrmpc_011,6,stochastic_dev_0008,WIND_3D_SETPOINT,True,True,True,True,True,True,5.34,0.14228408308504692,0.17977828771509008,,,0.03429948354955244,1.3043,3.469446951953614e-18,2.864300585387163e-17,0.009134094247136793,0.00913052755802687,0.0003937920788295715
dr_tsrmpc_011,6,stochastic_dev_0009,WIND_3D_SETPOINT,True,True,True,True,True,True,5.359999999999999,0.14127351923168666,0.09747944053495004,,,0.010312992816963535,1.328,8.673617379884035e-19,1.1632621722141162e-17,0.0030254234236099333,0.003018666732598612,0.00020536263175737477
dr_tsrmpc_011,6,stochastic_dev_0010,WIND_3D_SETPOINT,True,True,True,True,True,True,1.5350000000000001,0.06129582754876355,0.49272290646162964,,,0.32906148055738,1.3439,1.3877787807814457e-17,2.2308418054303864e-16,0.04649308653474656,0.017889062933153704,0.046352165908363024
dr_tsrmpc_011,6,stochastic_dev_0011,WIND_3D_SETPOINT,True,True,True,True,True,True,1.25,0.05222985276836583,0.10560796670909539,,,0.2827083075087536,1.2867,1.734723475976807e-18,1.84530850210139e-16,0.04646468392618938,0.0033173339098089352,0.04638492364183481
dr_tsrmpc_011,6,stochastic_dev_0012,WIND_3D_SETPOINT,True,True,True,True,True,True,2.1950000000000003,0.054113747590240055,0.23459724546576208,,,0.044063549347854856,1.3954,2.056384185711302e-07,3.3318588035140497e-17,0.008975240307720548,0.008964330891075721,0.0005109850632082733
dr_tsrmpc_011,6,stochastic_dev_0013,WIND_3D_SETPOINT,True,True,True,True,True,True,2.4050000000000002,0.05726518891194012,0.3432158600089528,,,0.05323157559872446,1.3394,1.5472921233161685e-07,4.3827720455462254e-17,0.012551601116460217,0.012535755499493036,0.0006908010660479663
dr_tsrmpc_011,6,stochastic_dev_0014,WIND_3D_SETPOINT,True,True,True,True,True,True,4.985,0.08717293256334525,0.2556169609295544,,,0.024371373243488016,1.3758,3.469446951953614e-18,2.975656366804243e-17,0.007483621558130361,0.007469450361591232,0.00048142736750563273
dr_tsrmpc_011,6,stochastic_dev_0015,WIND_3D_SETPOINT,True,True,True,True,True,True,4.98,0.08550012419963153,0.1439624605200268,,,0.015621291553846655,1.7138,1.734723475976807e-18,2.292515331868667e-17,0.005810460644205292,0.005802242617487569,0.0003139305813789433
dr_tsrmpc_011,6,stochastic_dev_0016,WIND_3D_SETPOINT,True,True,True,True,True,True,1.0300000000000002,0.03246701749335937,0.22668792815322644,,,0.12397102530427953,1.7162,1.734723475976807e-18,1.4105654673004846e-16,0.028091653951979996,0.0068130539827773486,0.027884983702680877
dr_tsrmpc_011,6,stochastic_dev_0017,WIND_3D_SETPOINT,True,True,True,True,True,True,1.0,0.03722661580440514,0.18808848830420416,,,0.14629880656104036,1.3303,6.938893903907228e-18,1.3721656795433735e-16,0.028239353075336416,0.008211002138377511,0.027899736957241676
dr_tsrmpc_011,6,stochastic_dev_0018,WIND_3D_SETPOINT,True,True,True,True,True,True,3.01,0.0970358834385025,0.4737159466672327,,,0.10103226274311897,1.3809,5.554573708765886e-07,5.637801668414608e-17,0.01582375723003847,0.015823480117416397,0.0010079314991739857
dr_tsrmpc_011,6,stochastic_dev_0019,WIND_3D_SETPOINT,True,True,True,True,True,True,2.4350000000000005,0.08784084986139455,0.4949840702283368,,,0.1069801853387515,1.3609,5.091735031381717e-07,5.352373084848149e-17,0.015377158309586438,0.015377131471744047,0.0010250354986085864
dr_tsrmpc_011,6,ramp_dev_0_to_3p0,RAMP_WIND_EQUILIBRIUM_HOLD,True,True,True,True,True,True,0.0,0.053194059560575484,0.3550439170884329,0.09079590790616546,0.07712781842292858,0.2589570200896025,1.5692,8.758115402030107e-47,1.057925662040532e-16,0.02751407097182576,0.02751048066622458,0.0007736746227399571
