sample_id,cohort,controller,candidate_id,safe,task_success,acquisition_time_s,position_rmse_3d_m,orientation_rmse_deg,ramp_peak_position_error_m,ramp_steady_state_position_error_m,total_acceleration_effort,max_abs_command_m_s2,max_command_step_m_s2,max_thrust_N,max_abs_torque_Nm,max_cutter_angular_speed_rad_s,safety_failure_reasons,solve_time_p95_ms,amplitude_saturation_fraction,slew_activity_fraction,residual_clip_fraction_mean,residual_clip_fraction_p95,residual_clip_fraction_max,trust_mean,trust_p95,trust_max,residual_unrepresented_norm_mean,residual_unrepresented_norm_p95,residual_unrepresented_norm_max,residual_debt_norm_mean,residual_debt_norm_p95,residual_debt_norm_max,steady_equality_residual_mean,steady_equality_residual_p95,steady_equality_residual_max,steady_task_residual_mean,steady_task_residual_p95,steady_task_residual_max,requested_steady_input_max_abs_mean,requested_steady_input_max_abs_p95,requested_steady_input_max_abs_max,feasible_steady_input_max_abs_mean,feasible_steady_input_max_abs_p95,feasible_steady_input_max_abs_max,backbone_norm_mean,backbone_norm_p95,backbone_norm_max,qp_correction_norm_mean,qp_correction_norm_p95,qp_correction_norm_max,limiter_mismatch_mean,limiter_mismatch_p95,limiter_mismatch_max,steady_infeasibility_fraction,steady_constraint_activity_fraction,reachable_constraint_activity_fraction,solver_success_rate,qp_iterations_max
dev_calm_00,NORMAL_CALM,cart_ofmpc,cart_b_001,True,True,2.26,0.06416245693368405,0.19528278869551177,0.1800000000000008,0.0007601751665889884,0.30060925889123913,0.7018085582472253,0.25,135.10800654847057,0.7031581482771598,0.051384680271520704,[],3.5846,0.0,0.004149377593360996,0.0,0.0,0.0,0.9239890094458955,0.9999999254094578,1.0,7.010699268496436e-05,0.00035056129106172533,0.0006630131714659226,0.0001530815842816765,0.000696300618421131,0.0009783646417523197,7.010699268496436e-05,0.00035056129106172533,0.0006630131714659226,3.200706146754808e-11,1.305751833217904e-10,4.527043258135508e-10,0.00029148239205159407,0.0017158503809592337,0.002317011914810533,0.00029148239205159407,0.0017158503809592337,0.002317011914810533,0.0897613136219973,0.3340621347070669,2.0364818389137467,0.03877569142115705,0.15106787491755672,1.6286892857372497,6.142193571310731e-09,8.470329472543003e-22,1.4802686506554252e-06,0.016597510373443983,0.0,0.0,1.0,75
dev_constant_2p0_00,NORMAL_CONSTANT,cart_ofmpc,cart_b_001,True,True,2.375,0.07261661979715758,0.35641700366887713,0.18938099687152993,0.019953323091634508,0.4373201889175009,0.7017392142281623,0.25,135.09847010101458,0.7033776115554817,0.053168386241909754,[],3.4998,0.0,0.004149377593360996,0.0,0.0,0.0,0.928931845729051,0.9366220831087495,1.0,0.0002746027236871661,0.0006507275128184002,0.0008673944075887529,0.000911208035690014,0.0014643608739702847,0.0017180630745910288,0.0002746027236871661,0.0006507275128184002,0.0008673944075887529,1.7956735281741184e-09,2.018190358813335e-09,2.072349656468815e-09,0.0013630372570937754,0.002907577430428626,0.004054043615761028,0.0013630372570937754,0.002907577430428626,0.004054043615761028,0.7679492359124467,0.8800097074537927,1.740656637669611,0.06577588374116584,0.239340773554611,1.6395756768931582,6.142193578450797e-09,0.0,1.4802686524040265e-06,0.0,0.0,0.0,1.0,75
dev_strong_preexisting_00,STRONG_PREEXISTING,cart_ofmpc,cart_b_001,True,False,,0.1132680244934675,0.9398095047551543,0.2247070745119649,0.06578784893946928,1.785762617924185,1.4260390325781727,0.25,135.0673992653798,0.992508717683303,0.18855631927393518,[],3.1796,0.0,0.024896265560165973,0.00033242755404806556,0.0,0.040191040256777694,0.920915332295399,0.9333756801117716,1.0,0.0008231050253494707,0.0015980599113877792,0.0033949035907154344,0.0027947464043012547,0.003618679101320483,0.005320752530639634,0.0008231050253494707,0.0015980599113877792,0.0033949035907154344,5.3542515297103575e-09,5.8918843642502245e-09,6.276756155928695e-09,0.004864515910854173,0.009228220706977848,0.022924808244629877,0.004864515910854173,0.009228220706977848,0.022924808244629877,2.2734597397069267,2.4964329650505355,2.9883861388711335,0.15594392599667997,0.47574586982677014,1.8689297691036062,5.326294352182413e-08,1.9721522630525295e-31,9.951110604422553e-06,0.0,0.0,0.0,1.0,175
dev_strong_simultaneous_00,STRONG_SIMULTANEOUS,cart_ofmpc,cart_b_001,True,False,,0.41047331798485215,5.2089702370655,0.7255275739939249,0.5484841408065246,16.941498975005036,2.0,0.25000000000000006,135.72481572742882,1.336344465145727,0.5350841315369501,[],3.0459,0.04149377593360996,0.4149377593360996,0.18612035027562007,0.5225375744833529,0.5410542147571984,0.5580721446781072,0.9999999254094578,1.0,0.0045478138374663545,0.009390400690151533,0.010578635106392394,0.009374836343998945,0.02165167525810711,0.023273461089587305,0.0045478138374663545,0.009390400690151533,0.010578635106392394,2.27722365888986e-08,4.660717926198591e-08,5.182390412332393e-08,0.023298823159020047,0.07517509445751679,0.09572236457169413,0.021687481029093996,0.07517509445751679,0.09572236457169413,4.004264957153025,10.818607581406852,11.827079587150472,6.79843744135631,17.807443998523205,19.237446389394353,1.8547979843044282e-06,9.777030337332349e-06,4.086931400149041e-05,0.0,0.0,0.17012448132780084,1.0,475
dev_strong_post_target_00,STRONG_POST_TARGET,cart_ofmpc,cart_b_001,True,False,,0.09816011140165182,0.8828772142813357,0.18228097126699222,0.0669258056026146,1.424288108536939,1.4103678277011995,0.25,135.10800654517348,1.0137058157212544,0.1886587889460555,[],3.1619,0.0,0.024896265560165973,0.0003110581293396555,0.0,0.039853254889891936,0.9296090399960917,0.9999999254094578,1.0,0.0006391053480901405,0.001621012322136307,0.003364499480657063,0.0019688412167654643,0.003395333299885669,0.005328274457620002,0.0006391053480901405,0.001621012322136307,0.003364499480657063,3.53626889338009e-09,5.896410229094016e-09,6.311278139604509e-09,0.0036894048788102336,0.008809860324256295,0.022221553391129474,0.0036894048788102336,0.008809860324256295,0.022221553391129474,1.5690121915020252,2.473628683406852,2.973527917003849,0.1376978538323405,0.46395536244607305,1.8576973037343771,3.706930316780678e-08,4.336808689942018e-19,5.176600822442978e-06,0.0,0.0,0.0,1.0,175
dev_ramp_target_00,RAMP_STRONG,cart_ofmpc,cart_b_001,True,True,2.425,0.08508374916527119,0.47235753909528727,0.18036439501496226,0.07965293935124311,0.7728462686417589,0.7016340238095108,0.25,135.10298849522945,0.7030317560704542,0.05144424598184297,[],3.1071,0.0,0.004149377593360996,0.0,0.0,0.0,0.9350755825417334,0.9999999254094578,1.0,0.000381278750783248,0.0007042935083648775,0.0007823064361567391,0.001320856215589011,0.0027741979702278004,0.0028249816098626867,0.000381278750783248,0.0007042935083648775,0.0007823064361567391,2.682983774417581e-09,5.576061064106318e-09,5.602978644647959e-09,0.002170628148690984,0.004269203887821785,0.0048097834837028414,0.002170628148690984,0.004269203887821785,0.0048097834837028414,1.1562095672736663,2.350325560977287,2.359815456410025,0.09848073758429209,0.1862918206519341,1.6370702732494777,6.142193573315038e-09,0.0,1.4802686511550256e-06,0.0,0.0,0.0,1.0,75
dev_calm_01,NORMAL_CALM,cart_ofmpc,cart_b_001,True,True,2.045,0.055157415124830834,0.19290691893297013,0.1799999999999992,0.0006937619005873921,0.278121475369425,0.6645743745819039,0.24999999999999997,133.33511270402474,0.5823182729822822,0.05622120125251722,[],3.7054,0.0,0.0,0.0,0.0,0.0,0.9205654723717005,0.9999999254094578,1.0,7.31874984514623e-05,0.00038740296600938307,0.0006979297353343536,0.00015519238896853895,0.0007292371519895318,0.001024369882189212,7.31874984514623e-05,0.00038740296600938307,0.0006979297353343536,3.543808452339095e-11,1.5477083179205092e-10,5.206492567867776e-10,0.0002648055440762124,0.0013768877379779112,0.0024001004210235013,0.0002648055440762124,0.0013768877379779112,0.0024001004210235013,0.07971976118603834,0.36914717857624874,1.9866882875170508,0.03333716594579378,0.1411727421237137,1.5543790572212748,2.174970914844327e-12,7.888609052210118e-31,5.241679867928895e-10,0.016597510373443983,0.0,0.0,1.0,75
dev_constant_2p0_01,NORMAL_CONSTANT,cart_ofmpc,cart_b_001,True,True,2.21,0.06455699138762229,0.35782433920652673,0.18882496626759848,0.01994730176192523,0.42103125922253326,0.6685921960842145,0.25,133.3813466197547,0.584487124909508,0.06342973148246443,[],2.7455,0.0,0.0,0.0,0.0,0.0,0.9290376547995284,0.9377178355769082,1.0,0.0002800232970480102,0.0007006358966703993,0.0009081253016203641,0.0009120194254406953,0.0014773255297327156,0.0018758233882848771,0.0002800232970480102,0.0007006358966703993,0.0009081253016203641,1.7944238765917973e-09,2.048594824180991e-09,2.088241013905454e-09,0.0013507458448266884,0.003153928928928017,0.004074256139715565,0.0013507458448266884,0.003153928928928017,0.004074256139715565,0.7639028254038316,0.9089862552565671,1.7293622471853287,0.06053709670264269,0.26869820912840175,1.5657703158702951,2.1669478790724623e-12,0.0,5.222344223732023e-10,0.0,0.0,0.0,1.0,75
dev_strong_preexisting_01,STRONG_PREEXISTING,cart_ofmpc,cart_b_001,True,False,,0.10789435628474871,0.9426849928450555,0.22328251372387636,0.0657658119600705,1.7848386165611925,1.4260390325781727,0.25,133.53770789670872,0.992508717683303,0.18855631927393518,[],3.0455,0.0,0.02074688796680498,0.00033242755404806556,0.0,0.040191040256777694,0.9212952539304927,0.9333756801117716,1.0,0.0008284215054084685,0.0015980599113877792,0.0033949035907154344,0.002796602075756887,0.003945274022951171,0.005320752530639634,0.0008284215054084685,0.0015980599113877792,0.0033949035907154344,5.3526583905898894e-09,5.941996113532294e-09,6.276756155928695e-09,0.004885138536163759,0.009228220706977848,0.022924808244629877,0.004885138536163759,0.009228220706977848,0.022924808244629877,2.2742784885473792,2.575709094228295,2.9883861388711335,0.15091400157794604,0.4226801540206312,1.8689297691036062,5.189494380762458e-08,1.9721522630525295e-31,9.951110604422553e-06,0.0,0.0,0.0,1.0,175
dev_strong_simultaneous_01,STRONG_SIMULTANEOUS,cart_ofmpc,cart_b_001,True,False,,0.4300952355898661,5.1964648514510285,0.7491757785940601,0.5683550692781222,16.88116101118436,2.0,0.25000000000000006,135.15572650566264,1.3203338767732589,0.5430535718839004,[],3.7178,0.07053941908713693,0.42323651452282157,0.18694048102355518,0.5212816323480007,0.5385047464741924,0.5566561326664837,0.9999999254094578,1.0,0.004555078488929919,0.009109359818344605,0.010374006933810055,0.00937104747484074,0.021293603882156814,0.022904986800834738,0.004555078488929919,0.009109359818344605,0.010374006933810055,2.2816677150039305e-08,4.672392818859284e-08,5.058201409180068e-08,0.023217037602681664,0.07352908028274074,0.09220130731385225,0.02158006586584997,0.07352908028274074,0.09220130731385225,4.030726918181402,11.094199629640602,12.326483279786043,6.848517727194287,17.786019738546337,19.72661410903806,1.8950802188581525e-06,9.850302996383675e-06,4.008815829159573e-05,0.0,0.0,0.17427385892116182,1.0,525
dev_strong_post_target_01,STRONG_POST_TARGET,cart_ofmpc,cart_b_001,True,True,2.045,0.09214117378666248,0.8833299322421644,0.1815745257764789,0.066936395092369,1.38441261581727,1.4109225297312045,0.25,133.33511270450634,1.014649600560763,0.1879468492100355,[],3.0597,0.0,0.024896265560165973,0.00026649531650468986,0.0,0.03697103167669977,0.929654569182801,0.9999999254094578,1.0,0.0006420803788395286,0.0016110268898476567,0.003334949171549227,0.0019750159655736394,0.0035127267483705477,0.005231659686034928,0.0006420803788395286,0.0016110268898476567,0.003334949171549227,3.5476517859437525e-09,5.883377853840871e-09,6.3261843662636884e-09,0.003642950390521193,0.00870622436485345,0.022141752431184446,0.003642950390521193,0.00870622436485345,0.022141752431184446,1.5637882430791037,2.477881517755382,2.9670178149938713,0.13035692187938033,0.31094955672572305,1.8575173151198443,3.1523857874670596e-08,4.336808689942018e-19,3.1775693360991397e-06,0.0,0.0,0.0,1.0,175
dev_ramp_target_01,RAMP_STRONG,cart_ofmpc,cart_b_001,True,True,2.24,0.07839851521030666,0.47235604166884776,0.1802777281940885,0.07965741776552804,0.7509973472789553,0.6652777187320797,0.24999999999999997,133.33402298787956,0.5824761060682014,0.05704241906187564,[],2.7529,0.0,0.0,0.0,0.0,0.0,0.9349666723947203,0.9999999254094578,1.0,0.00038535092941384766,0.0007109960814469874,0.0007828542830610497,0.001323447489836543,0.002774763445131254,0.002827292093857768,0.00038535092941384766,0.0007109960814469874,0.0007828542830610497,2.6837234323832088e-09,5.576862835696631e-09,5.604042196277162e-09,0.0021507528626915316,0.004271573325090318,0.004813037301578041,0.0021507528626915316,0.004271573325090318,0.004813037301578041,1.1496901467054115,2.3503652875149124,2.3598792031834073,0.09361391693786224,0.18570279462045233,1.5629423724645712,2.1800637104160546e-12,0.0,5.253953383466126e-10,0.0,0.0,0.0,1.0,75
dev_calm_02,NORMAL_CALM,cart_ofmpc,cart_b_001,True,True,2.135,0.05790268175650321,0.188878491945014,0.18000000000000066,0.000700462130337642,0.2729893073028233,0.609251062070667,0.25,137.9714999129548,0.5740463592199472,0.04806456797639798,[],3.2682,0.0,0.004149377593360996,0.0,0.0,0.0,0.9156985915015827,0.9999999254094578,1.0,6.681647554246317e-05,0.0003316645760969898,0.0006321007931580943,0.00014710964949747726,0.0006667585774352368,0.0009328989653718542,6.681647554246317e-05,0.0003316645760969898,0.0006321007931580943,3.039423641889511e-11,1.2382077494684442e-10,4.216174846142662e-10,0.0002457031164670889,0.001238377272745251,0.0022233978658397946,0.0002457031164670889,0.001238377272745251,0.0022233978658397946,0.08296138042477831,0.34524347443460135,2.002101175481706,0.035134647429176054,0.16328017584836707,1.5712273501982867,3.4373454659610537e-10,1.232595164407831e-32,8.284002572800375e-08,0.02074688796680498,0.0,0.0,1.0,75
dev_constant_2p0_02,NORMAL_CONSTANT,cart_ofmpc,cart_b_001,True,True,2.29,0.06705801535077817,0.3524360216558915,0.18922711320930244,0.019965437232901458,0.4090161872136463,0.6044446835055574,0.25,137.9587974081977,0.5741570744276374,0.04870677708008212,[],3.6826,0.0,0.004149377593360996,0.0,0.0,0.0,0.9288751189112605,0.936148143560998,1.0,0.00027200949844359855,0.0006180302790387296,0.0008673944075887529,0.0009083654517751694,0.0014551168610618243,0.0016518572221768326,0.00027200949844359855,0.0006180302790387296,0.0008673944075887529,1.7957616220539397e-09,2.016605023992685e-09,2.065200895236059e-09,0.0013331874056378232,0.002787521858228504,0.004054043615761028,0.0013331874056378232,0.002787521858228504,0.004054043615761028,0.7641804775585452,0.8779168737524109,1.7061848792531151,0.06241670287432745,0.2562563399385327,1.582024904253685,3.384641981558226e-10,0.0,8.156987174601227e-08,0.0,0.0,0.0,1.0,75
dev_strong_preexisting_02,STRONG_PREEXISTING,cart_ofmpc,cart_b_001,True,False,,0.1096609080518273,0.9380932399331127,0.2240398461975977,0.06580509918457778,1.7560423765213218,1.4260390325781727,0.25,137.91758825599945,0.992508717683303,0.18855631927393518,[],3.4642,0.0,0.024896265560165973,0.00033242755404806556,0.0,0.040191040256777694,0.9208389051957816,0.9333756801117716,1.0,0.0008216530530573339,0.0015980599113877792,0.0033949035907154344,0.0027925210265521434,0.003518656087814712,0.005320752530639634,0.0008216530530573339,0.0015980599113877792,0.0033949035907154344,5.354011558435627e-09,5.8918843642502245e-09,6.276756155928695e-09,0.0048581835020095245,0.009228220706977848,0.022924808244629877,0.0048581835020095245,0.009228220706977848,0.022924808244629877,2.2710292266269865,2.513255955510587,2.9883861388711335,0.15317501196059113,0.4226801540206312,1.8689297691036062,5.233813383506522e-08,6.776263578034403e-21,9.951110604422553e-06,0.0,0.0,0.0,1.0,175
dev_strong_simultaneous_02,STRONG_SIMULTANEOUS,cart_ofmpc,cart_b_001,True,False,,0.4048672526325258,4.996899326190333,0.6958800209271072,0.5459941561321447,16.801999295388406,2.0,0.25,138.49749062580568,1.272521039858067,0.512503966235091,[],3.6285,0.06224066390041494,0.4190871369294606,0.18432188169675517,0.5163828580970651,0.5371652393104914,0.5600366979668955,0.9999999254094578,1.0,0.004513761871818819,0.009144124856546977,0.01032941248019439,0.009259674657580074,0.021127857534168203,0.022950662900685693,0.004513761871818819,0.009144124856546977,0.01032941248019439,2.2574708528937537e-08,4.629464834895081e-08,5.063224361047703e-08,0.022743214782893106,0.07071709747848715,0.08723633181559746,0.021096993009941487,0.07071709747848715,0.08723633181559746,3.97774406111045,11.118667306239063,12.201523921795667,6.7178118776472,18.08848762516426,19.34386623076148,1.80324389841495e-06,8.928740594882356e-06,2.7899376412676702e-05,0.0,0.0,0.17012448132780084,1.0,325
dev_strong_post_target_02,STRONG_POST_TARGET,cart_ofmpc,cart_b_001,True,False,,0.09423676365496206,0.8808037779407472,0.18229108134650665,0.06692213103805712,1.40029818686636,1.410582365080162,0.25,137.9714999101547,1.0127831970073202,0.18876961390655417,[],2.7292,0.0,0.02074688796680498,0.00031866937718007314,0.0,0.040321759513970504,0.9292915541518898,0.9999999254094578,1.0,0.0006363625206953968,0.0016223426173745975,0.0033701549010496695,0.001963759080430814,0.0033786887538824846,0.005343612839488574,0.0006363625206953968,0.0016223426173745975,0.0033701549010496695,3.533870209062858e-09,5.895826906346702e-09,6.307580383808706e-09,0.003650637627471846,0.008934882049455804,0.022299471885859408,0.003650637627471846,0.008934882049455804,0.022299471885859408,1.5624286578800377,2.474139049663356,2.9742148426730552,0.13448294027555355,0.381118921143517,1.8565732752958068,3.782744171669412e-08,6.505213034913027e-19,7.1730892532428925e-06,0.0,0.0,0.0,1.0,175
dev_ramp_target_02,RAMP_STRONG,cart_ofmpc,cart_b_001,True,True,2.325,0.08044767431662776,0.47029695191792875,0.18036336441728867,0.07966815003644051,0.7453879567976984,0.6084685596290436,0.25,137.96677682764133,0.573925985555586,0.047946560054266146,[],2.2134,0.0,0.004149377593360996,0.0,0.0,0.0,0.9350815672614852,0.9999999254094578,1.0,0.0003785088185326433,0.0007042833831736483,0.0007818709523605148,0.0013170343617770405,0.0027741963760955705,0.0028240531109093837,0.0003785088185326433,0.0007042833831736483,0.0007818709523605148,2.682898194546745e-09,5.5758813099174125e-09,5.602994277977558e-09,0.002129964452087193,0.004269462072073799,0.004807091709757384,0.002129964452087193,0.004269462072073799,0.004807091709757384,1.1527271858630117,2.3503927574419055,2.3598338203203255,0.09548561141315809,0.18806091503261987,1.5796012852877472,3.4684288083502794e-10,0.0,8.358913428097026e-08,0.0,0.0,0.0,1.0,75
dev_calm_03,NORMAL_CALM,cart_ofmpc,cart_b_001,True,True,2.035,0.055701619370082146,0.277089532657672,0.18000000000000058,0.0010479371823982678,0.2117269861008816,0.6075984200522025,0.25,137.96307517302645,0.6283718501271689,0.0744463308079424,[],2.4224,0.0,0.004149377593360996,0.0,0.0,0.0,0.9318805555270555,0.9999999254094578,1.0,0.00010153819579907615,0.0005138549981260518,0.0009611959717723553,0.00022008874885392208,0.0010246609142411708,0.0013827508528158892,0.00010153819579907615,0.0005138549981260518,0.0009611959717723553,4.739242314101227e-11,2.1152625478004966e-10,6.396003268286944e-10,0.0003497978954924267,0.0018605294485056142,0.0032722960352688747,0.0003497978954924267,0.0018605294485056142,0.0032722960352688747,0.06958368490237025,0.3040629329279016,1.9759999681568219,0.031301325223876623,0.13320204323402937,1.5827374616802272,2.2280017019946018e-08,7.888609052210118e-31,5.3694841017915e-06,0.004149377593360996,0.0,0.0,1.0,75
dev_constant_2p0_03,NORMAL_CONSTANT,cart_ofmpc,cart_b_001,True,True,1.9649999999999999,0.05500019892354706,0.38692669943281405,0.16862160680761276,0.02080177615440965,0.3481979194090589,0.605907539411435,0.25,137.87287026362054,0.6220756771349395,0.06666496725384574,[],2.1631,0.0,0.004149377593360996,0.0,0.0,0.0,0.9284664594653083,0.9361787509854705,1.0,0.0002906398928888443,0.0006917855273875885,0.0009832701577719798,0.0009069002965978223,0.0013738419279949424,0.0016539595433824879,0.0002906398928888443,0.0006917855273875885,0.0009832701577719798,1.7613721129789855e-09,1.9657154915925126e-09,2.369302822337251e-09,0.001351527987967466,0.002948790884239836,0.004054043615761028,0.001351527987967466,0.002948790884239836,0.004054043615761028,0.7535488103142183,0.8110040286331075,2.596767468108581,0.05721176148286096,0.22197613763408922,1.5656993920815556,2.61386130812806e-08,0.0,6.299405752585585e-06,0.0,0.0,0.0,1.0,75
dev_strong_preexisting_03,STRONG_PREEXISTING,cart_ofmpc,cart_b_001,True,False,,0.08700880197533188,0.9493061845294037,0.16472664733058598,0.06667274690090169,1.687531900159476,1.4260390325781727,0.25,137.6597028626237,0.992508717683303,0.18855631927393518,[],2.9726,0.0,0.024896265560165973,0.00033242755404806556,0.0,0.040191040256777694,0.9209389067004832,0.934572718304708,1.0,0.0008215883478513166,0.0015980599113877792,0.0033949035907154344,0.0027499818669368013,0.0034850989034511475,0.005320752530639634,0.0008215883478513166,0.0015980599113877792,0.0033949035907154344,5.296968139728337e-09,5.969476273372901e-09,6.276756155928695e-09,0.004828612544162542,0.009228220706977848,0.022924808244629877,0.004828612544162542,0.009228220706977848,0.022924808244629877,2.2674113977554957,2.60207109869933,4.104933981413119,0.14645456652172684,0.4226801540206312,1.8689297691036062,5.29468251086822e-08,1.9721522630525295e-31,9.951110604422553e-06,0.0,0.0,0.0,1.0,175
dev_strong_simultaneous_03,STRONG_SIMULTANEOUS,cart_ofmpc,cart_b_001,True,False,,0.07259087301107914,0.8576508219915708,0.18000000000000058,0.06630487168301955,1.2193345500988806,1.2604636437969083,0.25,138.40778800879391,0.957617978175505,0.20097584351864706,[],2.1208,0.0,0.024896265560165973,0.0,0.0,0.0,0.9417831865155676,0.9999999254094578,1.0,0.0006295018933835097,0.00167760219740445,0.0026728332798231593,0.0020696389704503416,0.00347142117365707,0.004929445108102215,0.0006295018933835097,0.00167760219740445,0.0026728332798231593,4.015464019891893e-09,5.9003261393808344e-09,6.029774055120896e-09,0.0034072750827865836,0.00816932272023498,0.011141300233129682,0.0034072750827865836,0.00816932272023498,0.011141300233129682,1.6890560973913202,2.3704544904949327,2.614374530732952,0.10544232886808441,0.278305220479725,1.6436653945864548,5.219480268362448e-08,1.232595164407831e-32,5.3694841017915e-06,0.0,0.0,0.0,1.0,150
dev_strong_post_target_03,STRONG_POST_TARGET,cart_ofmpc,cart_b_001,True,True,2.035,0.09029564523227675,0.8737791697173679,0.17262507089695767,0.06683557563222163,1.3138158344547093,1.4365682648815123,0.25,137.96307517611285,0.9627857122646963,0.1856997477119968,[],2.5475,0.0,0.02074688796680498,0.000146385079302571,0.0,0.02777391816405635,0.9293064854983558,0.9999999254094578,1.0,0.0006653893771206327,0.0015678740134105818,0.0032998261164089025,0.0020346980428631953,0.003900259489213191,0.004985615177716905,0.0006653893771206327,0.0015678740134105818,0.0032998261164089025,3.5927866651888154e-09,5.898636244334459e-09,6.308706570550585e-09,0.00371521730802888,0.00841323327405949,0.02268135177693717,0.00371521730802888,0.00841323327405949,0.02268135177693717,1.560909544732537,2.4640248877868647,2.9445583498163597,0.12404470183592092,0.3209959258030938,1.8138137763655453,3.561491370910474e-08,3.3881317890172014e-21,5.369484101513944e-06,0.0,0.0,0.0,1.0,175
dev_ramp_target_03,RAMP_STRONG,cart_ofmpc,cart_b_001,True,True,2.175,0.07570154985016014,0.5401038484856053,0.17959051711578417,0.08048398632436118,0.6982062796659245,0.6067959463774636,0.25,137.9447756303961,0.6255745153208042,0.07189413026617218,[],2.8636,0.0,0.004149377593360996,0.0,0.0,0.0,0.9348623490358858,0.9999999254094578,1.0,0.0004034259969349657,0.0007241830789832652,0.0009334250859292899,0.0013599518809533605,0.0027818871493900357,0.0028083057447981174,0.0004034259969349657,0.0007241830789832652,0.0009334250859292899,2.6585265648349334e-09,5.591653431527232e-09,5.619940008679156e-09,0.00220926524752426,0.004297592739346835,0.004662662712777196,0.00220926524752426,0.004297592739346835,0.004662662712777196,1.1287546964245647,2.3523245821491807,2.362375046737761,0.0900627717636805,0.18199094281201014,1.5698031212028263,2.4592116216000598e-08,0.0,5.926700008040964e-06,0.0,0.0,0.0,1.0,75
dev_calm_04,NORMAL_CALM,cart_ofmpc,cart_b_001,True,True,2.37,0.06699929945083619,0.10373337028917652,0.18268033605845477,0.00046024044435840147,0.3556247276116906,0.8140273992674777,0.25,131.2790668368635,0.866529602003905,0.025977756124540043,[],3.1118,0.0,0.004149377593360996,0.0,0.0,0.0,0.9165909692022053,0.9999999254094578,1.0,3.555289683260483e-05,0.00017481619796901938,0.00036349460298893625,7.87973341687699e-05,0.0003651913471013095,0.000525729058510183,3.555289683260483e-05,0.00017481619796901938,0.00036349460298893625,1.6992527525123494e-11,7.370456630214327e-11,2.2902432602136068e-10,0.00028403459636174835,0.001829776902172306,0.0030736050840163404,0.00028403459636174835,0.001829776902172306,0.0030736050840163404,0.09825237603231804,0.3796737160784416,2.060701857987637,0.043616663094150646,0.15546551034845374,1.7223826255578607,1.272169394312927e-08,0.0,3.0659282402867305e-06,0.012448132780082987,0.0,0.0,1.0,100
dev_constant_2p0_04,NORMAL_CONSTANT,cart_ofmpc,cart_b_001,True,True,2.41,0.06948639046538217,0.3051489534078628,0.17847225066163572,0.020502218458875735,0.4938094739155885,0.8139716636472955,0.25,131.2652434990959,0.8664901922676423,0.0450547721408701,[],2.9382,0.0,0.004149377593360996,0.0,0.0,0.0,0.9278260508768338,0.9351792379848786,1.0,0.0002496566779399077,0.0005193257455749817,0.0008673944075887529,0.0008622786169776461,0.0011456003295660057,0.001489602475913572,0.0002496566779399077,0.0005193257455749817,0.0008673944075887529,1.7696334464086776e-09,1.9456389789879825e-09,2.065200895236059e-09,0.0013555641462261753,0.0027766156845473247,0.004054043615761028,0.0013555641462261753,0.0027766156845473247,0.004054043615761028,0.766631878970206,0.8385212025644722,2.403894526683286,0.06988656454127395,0.24569285901928464,1.7168200348229106,1.272169394944358e-08,0.0,3.065928241813287e-06,0.0,0.0,0.0,1.0,100
dev_strong_preexisting_04,STRONG_PREEXISTING,cart_ofmpc,cart_b_001,True,False,,0.10206532894767055,0.9205002503860832,0.17475122406117435,0.06631886090840705,1.8363563614624783,1.4260390325781727,0.25,131.8056775184258,0.992508717683303,0.18855631927393518,[],2.7327,0.0,0.03319502074688797,0.00033242755404806556,0.0,0.040191040256777694,0.9204967400746024,0.9333756801117716,1.0,0.0008055593328531032,0.0015980599113877792,0.0033949035907154344,0.0027516077485600526,0.0034850989034511475,0.005320752530639634,0.0008055593328531032,0.0015980599113877792,0.0033949035907154344,5.310095910178063e-09,5.8918843642502245e-09,6.276756155928695e-09,0.004822734982882952,0.009228220706977848,0.022924808244629877,0.004822734982882952,0.009228220706977848,0.022924808244629877,2.2725968975156072,2.60207109869933,3.617000749781637,0.15765515376159298,0.47574586982677014,1.8689297691036062,6.107855766190559e-08,6.776263578034403e-21,9.951110604422553e-06,0.0,0.0,0.0,1.0,175
dev_strong_simultaneous_04,STRONG_SIMULTANEOUS,cart_ofmpc,cart_b_001,True,False,,0.09605239885436433,0.8297810300168761,0.19107063880651118,0.06620045929426054,1.6761953834684895,1.331502328882389,0.25,132.71070451051634,0.975484446446067,0.20347894198408398,[],3.0344,0.0,0.03734439834024896,0.0004960823716088782,0.0,0.06648053619399424,0.9399804555578402,0.9999999254094578,1.0,0.0006488461275395914,0.0016127765947142121,0.003431967895918871,0.002053689249836257,0.003427903637091075,0.005330366551227454,0.0006488461275395914,0.0016127765947142121,0.003431967895918871,3.942272390947651e-09,5.845955404700491e-09,6.163498266964821e-09,0.004020512910268939,0.012636863943886566,0.02444810067904806,0.004020512910268939,0.012636863943886566,0.02444810067904806,1.6860685168830725,2.5004301454210873,3.0282402751220294,0.13860529956060605,0.5976753877236011,1.8762806601493955,4.1131613549555294e-08,8.673617379884035e-19,3.1280404545475093e-06,0.0,0.0,0.0,1.0,200
dev_strong_post_target_04,STRONG_POST_TARGET,cart_ofmpc,cart_b_001,True,False,,0.09809255294337338,0.8540651692845951,0.17583749633434229,0.06689563338083765,1.444464616471235,1.4237675943310037,0.25,131.68611590976676,0.981677361188353,0.1861232875980747,[],2.6745,0.0,0.02074688796680498,0.0001326679822958286,0.0,0.02779749017930986,0.9289380028251176,0.9999999254094578,1.0,0.0006117387410653983,0.0015927494925208536,0.003291748590057068,0.0019326413563789378,0.003607688542180896,0.00503091798378266,0.0006117387410653983,0.0015927494925208536,0.003291748590057068,3.570510260823433e-09,5.911257038446449e-09,6.33015766716549e-09,0.0036590503004816097,0.008521227043191889,0.022482743595437713,0.0036590503004816097,0.008521227043191889,0.022482743595437713,1.5888355120130364,2.4625365006247697,2.946284920884227,0.1365797662909145,0.4748616924382929,1.8178443731674097,6.402269562777525e-08,1.6940658945086007e-21,1.0587190847788364e-05,0.0,0.0,0.0,1.0,175
dev_ramp_target_04,RAMP_STRONG,cart_ofmpc,cart_b_001,True,True,2.4750000000000005,0.08540298863597263,0.4677288664121156,0.18153251339463322,0.08018739961974436,0.8371779194436699,0.8140654275645054,0.25,131.2781606135235,0.8666629554224091,0.024516562344751414,[],3.8427,0.0,0.004149377593360996,0.0,0.0,0.0,0.933694594360351,0.9999999254094578,1.0,0.0003577046405420511,0.0007062553230093091,0.0007682345226847812,0.0012795461881976303,0.0027782340940100195,0.002815736710836481,0.0003577046405420511,0.0007062553230093091,0.0007682345226847812,2.6630675389197995e-09,5.583430528797973e-09,5.612110358299186e-09,0.002185738906308861,0.0042809588682295304,0.004720534785477119,0.002185738906308861,0.0042809588682295304,0.004720534785477119,1.151927084745014,2.351710620091352,2.3613180768967226,0.10189501883789939,0.184561877908502,1.718720135182397,1.2721693939658486e-08,0.0,3.0659282394540632e-06,0.0,0.0,0.0,1.0,100
dev_calm_05,NORMAL_CALM,cart_ofmpc,cart_b_001,True,True,1.7999999999999998,0.04566143561773018,0.1349002318553074,0.17999999999999952,0.00040956527114028197,0.23742478784130228,0.8286794468995897,0.25,140.86927514998033,0.33964121272395126,0.030620613616216468,[],3.7792,0.0,0.012448132780082987,0.0,0.0,0.0,0.9223502272657712,0.9999999254094578,1.0,4.491325493545851e-05,0.0002106674764666511,0.00044231189006887703,0.00010074579615442658,0.00044921468803208733,0.0006403910281652113,4.491325493545851e-05,0.0002106674764666511,0.00044231189006887703,2.0701976810999315e-11,8.745064578859788e-11,2.6813874602827376e-10,0.00015239962690190122,0.0006354986346129316,0.0015973160652467614,0.00015239962690190122,0.0006354986346129316,0.0015973160652467614,0.07384510683809278,0.39916550101136145,1.9446433642630572,0.03243918458701131,0.1952293454207711,1.572067356707058,1.4219014565621869e-08,0.0,3.274635382966018e-06,0.004149377593360996,0.0,0.0,1.0,150
dev_constant_2p0_05,NORMAL_CONSTANT,cart_ofmpc,cart_b_001,True,True,2.08,0.05555665418079192,0.32657066550846037,0.18708844133660496,0.020091733525597504,0.37424589863265556,0.8242265485642845,0.25,140.83683770255317,0.44706481659041264,0.0450547721408701,[],2.6425,0.0,0.012448132780082987,0.0,0.0,0.0,0.9285819728201201,0.9351792379848786,1.0,0.0002592842633209494,0.000584270234292533,0.0008673944075887529,0.0008891579776252255,0.0013527643136046427,0.001489602475913572,0.0002592842633209494,0.000584270234292533,0.0008673944075887529,1.791671844965833e-09,1.9754570530353384e-09,2.065200895236059e-09,0.0012983213260479181,0.002670061259275243,0.004054043615761028,0.0012983213260479181,0.002670061259275243,0.004054043615761028,0.7615135493204328,0.8756991937114081,1.7595803315244245,0.06038113986728318,0.26413078434664217,1.5802886849575586,1.4409930832261764e-08,0.0,3.320138943663231e-06,0.0,0.0,0.0,1.0,150
dev_strong_preexisting_05,STRONG_PREEXISTING,cart_ofmpc,cart_b_001,True,False,,0.10138081022531899,0.9289542884642422,0.21617337927047847,0.06592434793052092,1.721144724179254,1.4260390325781727,0.25,140.7404049549119,0.992508717683303,0.18855631927393518,[],3.7135,0.0,0.03319502074688797,0.00033242755404806556,0.0,0.040191040256777694,0.9206861391170389,0.9333756801117716,1.0,0.0008156391081565551,0.0015980599113877792,0.0033949035907154344,0.0027802674832142498,0.0034850989034511475,0.005320752530639634,0.0008156391081565551,0.0015980599113877792,0.0033949035907154344,5.3478313657719505e-09,5.8918843642502245e-09,6.276756155928695e-09,0.004845242507703201,0.009228220706977848,0.022924808244629877,0.004845242507703201,0.009228220706977848,0.022924808244629877,2.2698804576034575,2.526314522677786,2.9883861388711335,0.1518631022574865,0.37361297253381165,1.8689297691036062,7.378990748398647e-08,2.710505431213761e-20,9.951110604422553e-06,0.0,0.0,0.0,1.0,175
dev_strong_simultaneous_05,STRONG_SIMULTANEOUS,cart_ofmpc,cart_b_001,True,False,,0.4146358351262351,5.211485601856644,0.7515550642973763,0.5974069726369368,16.845379485527815,2.0,0.25,141.59617574169266,1.3850458416375928,0.5345724529467856,[],3.3053,0.024896265560165973,0.3775933609958506,0.18225277041229188,0.5226748263800719,0.5510385922966979,0.564626118721613,0.9999999254094578,1.0,0.004425152031000988,0.009147424893751924,0.010614955546432159,0.009111710893611537,0.02161450895139326,0.02326696911779971,0.004425152031000988,0.009147424893751924,0.010614955546432159,2.199856309354718e-08,4.656191935788034e-08,5.1578442422552936e-08,0.02257920016911744,0.07596192353945719,0.09612154935565846,0.020901216053266756,0.07596192353945719,0.09612154935565846,3.9548504398989324,11.682428209663442,12.625851805194285,6.547772922510416,18.30391889655006,20.125463078997043,1.7023572540542073e-06,8.228642254692886e-06,4.872533436461879e-05,0.0,0.0,0.17012448132780084,1.0,450
dev_strong_post_target_05,STRONG_POST_TARGET,cart_ofmpc,cart_b_001,True,True,1.8000000000000003,0.08713180070620755,0.865773393270969,0.18138939810408009,0.06690187007943935,1.3712126706256185,1.4137000290295236,0.25000000000000006,140.86927514744158,1.0065568972633283,0.18867107968093047,[],3.4189,0.0,0.03319502074688797,0.00032670708375761426,0.0,0.04069924735214682,0.929879121971271,0.9999999254094578,1.0,0.0006183030557956041,0.0016172724005370262,0.003376657296002139,0.0019297920847204276,0.0033802768659723214,0.00534003414251295,0.0006183030557956041,0.0016172724005370262,0.003376657296002139,3.5254363981004172e-09,5.895943391412185e-09,6.2977644856175565e-09,0.0035807843127814106,0.009201504696510479,0.022424243376743386,0.0035807843127814106,0.009201504696510479,0.022424243376743386,1.554551942659503,2.475958438316464,2.973098373748161,0.13221549097225535,0.3655320926233185,1.848652738174446,5.28463095239241e-08,4.336808689942018e-19,6.952488165623549e-06,0.0,0.0,0.0,1.0,175
dev_ramp_target_05,RAMP_STRONG,cart_ofmpc,cart_b_001,True,True,2.045,0.07177182741688842,0.4568420203742425,0.18029094947861113,0.0797991443967992,0.7117094618341951,0.8277571362345388,0.25,140.86069303273482,0.3428562005596363,0.03050883509699386,[],2.7172,0.0,0.012448132780082987,0.0,0.0,0.0,0.9349552519894339,0.9999999254094578,1.0,0.00036286624220721397,0.0007045868523592051,0.000779325347721971,0.0012913501903116047,0.0027754468166575736,0.0028212799131313283,0.00036286624220721397,0.0007045868523592051,0.000779325347721971,2.6794868074159455e-09,5.5771725341480916e-09,5.604891281596315e-09,0.0020702878668192337,0.0042739494721852535,0.004788341775658785,0.0020702878668192337,0.0042739494721852535,0.004788341775658785,1.1487873069611412,2.350696920356351,2.3602286459114126,0.0941283295926054,0.20715896675841258,1.5775179532211039,1.4094742035593921e-08,0.0,3.2437077416846982e-06,0.0,0.0,0.0,1.0,150
dev_calm_06,NORMAL_CALM,cart_ofmpc,cart_b_001,True,True,2.24,0.07179964791542182,0.3006052056646332,0.22999999999999943,0.0012029941284869255,0.3581284290648295,0.7606996862982127,0.25,140.0141978033185,0.6276582585427627,0.07736803526872578,[],4.6017,0.0,0.004149377593360996,0.0,0.0,0.0,0.931201885439179,0.9999999254094578,1.0,0.00010771440777098963,0.0005330492248872615,0.0009800281351071323,0.00023636483006598912,0.0010912046884919036,0.0014686403089316507,0.00010771440777098963,0.0005330492248872615,0.0009800281351071323,4.974916116398766e-11,2.207608943340577e-10,6.506339329287536e-10,0.0003731082575072216,0.0019389919500009299,0.0033695487153472857,0.0003731082575072216,0.0019389919500009299,0.0033695487153472857,0.09807343043564876,0.41991825615108475,2.53709852588648,0.04483047488621161,0.2148685783777335,2.107690363319115,4.3874679391272246e-08,1.6940658945086007e-21,1.0573797733282042e-05,0.012448132780082987,0.0,0.0,1.0,75
dev_constant_2p0_06,NORMAL_CONSTANT,cart_ofmpc,cart_b_001,True,True,2.34,0.08140389683722268,0.42062590215086954,0.24102215133235122,0.019711359419954617,0.49066250705126857,0.7546917640619113,0.25,140.00126790309906,0.6349453623319465,0.07676499316086272,[],3.6679,0.0,0.004149377593360996,0.0,0.0,0.0,0.9291517802559615,0.9390219115703151,1.0,0.00029939223495165497,0.000712569831880268,0.0011335248407981693,0.0009533934421182627,0.001489602475913572,0.0021131167956984095,0.00029939223495165497,0.000712569831880268,0.0011335248407981693,1.8061167411558066e-09,2.1021055611165457e-09,2.2206441521378636e-09,0.001420846196705921,0.0034657769050210926,0.004941166290890694,0.001420846196705921,0.0034657769050210926,0.004941166290890694,0.775751931974469,0.9192992047148502,2.094618866108782,0.07183161242416351,0.30856676027876456,2.121775823955391,3.777973815633893e-08,0.0,9.104916895652515e-06,0.0,0.0,0.0,1.0,75
dev_strong_preexisting_06,STRONG_PREEXISTING,cart_ofmpc,cart_b_001,True,False,,0.12207703689081155,0.9644275044020679,0.27960672163206707,0.06558452025502488,1.835295882041431,1.4260390325781727,0.25,139.94861409721838,0.992508717683303,0.18855631927393518,[],3.0369,0.0,0.029045643153526972,0.00033242755404806556,0.0,0.040191040256777694,0.9211150946448281,0.9333756801117716,1.0,0.0008358926006791486,0.0015980599113877792,0.0033949035907154344,0.0028184760318748113,0.003869004267841393,0.005320752530639634,0.0008358926006791486,0.0015980599113877792,0.0033949035907154344,5.3716069586782575e-09,6.037260071679167e-09,6.276756155928695e-09,0.004919952701412156,0.009228220706977848,0.022924808244629877,0.004919952701412156,0.009228220706977848,0.022924808244629877,2.275066701760017,2.5644326162314774,2.9883861388711335,0.16244074860922164,0.47574586982677014,2.157334675264273,5.933629011002986e-08,8.470329472543003e-22,9.951110604422553e-06,0.0,0.0,0.0,1.0,175
dev_strong_simultaneous_06,STRONG_SIMULTANEOUS,cart_ofmpc,cart_b_001,True,False,,0.41797726367067795,5.206222306697074,0.7123527402070906,0.554322057162531,17.03228236037961,2.0,0.25000000000000006,140.78295128031692,1.3267568909248253,0.5328544257753937,[],3.8279,0.07053941908713693,0.3900414937759336,0.18643225850723288,0.5219983311784611,0.5412342122103475,0.556093727297981,0.9999999254094578,1.0,0.004553676055164209,0.009394709236760935,0.010441003507271868,0.009395221294088577,0.021586747833752883,0.023190951552240748,0.004553676055164209,0.009394709236760935,0.010441003507271868,2.279925101979239e-08,4.678382079259285e-08,5.119850942585721e-08,0.023404233875024116,0.07434748983330319,0.09457060517157684,0.021806212106888444,0.07434748983330319,0.09457060517157684,4.0233801235742765,10.872081090382093,11.845726908315608,6.823135155386321,17.91229148384139,19.20168500074002,1.6367434818140304e-06,8.137373438188433e-06,2.5205588702448267e-05,0.0,0.0,0.17012448132780084,1.0,525
dev_strong_post_target_06,STRONG_POST_TARGET,cart_ofmpc,cart_b_001,True,False,,0.10420797103677264,0.918557087890886,0.185286453838115,0.0669425094052649,1.5104850109035197,1.405598143437241,0.25,140.01419779882843,1.0231004933876355,0.1901870936560618,[],3.9373,0.0,0.03319502074688797,0.000374721479859438,0.0,0.04606166205277441,0.9273672573966283,0.9999999254094578,1.0,0.0006715358317234191,0.0016403070811146045,0.003422060861204529,0.002022999868231249,0.0031798669260408286,0.0055363323084975154,0.0006715358317234191,0.0016403070811146045,0.003422060861204529,3.5421227128012517e-09,5.894940724611525e-09,6.300177098909932e-09,0.003797961425500545,0.010396740783921424,0.022770388249768934,0.003797961425500545,0.010396740783921424,0.022770388249768934,1.5714414642609946,2.5370985258864875,2.986470384580207,0.14807258360136205,0.49044835481945603,2.1076903633191213,7.204073423012419e-08,1.734723475976807e-18,1.057379773411471e-05,0.004149377593360996,0.0,0.0,1.0,175
dev_ramp_target_06,RAMP_STRONG,cart_ofmpc,cart_b_001,True,True,2.38,0.09168410425542536,0.5126602550795413,0.2304400353937024,0.07936761362927901,0.8252596024101653,0.7598154224386888,0.25,140.01121294895873,0.6304974486612505,0.07661117456084914,[],2.4873,0.0,0.004149377593360996,0.0,0.0,0.0,0.9351496196698629,0.9999999254094578,1.0,0.00040911744630006843,0.0007556077248456911,0.0010032511391023728,0.001372144485775756,0.002771900964610886,0.0028290076163917507,0.00040911744630006843,0.0007556077248456911,0.0010032511391023728,2.6955274241227866e-09,5.572320960399246e-09,5.59830229395688e-09,0.0022128898315823603,0.004261473224778226,0.004837893070028187,0.0022128898315823603,0.004261473224778226,0.004837893070028187,1.1700061613818349,2.350607207877724,2.523352437527002,0.10493971590784981,0.23472383607147002,2.1185974437768254,3.961937775619677e-08,0.0,9.548270039239082e-06,0.0,0.0,0.0,1.0,75
dev_calm_07,NORMAL_CALM,cart_ofmpc,cart_b_001,True,True,1.6100000000000003,0.05175195492739033,0.1320225538488869,0.23000000000000037,0.00038210444797522736,0.3632886385328285,1.0722512464156342,0.25,144.0903269554635,0.36071631150276545,0.03355797567513655,[],4.6051,0.0,0.004149377593360996,0.0,0.0,0.0,0.9209249085454603,0.9999999254094578,1.0,4.676711209581769e-05,0.00023106370031676621,0.0005140935262053872,0.00010260336804987769,0.00047581349411202,0.000698578769218436,4.676711209581769e-05,0.00023106370031676621,0.0005140935262053872,2.208951091615514e-11,1.0050037400311392e-10,2.9988589204876686e-10,0.00015583288300014328,0.0007826313333297503,0.0018249140487922055,0.00015583288300014328,0.0007826313333297503,0.0018249140487922055,0.09432880188616466,0.5283904000848276,2.4525437210182996,0.04342951635277164,0.20953390397722393,2.1221745474191733,3.1992524652547156e-08,7.888609052210118e-31,7.710175101149908e-06,0.012448132780082987,0.0,0.0,1.0,175
dev_constant_2p0_07,NORMAL_CONSTANT,cart_ofmpc,cart_b_001,True,True,1.3899999999999997,0.05469109024766194,0.31949552868442804,0.22647440294137292,0.020599377725484987,0.5014742350800052,1.0721579187683465,0.25,144.07872744313934,0.44706481659041264,0.0450547721408701,[],3.0863,0.0,0.004149377593360996,0.0,0.0,0.0,0.928128139027193,0.9367281267185339,1.0,0.000259047960679552,0.0005193257455749817,0.0008673944075887529,0.0008690876609342981,0.0012045767588391993,0.001489602475913572,0.000259047960679552,0.0005193257455749817,0.0008673944075887529,1.7707113346967167e-09,1.965128055553421e-09,2.125268707149389e-09,0.0012788219135369948,0.0023824523990840893,0.004054043615761028,0.0012788219135369948,0.0023824523990840893,0.004054043615761028,0.771037575413685,0.9207522020355814,2.7457986323571655,0.07101709402022419,0.297493607153014,2.1165828576167955,3.2944042936734366e-08,0.0,7.939491260322562e-06,0.0,0.0,0.0,1.0,175
dev_strong_preexisting_07,STRONG_PREEXISTING,cart_ofmpc,cart_b_001,True,False,,0.09218045704808768,0.9301889686254848,0.2221399787936443,0.06645342610435548,1.848586799364519,1.4260390325781727,0.25,144.057665341212,0.992508717683303,0.18855631927393518,[],2.7606,0.0,0.02074688796680498,0.00033242755404806556,0.0,0.040191040256777694,0.9208883515003031,0.9333756801117716,1.0,0.0008118155414852241,0.0015980599113877792,0.0033949035907154344,0.0027528200746198763,0.0034850989034511475,0.005320752530639634,0.0008118155414852241,0.0015980599113877792,0.0033949035907154344,5.315630558221642e-09,5.911491050633403e-09,6.276756155928695e-09,0.004814578348891592,0.009228220706977848,0.022924808244629877,0.004814578348891592,0.009228220706977848,0.022924808244629877,2.2754654035019377,2.5877420212775775,3.849708709919147,0.16154906756391174,0.4226801540206312,2.1058099982769236,5.189493990088334e-08,1.9721522630525295e-31,9.951110604422553e-06,0.0,0.0,0.0,1.0,175
dev_strong_simultaneous_07,STRONG_SIMULTANEOUS,cart_ofmpc,cart_b_001,True,False,,0.08322507591859145,0.8930432946094357,0.23000000000000037,0.06599647044162016,1.4637150857480519,1.3464125329010002,0.25,144.53061360833107,0.950272560955172,0.20883017705217852,[],3.2989,0.0,0.03319502074688797,0.0,0.0,0.0,0.9418802761660314,0.9999999254094578,1.0,0.0006423582330732756,0.0018176287961502043,0.002585074690878693,0.002109529403405736,0.003584313090097428,0.005291037948623711,0.0006423582330732756,0.0018176287961502043,0.002585074690878693,4.037098015865149e-09,5.973720315285844e-09,6.243542536393365e-09,0.0035308076559085475,0.009169073247440167,0.012305648334984503,0.0035308076559085475,0.009169073247440167,0.012305648334984503,1.726695927836023,2.4525437210182996,2.737961093043337,0.12826759494122764,0.3430644169877606,2.1221745474191733,1.5694490601226298e-07,4.235164736271502e-22,1.2221244189092317e-05,0.0,0.0,0.0,1.0,175
dev_strong_post_target_07,STRONG_POST_TARGET,cart_ofmpc,cart_b_001,True,True,1.6099999999999999,0.08862341468396874,0.8537509547380525,0.17564526293568505,0.06687000270280033,1.4648407588228685,1.4262262731080657,0.25,144.09032695710434,0.9775933200939473,0.18678730689128778,[],2.5613,0.0,0.029045643153526972,0.00018577944622851758,0.0,0.030864158330745,0.9298939249993103,0.9999999254094578,1.0,0.0006205896865937433,0.001594947804318507,0.0033153504227268677,0.001946454050811283,0.003656924552844977,0.005077864364176095,0.0006205896865937433,0.001594947804318507,0.0033153504227268677,3.560944430376206e-09,5.871152522483448e-09,6.319311550606909e-09,0.003554375913192633,0.008425667720922148,0.022436722582435113,0.003554375913192633,0.008425667720922148,0.022436722582435113,1.5853422569179718,2.4733574328731422,2.9539707649405575,0.13741685293767095,0.3662125565582466,2.1221745474191716,8.473637366463135e-08,8.673617379884035e-19,8.100116562381743e-06,0.0,0.0,0.0,1.0,175
dev_ramp_target_07,RAMP_STRONG,cart_ofmpc,cart_b_001,True,True,1.4750000000000005,0.07399111367791875,0.4762310294894137,0.22990219665079908,0.080240787507512,0.8450016796121542,1.0713832269373522,0.25,144.07662967044766,0.35646017021259363,0.032671231157145784,[],3.6894,0.0,0.004149377593360996,0.0,0.0,0.0,0.9342284702758222,0.9999999254094578,1.0,0.0003659098322367639,0.0007060444934819255,0.000765347575975078,0.0012938299160471915,0.0027784663599351458,0.0028112777986038467,0.0003659098322367639,0.0007060444934819255,0.000765347575975078,2.6639567448664536e-09,5.582536912158516e-09,5.612419645853893e-09,0.0020975414287219118,0.004283025574368876,0.004701466831572345,0.0020975414287219118,0.004283025574368876,0.004701466831572345,1.1607175814705557,2.352079155078006,2.456025661564873,0.10450160320531239,0.2127038247423366,2.1187401937795296,3.144783439214313e-08,0.0,7.578904786365026e-06,0.0,0.0,0.0,1.0,175
dev_calm_08,NORMAL_CALM,cart_ofmpc,cart_b_001,True,True,2.37,0.07932243619750771,0.432468031397284,0.22999999999999984,0.0017813976274160144,0.24125101995585846,0.8052134226073422,0.25,131.43583830358548,0.8728495037463899,0.11972398010938798,[],3.4737,0.0,0.012448132780082987,0.0,0.0,0.0,0.930341886924992,0.9999999254094578,1.0,0.00016375537675886745,0.0008458117096082369,0.001504279596949369,0.0003515352311770286,0.0016345794345598214,0.002222053106692051,0.00016375537675886745,0.0008458117096082369,0.001504279596949369,8.050853532452777e-11,3.7620941218985794e-10,1.0671414614847675e-09,0.0006134230784647714,0.0033926537362220606,0.0067187651175097006,0.0006134230784647714,0.0033926537362220606,0.0067187651175097006,0.08638580178734481,0.25855044326086735,2.5566955856970393,0.04492840419031594,0.15061630296826392,2.2053534753748445,1.942137089539054e-08,1.6940658945086007e-21,2.1677051815494064e-06,0.012448132780082987,0.0,0.0,1.0,100
dev_constant_2p0_08,NORMAL_CONSTANT,cart_ofmpc,cart_b_001,True,True,2.3500000000000005,0.07622033140324007,0.4902913757860975,0.21571198755816662,0.02103527823253215,0.36372855874368415,0.7145085661651805,0.25,131.38934843678808,0.8546672769577937,0.1079874968178668,[],4.021,0.0,0.008298755186721992,0.0,0.0,0.0,0.9287955455664721,0.9370000336330013,1.0,0.0003334017007121874,0.0008610084571958668,0.0014051793113588442,0.0009772586365779654,0.0016817070283767408,0.0022242991507996786,0.0003334017007121874,0.0008610084571958668,0.0014051793113588442,1.7488363726248797e-09,1.9657154915925126e-09,2.6540497210419514e-09,0.001494574918903279,0.0037028957026031422,0.005714268622867621,0.001494574918903279,0.0037028957026031422,0.005714268622867621,0.7602137316112506,0.7938229940266341,3.2847189906264083,0.0692586811854404,0.2008351890094916,2.185123176848705,1.2986444048076014e-08,0.0,2.705032194960655e-06,0.0,0.0,0.0,1.0,100
dev_strong_preexisting_08,STRONG_PREEXISTING,cart_ofmpc,cart_b_001,True,False,,0.0966893038577062,0.985905259254824,0.17510715211308103,0.06688824098209294,1.6742765093665435,1.4260390325781727,0.25,131.8056775184258,0.992508717683303,0.18855631927393518,[],3.6011,0.0,0.02074688796680498,0.00033242755404806556,0.0,0.040191040256777694,0.9209078163570175,0.9356578287636208,1.0,0.0008378746532413493,0.001731970449302584,0.0033949035907154344,0.002763505873707686,0.0036755056907899304,0.005320752530639634,0.0008378746532413493,0.001731970449302584,0.0033949035907154344,5.273783848152378e-09,5.978806612446066e-09,6.276756155928695e-09,0.004823239399509373,0.010097742602478128,0.022924808244629877,0.004823239399509373,0.010097742602478128,0.022924808244629877,2.2727755810204364,2.60920529011191,4.892742126809132,0.15659393805449878,0.47574586982677014,2.135891115532507,5.190985570092238e-08,4.235164736271502e-22,9.951110604422553e-06,0.0,0.0,0.0,1.0,175
dev_strong_simultaneous_08,STRONG_SIMULTANEOUS,cart_ofmpc,cart_b_001,True,False,,0.08004557285897981,0.8576467872079675,0.22999999999999984,0.06659495258638884,1.1374503393028805,1.1457219788197113,0.25,131.97932446390877,0.911976725483541,0.21396016471034993,[],2.3671,0.0,0.024896265560165973,7.459573934005704e-05,0.0,0.01797757318095375,0.9414075167337222,0.9999999254094578,1.0,0.0006311150619715042,0.0016714744430929333,0.0028856787225098298,0.0020521302364357383,0.0034025768700245962,0.0047372326826201315,0.0006311150619715042,0.0016714744430929333,0.0028856787225098298,4.009120656682284e-09,5.8259930889658215e-09,6.498142410078089e-09,0.0033466784447853492,0.0073003081280781775,0.010423893830014996,0.0033466784447853492,0.0073003081280781775,0.010423893830014996,1.6757889001412223,2.353088900896866,2.5566955856970393,0.10675432027635058,0.2568506848454446,2.2053534753748445,2.6873058032574512e-08,7.888609052210118e-31,2.1677051815494064e-06,0.0,0.0,0.0,1.0,125
dev_strong_post_target_08,STRONG_POST_TARGET,cart_ofmpc,cart_b_001,True,False,,0.10592630257002819,0.9198893123255829,0.212547393241399,0.06679700374570156,1.3478827664838522,1.447130213949291,0.25,131.65552028183822,0.947012874504791,0.18496141007830957,[],3.2985,0.0,0.03734439834024896,0.00011642573868286546,0.0,0.02534591860937679,0.9282948585411023,0.9999999254094578,1.0,0.0007172350965453588,0.0015816635698587694,0.0032915179108821617,0.0021368577683415243,0.004119680882916091,0.004929254862751984,0.0007172350965453588,0.0015816635698587694,0.0032915179108821617,3.6295598442013303e-09,5.928164868003113e-09,6.2937370945545415e-09,0.003950514217778814,0.008745647326464198,0.02296557961736248,0.003950514217778814,0.008745647326464198,0.02296557961736248,1.577674851133824,2.468291545875221,2.937517525415124,0.13708775741097162,0.463464260920826,2.2053534753748467,4.6554847737365265e-08,1.734723475976807e-18,5.017358789549675e-06,0.0,0.0,0.0,1.0,150
dev_ramp_target_08,RAMP_STRONG,cart_ofmpc,cart_b_001,True,True,2.455,0.09354435142322859,0.6353010732498248,0.2294313419514052,0.08074640894188362,0.7314661453181506,0.7855550058035354,0.25,131.44002649066616,0.8755994677521003,0.11592631616515434,[],2.7424,0.0,0.012448132780082987,0.0,0.0,0.0,0.9355378756152376,0.9999999254094578,1.0,0.0004508073996692636,0.0008487263472252158,0.0014772762285250834,0.0014466007375755026,0.0027859007836552123,0.0028064821123832905,0.0004508073996692636,0.0008487263472252158,0.0014772762285250834,2.6568726322979033e-09,5.5973159978043395e-09,5.628869025118104e-09,0.002381891522809553,0.004357168133294304,0.006342862919104168,0.002381891522809553,0.004357168133294304,0.006342862919104168,1.134734833579281,2.3540718869545034,2.5748760457326756,0.10114793351972022,0.17809379788605326,2.189818499702513,1.9649741919950438e-08,0.0,2.465412401314593e-06,0.0,0.0,0.0,1.0,100
dev_calm_09,NORMAL_CALM,cart_ofmpc,cart_b_001,True,True,2.37,0.07812147791904586,0.4204880774895865,0.23000000000000018,0.0017387951164067933,0.2527074317430616,0.8074864127905054,0.25,136.2816321332904,0.8370930352955623,0.11156667505396649,[],3.1343,0.0,0.008298755186721992,0.0,0.0,0.0,0.9326395972923075,0.9999999254094578,1.0,0.0001557632183148466,0.0007892608835413586,0.0014110461963485023,0.0003383537908615612,0.001531896613593998,0.0021143538151018513,0.0001557632183148466,0.0007892608835413586,0.0014110461963485023,7.354611234361022e-11,3.0921162468409803e-10,9.750391940685334e-10,0.0005611949077626709,0.003024606366144909,0.005717491135601274,0.0005611949077626709,0.003024606366144909,0.005717491135601274,0.08716279685876344,0.2649744626049282,2.5515673354039743,0.045074188918490514,0.17027030974243845,2.184234258012197,1.1761584381545359e-08,1.232595164407831e-32,2.7451717610760262e-06,0.016597510373443983,0.0,0.0,1.0,100
dev_constant_2p0_09,NORMAL_CONSTANT,cart_ofmpc,cart_b_001,True,True,2.415,0.0890358089957961,0.5086162467149928,0.24467384867566372,0.01941995319623939,0.38084213334132766,0.8822417366286863,0.25,136.30849618245134,0.8072960361448478,0.11117884265503705,[],3.7004,0.0,0.008298755186721992,0.0,0.0,0.0,0.92938253052686,0.9392961451978097,1.0,0.0003353885181293227,0.0008610084571958668,0.0015123139178424443,0.001012129558295831,0.0015650532105156876,0.00274302227276923,0.0003353885181293227,0.0008610084571958668,0.0015123139178424443,1.8155884688906562e-09,2.2157588342448983e-09,2.397859179574127e-09,0.001584498301143708,0.004054043615761028,0.007300292023916482,0.001584498301143708,0.004054043615761028,0.007300292023916482,0.7709021144991829,0.9405694917547932,1.8816970857094737,0.07238611568673133,0.23857090985992394,2.2039623089686398,9.196706612152622e-09,0.0,2.167559992993784e-06,0.0,0.0,0.0,1.0,100
dev_strong_preexisting_09,STRONG_PREEXISTING,cart_ofmpc,cart_b_001,True,False,,0.13034271746012993,1.0061833930870256,0.2928276861021381,0.06530510445866886,1.7249604414677622,1.4260390325781727,0.25,136.37190557034933,0.992508717683303,0.18855631927393518,[],3.0021,0.0,0.029045643153526972,0.00033242755404806556,0.0,0.040191040256777694,0.9215180007146289,0.9333756801117716,1.0,0.0008579445505487627,0.0018090308253975312,0.0033949035907154344,0.002852667421166718,0.004390256357693971,0.005320752530639634,0.0008579445505487627,0.0018090308253975312,0.0033949035907154344,5.389053887733001e-09,6.188604205250801e-09,6.279427917933946e-09,0.005026689783400627,0.010649421244922921,0.022924808244629877,0.005026689783400627,0.010649421244922921,0.022924808244629877,2.2641700072872473,2.568795104309074,2.9883861388711335,0.16407523924564918,0.47574586982677014,2.252314438515745,5.374769112418858e-08,4.336808689942018e-19,9.951110604422553e-06,0.0,0.0,0.0,1.0,175
dev_strong_simultaneous_09,STRONG_SIMULTANEOUS,cart_ofmpc,cart_b_001,True,False,,0.4225612424340195,5.320751226893332,0.7245979864954027,0.5587555751315798,17.073363786106523,2.0,0.25000000000000006,136.86376725730432,1.3417736158465536,0.5349796578212942,[],3.3224,0.04564315352697095,0.3775933609958506,0.1869760646338845,0.5243481488563866,0.5423087345529707,0.5550577456351906,0.9999999254094578,1.0,0.004568920251598382,0.009422975369549273,0.010414510119119393,0.009454752689047583,0.02145354966472519,0.02312604328489907,0.004568920251598382,0.009422975369549273,0.010414510119119393,2.2879053121692128e-08,4.6833327703541425e-08,5.115769842169241e-08,0.023936711412091034,0.07515922317525542,0.09359877946381372,0.0223182878087497,0.07515922317525542,0.09359877946381372,4.093531041435188,11.369269381778006,11.993078170007518,6.939326088381893,18.276141503825546,19.217436424970327,2.407410452113645e-06,1.219636792559875e-05,5.0945034928417954e-05,0.0,0.0,0.17427385892116182,1.0,475
dev_strong_post_target_09,STRONG_POST_TARGET,cart_ofmpc,cart_b_001,True,False,,0.10976051220277064,0.9673568740077043,0.2075424531436926,0.06694146116211813,1.4401504505426157,1.402538599923234,0.25,136.28163212964094,1.0345702165169282,0.19164293133226407,[],2.5782,0.0,0.04564315352697095,0.00045262256268228826,0.0,0.05452293011406833,0.9275179293665134,0.9999999254094578,1.0,0.0007147498154975851,0.001604440356403749,0.0034782285684796985,0.0020896500825841225,0.003032944681251583,0.00577653416623623,0.0007147498154975851,0.001604440356403749,0.0034782285684796985,3.5553819818509274e-09,5.9521645813671145e-09,6.294201692789606e-09,0.004030393492613881,0.010275723320535144,0.02295784261109828,0.004030393492613881,0.010275723320535144,0.02295784261109828,1.5520166541207492,2.5307694820547857,2.9954890745527734,0.15445602231643688,0.6233790743524056,2.184234258012194,7.659375910469673e-08,2.9691065162040786e-09,1.0691212934510474e-05,0.0,0.0,0.0,1.0,175
dev_ramp_target_09,RAMP_STRONG,cart_ofmpc,cart_b_001,True,True,2.3550000000000004,0.09741454848313254,0.5766772028286826,0.23059214412337037,0.07902101378853298,0.7125630381755539,0.8269649447306302,0.25,136.28080073799165,0.8212611459334671,0.11039682156259877,[],2.4011,0.0,0.008298755186721992,0.0,0.0,0.0,0.9352667384895045,0.9999999254094578,1.0,0.0004469218407865779,0.0007871295439452444,0.0014218928956018315,0.001440745954094835,0.0027697857160872436,0.002838350624742507,0.0004469218407865779,0.0007871295439452444,0.0014218928956018315,2.7140254828155687e-09,5.569179803707084e-09,5.594167031036169e-09,0.002365864676631757,0.004595007119190876,0.005837745644769443,0.002365864676631757,0.004595007119190876,0.005837745644769443,1.166063257681772,2.3509114810291494,2.5337368500001913,0.1053699137033712,0.1997682989379288,2.1993999425715542,1.0647807802172906e-08,6.162975822039155e-33,2.406354086714746e-06,0.0,0.0,0.0,1.0,100
dev_calm_10,NORMAL_CALM,cart_ofmpc,cart_b_001,True,True,2.4450000000000003,0.08388580930004293,0.26190650891619444,0.23034839512159624,0.0011107983939531933,0.49264179441917383,0.8815407434274182,0.25,135.4256147496633,0.8825438099859363,0.07194172209298709,[],3.8035,0.0,0.004149377593360996,0.0,0.0,0.0,0.9311861070571911,0.9999999254094578,1.0,9.635195881667693e-05,0.0004913388346427521,0.0009105093651155051,0.0002090355835694386,0.0009699213965819911,0.0013171037573619395,9.635195881667693e-05,0.0004913388346427521,0.0009105093651155051,4.5072657341050937e-11,1.9939980140614815e-10,6.189489289587376e-10,0.00044789804513618327,0.0027545560681287037,0.0033767745641684705,0.00044789804513618327,0.0027545560681287037,0.0033767745641684705,0.11980036851649012,0.4331898524575816,2.6081883172858764,0.053868265165563034,0.18734157971324597,2.210940776461384,8.644793604288704e-09,7.888609052210118e-31,2.0833952586174487e-06,0.004149377593360996,0.0,0.0,1.0,100
dev_constant_2p0_10,NORMAL_CONSTANT,cart_ofmpc,cart_b_001,True,True,2.4800000000000004,0.08362855258387919,0.3769250117709043,0.2217537473700901,0.020793933145161064,0.6286316199537734,0.8811238077888824,0.25,135.34495459182463,0.8821304558195292,0.06342856229473344,[],3.3199,0.0,0.004149377593360996,0.0,0.0,0.0,0.9283581490584092,0.9363231870612314,1.0,0.00028656237819083853,0.0006913747441569107,0.000962570037714294,0.0009016184227150108,0.0013424122706469958,0.001625052741054675,0.00028656237819083853,0.0006913747441569107,0.000962570037714294,1.7620262659602311e-09,1.9657154915925126e-09,2.3317488462680427e-09,0.0014406153602313572,0.003385828078138356,0.004054043615761028,0.0014406153602313572,0.003385828078138356,0.004054043615761028,0.7764932160688226,0.864216860468126,3.089493318943742,0.07951678359275577,0.2734542281856094,2.1995791336086836,8.644793602736301e-09,0.0,2.083395258256626e-06,0.0,0.0,0.0,1.0,100
dev_strong_preexisting_10,STRONG_PREEXISTING,cart_ofmpc,cart_b_001,True,False,,0.10783242675541471,0.9451282902665997,0.2041710944894471,0.06665123730599609,1.9674790632682395,1.4260390325781727,0.25,135.15773518097623,0.992508717683303,0.18855631927393518,[],2.8317,0.0,0.02074688796680498,0.00033242755404806556,0.0,0.040191040256777694,0.9208571107510407,0.9338572020288661,1.0,0.0008187328779093875,0.0015980599113877792,0.0033949035907154344,0.002749919324121525,0.0034850989034511475,0.005320752530639634,0.0008187328779093875,0.0015980599113877792,0.0033949035907154344,5.297377686742339e-09,5.936009691540053e-09,6.276756155928695e-09,0.004838574065006383,0.009228220706977848,0.022924808244629877,0.004838574065006383,0.009228220706977848,0.022924808244629877,2.278417421271397,2.60920529011191,4.409777948778276,0.1666528341451111,0.5068113548030904,2.1730349929726303,5.189911071125506e-08,4.336808689942018e-19,9.951110604422553e-06,0.0,0.0,0.0,1.0,175
dev_strong_simultaneous_10,STRONG_SIMULTANEOUS,cart_ofmpc,cart_b_001,True,False,,0.09671547098810583,0.8541055650028705,0.22999999999999923,0.06627785504894794,1.5102269137624371,1.2631011880473513,0.25,135.95864172887332,0.9632970857216937,0.1982279361601218,[],3.0536,0.0,0.024896265560165973,0.0,0.0,0.0,0.9417763396686567,0.9999999254094578,1.0,0.000629809920542293,0.0016669226574570937,0.002669167314032356,0.0020698487368840377,0.0034440157415744346,0.004890031094750925,0.000629809920542293,0.0016669226574570937,0.002669167314032356,4.0162523297593565e-09,5.88945575643752e-09,6.036689693578474e-09,0.0034724148120954743,0.008856615186090482,0.01298384189468398,0.0034724148120954743,0.008856615186090482,0.01298384189468398,1.7180664473189562,2.3872354857269382,2.64312808074307,0.12131211594389701,0.3027534107273549,2.210940776461384,3.252382576824566e-08,1.6940658945086007e-21,3.881308409919848e-06,0.0,0.0,0.0,1.0,150
dev_strong_post_target_10,STRONG_POST_TARGET,cart_ofmpc,cart_b_001,True,False,,0.11000904430344938,0.8708548675192473,0.22102396747299677,0.06683843722978738,1.594880488522953,1.4357360655845393,0.25,135.42561475320238,0.9642017668286618,0.18586843382743592,[],2.3409,0.0,0.02074688796680498,0.00015115683798230963,0.0,0.028138907928166652,0.9292048921046429,0.9999999254094578,1.0,0.0006613159065526818,0.001570664448731128,0.0033015777728526833,0.002026751248415731,0.0038728273835402427,0.0049937211138715255,0.0006613159065526818,0.001570664448731128,0.0033015777728526833,3.589594431463352e-09,5.899778694369628e-09,6.310222982276235e-09,0.0038128383943317216,0.008419080857354624,0.02262755141275414,0.0038128383943317216,0.008419080857354624,0.02262755141275414,1.6072869360761617,2.4955870896112984,2.9455126130262657,0.1464451800642493,0.5171210679657959,2.2109407764614004,2.1885658594871e-08,8.673617379884035e-19,2.0833952581178483e-06,0.0,0.0,0.0,1.0,175
dev_ramp_target_10,RAMP_STRONG,cart_ofmpc,cart_b_001,True,True,2.58,0.09838798670146519,0.5320231343004573,0.2296874837879627,0.08046531999903225,0.9786570077765295,0.8813259337478077,0.25,135.4068139715723,0.8824209079729707,0.06937077190977857,[],2.8979,0.0,0.004149377593360996,0.0,0.0,0.0,0.934784387380591,0.9999999254094578,1.0,0.0003997727817686312,0.0007247355514337029,0.0008827161789080265,0.001353563060104543,0.002781306677946184,0.0028087378069721865,0.0003997727817686312,0.0007247355514337029,0.0008827161789080265,2.6592866850736305e-09,5.5914621466334455e-09,5.619088123318884e-09,0.0022787455872901674,0.004296578993344661,0.004666605259916123,0.0022787455872901674,0.004296578993344661,0.004666605259916123,1.1650193324455262,2.3536774430135647,2.6181005313700263,0.11081833457537273,0.18506215909340054,2.2022765279795533,8.644793601346233e-09,0.0,2.0833952579235593e-06,0.0,0.0,0.0,1.0,100
dev_calm_11,NORMAL_CALM,cart_ofmpc,cart_b_001,True,True,2.205,0.0675218902788034,0.32741347994220477,0.23000000000000018,0.0012853046887746856,0.28853619697735455,0.8299517226342292,0.25,140.93668049384547,0.6650799460556224,0.0837816029922192,[],3.7154,0.0,0.004149377593360996,0.0,0.0,0.0,0.9313888579548654,0.9999999254094578,1.0,0.00011728256353259404,0.0005588830930929505,0.0010562835235936351,0.00025720634128299216,0.0011909563215137964,0.0015886408946245234,0.00011728256353259404,0.0005588830930929505,0.0010562835235936351,5.401767404222958e-11,2.434032671316335e-10,6.981995652543156e-10,0.00040532510366444096,0.0021510130505428887,0.0036573613455852996,0.00040532510366444096,0.0021510130505428887,0.0036573613455852996,0.08674254396281095,0.41054397740270754,2.5098195192421655,0.04294803746224487,0.22449029402870843,2.126017577981764,2.7733989836433126e-08,0.0,6.683891550562926e-06,0.008298755186721992,0.0,0.0,1.0,125
dev_constant_2p0_11,NORMAL_CONSTANT,cart_ofmpc,cart_b_001,True,True,2.2649999999999997,0.07818322135976762,0.4389364307136452,0.24192708877930025,0.01964273099543982,0.41982151855327804,0.8238528829169396,0.25,140.92915364979405,0.6441234356311883,0.08247590324156139,[],3.4438,0.0,0.004149377593360996,0.0,0.0,0.0,0.9292528821147785,0.939123407974466,1.0,0.00030591593378559326,0.0007238129034600198,0.0012106417456218038,0.0009649512529224253,0.00149913406110763,0.0022160381280221346,0.00030591593378559326,0.0007238129034600198,0.0012106417456218038,1.8090838655418108e-09,2.131910711403421e-09,2.2609058336832736e-09,0.001434400665153769,0.0035434374790339665,0.005194255187843506,0.001434400665153769,0.0035434374790339665,0.005194255187843506,0.7716497199960328,0.9167780028208198,2.003692345951368,0.07030571821379102,0.31497277056500833,2.1414144540933857,2.465233616837396e-08,0.0,5.9412130165581445e-06,0.0,0.0,0.0,1.0,125
dev_strong_preexisting_11,STRONG_PREEXISTING,cart_ofmpc,cart_b_001,True,False,,0.12072416261415045,0.9719742781145904,0.28284964066816315,0.06552287425725854,1.7628727282001841,1.4260390325781727,0.25,140.88871635602356,0.992508717683303,0.18855631927393518,[],3.1679,0.0,0.024896265560165973,0.00033242755404806556,0.0,0.040191040256777694,0.9211920802105561,0.9333756801117716,1.0,0.0008393818489236237,0.0015980599113877792,0.0033949035907154344,0.0028245048788742583,0.003936576290992413,0.005320752530639634,0.0008393818489236237,0.0015980599113877792,0.0033949035907154344,5.376450963166637e-09,6.074321960666337e-09,6.276756155928695e-09,0.004934294144830291,0.009228220706977848,0.022924808244629877,0.004934294144830291,0.009228220706977848,0.022924808244629877,2.271270511899775,2.572787270905106,2.9883861388711335,0.16174415540212678,0.4344535063033408,2.1801811053821667,6.340442484644043e-08,2.117582368135751e-22,9.951110604422553e-06,0.0,0.0,0.0,1.0,175
dev_strong_simultaneous_11,STRONG_SIMULTANEOUS,cart_ofmpc,cart_b_001,True,False,,0.4384928461748469,5.106265443267563,0.7587865487725065,0.5786551497922877,16.929329230889714,2.0,0.25000000000000006,141.69587217401252,1.2438552633314504,0.5185984083081876,[],3.1469,0.04979253112033195,0.37344398340248963,0.18603286999826926,0.5176804739087523,0.5375242945943226,0.5559664669583002,0.9999999254094578,1.0,0.004549384453555096,0.009309865325624287,0.01038711399183094,0.00935824179353808,0.02115205161689389,0.022947132645465454,0.004549384453555096,0.009309865325624287,0.01038711399183094,2.27542767753242e-08,4.6768600504565236e-08,5.091207122737432e-08,0.02321533199308979,0.06999385670595692,0.09213874679066267,0.021656700874638144,0.06999385670595692,0.09213874679066267,4.07340014104727,11.249529677699384,12.466024961490838,6.869085118168699,18.209368272095837,19.657121534048745,2.249925935972013e-06,1.3669584191688955e-05,3.585399693584179e-05,0.0,0.0,0.16597510373443983,1.0,375
dev_strong_post_target_11,STRONG_POST_TARGET,cart_ofmpc,cart_b_001,True,False,,0.10166807469690939,0.9279291289612381,0.18614558378746512,0.06693611416777884,1.4555675190618924,1.4049417424470025,0.25,140.9366804892504,1.0253279330689844,0.19070603883813336,[],3.4918,0.0,0.03319502074688797,0.000401602592244728,0.0,0.0507493130247775,0.9279113545195101,0.9999999254094578,1.0,0.0006804345460087394,0.0016313075960241272,0.003454847805464058,0.0020351692168666252,0.0030801649671147583,0.005623372437261276,0.0006804345460087394,0.0016313075960241272,0.003454847805464058,3.5440053141986328e-09,5.918679250863911e-09,6.295048186086419e-09,0.0038513882836859904,0.01055641407748351,0.023017991216784026,0.0038513882836859904,0.01055641407748351,0.023017991216784026,1.5584209142227037,2.514015614930516,2.99131902206257,0.14840192339439215,0.5049210665517547,2.12601757798176,6.565974851130541e-08,3.469446951953614e-18,6.683891550507415e-06,0.0,0.0,0.0,1.0,175
dev_ramp_target_11,RAMP_STRONG,cart_ofmpc,cart_b_001,True,True,2.285,0.08856640010123813,0.5253570061855465,0.2304788784322918,0.0792903958604656,0.7543599802391403,0.8290697674976973,0.25,140.934527484658,0.6561755727115255,0.08281854777190525,[],2.1965,0.0,0.004149377593360996,0.0,0.0,0.0,0.9351628390239939,0.9999999254094578,1.0,0.000416252836546738,0.000757292511097969,0.001079214122340417,0.001385282243588262,0.0027712931503675636,0.0028302898833884147,0.000416252836546738,0.000757292511097969,0.001079214122340417,2.6991767348796454e-09,5.56956370795703e-09,5.5970468296092465e-09,0.0022319639129613584,0.004258718322413144,0.004845337796770165,0.0022319639129613584,0.004258718322413144,0.004845337796770165,1.1659192917544774,2.3506501988973914,2.494661326526722,0.10394401184200382,0.24604771903762743,2.1379464564204897,2.533279203077504e-08,0.0,6.105202879413962e-06,0.0,0.0,0.0,1.0,125
dev_stochastic_3000,NORMAL_STOCHASTIC,cart_ofmpc,cart_b_001,True,True,2.2800000000000002,0.06660593770754838,0.34896023374143714,0.18197680369852953,0.006926065393293072,0.3633051464776695,0.7015791472374563,0.25,135.17139029491457,0.702471536471949,0.04872765848111987,[],2.3757,0.0,0.004149377593360996,0.0,0.0,0.0,0.9202345400911343,0.9407582609793241,1.0,0.00018113516518367476,0.000507143711226734,0.0006675762926075014,0.00038620098287298434,0.000858734467100477,0.0009795846677951886,0.00018113516518367476,0.000507143711226734,0.0006675762926075014,3.323090435556934e-10,1.179833568454785e-09,1.443148118947799e-09,0.0007232764014820719,0.0018432612310418117,0.002465411024456258,0.0007232764014820719,0.0018432612310418117,0.002465411024456258,0.2009679679894747,0.5273490488610945,2.020178538409179,0.07755860393722433,0.18151906404076878,1.629723030547166,6.142193576158234e-09,4.336808689942018e-19,1.4802686518211594e-06,0.004149377593360996,0.0,0.0,1.0,75
dev_stochastic_3001,NORMAL_STOCHASTIC,cart_ofmpc,cart_b_001,True,True,2.045,0.06261218311109525,0.4428832694618419,0.1873998340896356,0.006544536055632998,0.3762809543027819,0.6462482681577351,0.25,133.36472936091627,0.6625151559341744,0.05868493706887404,[],2.8859,0.0,0.0,0.0,0.0,0.0,0.9265786641957028,0.9431064666331117,1.0,0.00021204589595497713,0.000545211962073079,0.0007979371027364942,0.0004566159530687634,0.0009683781631558921,0.0016156256298140677,0.00021204589595497713,0.000545211962073079,0.0007979371027364942,3.617245845557868e-10,1.4839465910119677e-09,1.9818270797116173e-09,0.0008401755628542517,0.002380277983578431,0.0033734106242371696,0.0008401755628542517,0.002380277983578431,0.0033734106242371696,0.21338100186239536,0.7272749178506315,2.0129998930924975,0.0726158935430927,0.23766573571872412,1.589260401804643,2.0480739060734824e-12,2.168404344971009e-19,4.935857833565649e-10,0.0,0.0,0.0,1.0,75
dev_stochastic_3002,NORMAL_STOCHASTIC,cart_ofmpc,cart_b_001,True,True,2.2700000000000005,0.061010636920316906,0.3361674271251877,0.181805514898114,0.011272705669348753,0.3454797926818709,0.6092498946489711,0.25,137.97715337000488,0.5738476807722608,0.05578269834521762,[],3.1302,0.0,0.004149377593360996,0.0,0.0,0.0,0.9282948219094045,0.949650382572663,1.0,0.00017713213354638157,0.0005318281421697102,0.000860356038733058,0.0003630783216325871,0.0010062017330137768,0.001290975184452044,0.00017713213354638157,0.0005318281421697102,0.000860356038733058,2.3346309540524976e-10,8.734109649433205e-10,1.4756424656065294e-09,0.0006710299710595658,0.0020030708209749946,0.003014099055385392,0.0006710299710595658,0.0020030708209749946,0.003014099055385392,0.15713933269838046,0.575036305234687,1.9686767307105428,0.06680818959590375,0.2699061277932423,1.5623661194655238,3.29611387676629e-10,8.673617379884035e-19,7.943634439122604e-08,0.0,0.0,0.0,1.0,75
dev_stochastic_3003,NORMAL_STOCHASTIC,cart_ofmpc,cart_b_001,True,True,2.125,0.056342626258991495,0.3630877884758997,0.1716886700248743,0.006799218598999978,0.23439640218844335,0.6129884449358927,0.25,138.0378524072942,0.6276896435930459,0.07889098195072629,[],2.6265,0.0,0.004149377593360996,0.0,0.0,0.0,0.9278480520213259,0.9586222917850564,1.0,0.00017364883489826097,0.0005252167785421971,0.0011303494873889197,0.00037361335683047203,0.0013036395898115402,0.0017357792076190997,0.00017364883489826097,0.0005252167785421971,0.0011303494873889197,1.6847834767160604e-10,5.791944793627337e-10,7.642905631553707e-10,0.000607252822887843,0.0018304291638432104,0.003923079983824365,0.000607252822887843,0.0018304291638432104,0.003923079983824365,0.11991909241614264,0.32448814967591294,1.9862377159362516,0.052440497239913994,0.16175632210167581,1.5829245263601863,1.9434045218138772e-08,8.673617379884035e-19,4.683604897526283e-06,0.004149377593360996,0.0,0.0,1.0,75
dev_stochastic_3004,NORMAL_STOCHASTIC,cart_ofmpc,cart_b_001,True,True,2.375,0.0672546245915801,0.1393976710770274,0.18258019000049072,0.00681710431507241,0.38538114167852033,0.8140344779846017,0.25,131.30540659773746,0.8667994564562271,0.027110014141797815,[],3.0133,0.0,0.004149377593360996,0.0,0.0,0.0,0.9240341910259532,0.9406958564382131,1.0,0.00010121356303648169,0.0003236962717692714,0.0004908411806093382,0.00018683666192887183,0.0004755138359806297,0.0005357691470391001,0.00010121356303648169,0.0003236962717692714,0.0004908411806093382,1.4591566651527538e-10,5.618464663983162e-10,8.494270541420428e-10,0.0005209677702916572,0.0019267165122166217,0.003074974457251137,0.0005209677702916572,0.0019267165122166217,0.003074974457251137,0.14536451381846185,0.39315866585168807,2.0716141754867703,0.060893503939659914,0.16270707003063006,1.7221752087003686,1.2721693950748334e-08,6.505213034913027e-19,3.065928242090843e-06,0.0,0.0,0.0,1.0,100
dev_stochastic_3005,NORMAL_STOCHASTIC,cart_ofmpc,cart_b_001,True,True,1.67,0.04434882492204903,0.2136537963259201,0.17768789881394914,0.006561207254226148,0.3230853851403791,0.8280736935128508,0.25,140.85709652650195,0.5102661315534905,0.05275166270789579,[],3.2324,0.0,0.012448132780082987,0.0,0.0,0.0,0.9282392202844338,0.9423615198888395,1.0,0.0001713752157373577,0.00047846858792159277,0.0010632379725364857,0.0002982541456083085,0.0007586361874745767,0.0012317007668509639,0.0001713752157373577,0.00047846858792159277,0.0010632379725364857,2.6638232912680587e-10,6.906022533285662e-10,1.6804163025089806e-09,0.0005843516793073873,0.0015330770183621986,0.003910057291799267,0.0005843516793073873,0.0015330770183621986,0.003910057291799267,0.16627222340032463,0.48205292352344514,1.9701758551109632,0.06258977840508596,0.22150823988825288,1.5648128388275604,1.411996005668521e-08,8.673617379884035e-19,3.2508212446658025e-06,0.0,0.0,0.0,1.0,150
dev_stochastic_3006,NORMAL_STOCHASTIC,cart_ofmpc,cart_b_001,True,True,2.385,0.07643636820096222,0.3502451208596169,0.23439559540206048,0.0038046829912276865,0.493189219854992,0.7652030334090401,0.25,140.07240357013063,0.6324434551940784,0.07022881195839348,[],2.8019,0.0,0.008298755186721992,0.0,0.0,0.0,0.9276349782012224,0.9427725642710196,1.0,0.0002649477255608174,0.0007544920016235832,0.00140632221854052,0.0004612318717476426,0.0012740076227489836,0.0019308286675490938,0.0002649477255608174,0.0007544920016235832,0.00140632221854052,4.3215547266694726e-10,1.545383346012307e-09,2.0049028594996863e-09,0.0009072678760122017,0.002546764447877926,0.005026667803176839,0.0009072678760122017,0.002546764447877926,0.005026667803176839,0.239236678720413,0.706290455481129,2.5248806301081372,0.09198962413784664,0.2512881704549188,2.108166119092166,4.313201218574505e-08,1.734723475976807e-18,1.0315429448293223e-05,0.0,0.0,0.0,1.0,75
dev_stochastic_3007,NORMAL_STOCHASTIC,cart_ofmpc,cart_b_001,True,True,1.8600000000000003,0.0569937704342933,0.3448341432426837,0.23305141129337079,0.01572128659766342,0.4574141788117736,1.0482994313850666,0.25,143.7801686019145,0.5967299592251882,0.0489553373994051,[],2.9385,0.0,0.004149377593360996,0.0,0.0,0.0,0.9274024119155235,0.943859707137832,1.0,0.00019968496101911161,0.0006053108559475189,0.0008162789555065038,0.00041949378859048973,0.0009603841359548606,0.0016200778148046872,0.00019968496101911161,0.0006053108559475189,0.0008162789555065038,3.816549747972034e-10,1.3909940285848054e-09,1.872418286525067e-09,0.0007319598400887357,0.00216657967404174,0.003029356813744391,0.0007319598400887357,0.00216657967404174,0.003029356813744391,0.2226721033674346,0.7819338103799962,2.395976617973126,0.08328396035816711,0.2580526417812865,2.120055147682,2.039213702224687e-08,2.168404344971009e-19,4.914481542883653e-06,0.0,0.0,0.0,1.0,125
dev_stochastic_3008,NORMAL_STOCHASTIC,cart_ofmpc,cart_b_001,True,True,2.3449999999999998,0.07900271931389134,0.4593008273497738,0.22901517245818845,0.010672362140767009,0.3195602539778952,0.8243715909748388,0.25,131.44800985142297,0.9050241400775608,0.12316814742811394,[],2.6008,0.0,0.004149377593360996,0.0,0.0,0.0,0.9263944425336513,0.951068959296129,1.0,0.00025886002753374636,0.0009240691179016327,0.0015802457649670022,0.0005360212534873238,0.0017213839774937146,0.0022819424096330197,0.00025886002753374636,0.0009240691179016327,0.0015802457649670022,3.1738308540043497e-10,1.0924335653411783e-09,1.6158564308275781e-09,0.0009382343049995003,0.0035735218117336326,0.007176463208184704,0.0009382343049995003,0.0035735218117336326,0.007176463208184704,0.1742502318884215,0.5071106330598315,2.63959023262738,0.07341379338883755,0.17656482046380823,2.2223978461666,7.845874097253879e-09,8.673617379884035e-19,1.890727137465742e-06,0.0,0.0,0.0,1.0,100
dev_stochastic_3009,NORMAL_STOCHASTIC,cart_ofmpc,cart_b_001,True,True,2.465,0.07651234089365162,0.3996240539137991,0.2330560198366176,0.006744727917307192,0.2789476334861525,0.8040101692436709,0.25,136.2184426074185,0.804992691811028,0.11221350391318217,[],2.9859,0.0,0.012448132780082987,0.0,0.0,0.0,0.9286849057760779,0.9476067445677925,1.0,0.00022878497586566263,0.0008523575322559722,0.001381869413132884,0.00046563680437745127,0.001688636629067672,0.00220371785300173,0.00022878497586566263,0.0008523575322559722,0.001381869413132884,2.0813531785730394e-10,7.275735816765316e-10,1.1755597724875356e-09,0.0008205078056223022,0.003089245618165817,0.004982070581769535,0.0008205078056223022,0.003089245618165817,0.004982070581769535,0.14982086454896396,0.4313476469668955,2.586413207831951,0.06936251475816796,0.200725809314262,2.1617567678455365,1.2124243673651958e-08,3.469446951953614e-18,2.5423649782641e-06,0.0,0.0,0.0,1.0,100
dev_stochastic_3010,NORMAL_STOCHASTIC,cart_ofmpc,cart_b_001,True,True,2.4800000000000004,0.08588590872049214,0.3837376958820269,0.23758212538589607,0.009447752585990071,0.5521908548288152,0.8806253154819751,0.25,135.1837441479332,0.8827997232780159,0.05782239036079269,[],2.8977,0.0,0.004149377593360996,0.0,0.0,0.0,0.9297047986746609,0.9505845738998302,1.0,0.00022187190153396538,0.0005467952037724775,0.000793496825346774,0.0004662291118754848,0.0010667373868327495,0.001529925658732772,0.00022187190153396538,0.0005467952037724775,0.000793496825346774,3.135597852176711e-10,1.1106297287424003e-09,1.6518028012739682e-09,0.0009699200426686382,0.002599538747118322,0.003534275305829485,0.0009699200426686382,0.002599538747118322,0.003534275305829485,0.22600100444934523,0.7473953181651587,2.581884017935137,0.09061077638858873,0.20537962642165142,2.2179330519970812,8.644793603630247e-09,1.734723475976807e-18,2.0833952584231596e-06,0.0,0.0,0.0,1.0,100
dev_stochastic_3011,NORMAL_STOCHASTIC,cart_ofmpc,cart_b_001,True,True,2.085,0.06714163374288111,0.34940976072493996,0.22865993822831526,0.014032503265632004,0.3337880008868675,0.8355065598487063,0.25,140.99793694604293,0.7142643217219139,0.08765549311097921,[],2.743,0.0,0.004149377593360996,0.0,0.0,0.0,0.9290168138171047,0.9432345047634242,1.0,0.00019155925325962584,0.0006085513474101435,0.001077066112397618,0.0003814012766040657,0.0011068146757147275,0.0017092633255360444,0.00019155925325962584,0.0006085513474101435,0.001077066112397618,2.624851067828063e-10,8.199665043579617e-10,1.1463579364273262e-09,0.0006816902495888652,0.002302167691628998,0.003540438793402,0.0006816902495888652,0.002302167691628998,0.003540438793402,0.1692168256596187,0.4432049077851809,2.5399326801663746,0.06620486002270624,0.203203970567618,2.144575160355528,2.8426693119204106e-08,8.673617379884035e-19,6.850833041693871e-06,0.0,0.0,0.0,1.0,125
dev_stochastic_3012,NORMAL_STOCHASTIC,cart_ofmpc,cart_b_001,True,True,2.25,0.06422175719905422,0.22362062659470233,0.18826171529516572,0.007225104358515364,0.3404395334693947,0.7016750752023259,0.25,135.15681513312975,0.7028999042072217,0.04670562739783287,[],2.9659,0.0,0.004149377593360996,0.0,0.0,0.0,0.9288420517438809,0.9541893982110099,1.0,0.00015564582397725653,0.0004132371907200229,0.0007308675712808509,0.0003034188296873239,0.0006547120844353789,0.0009789147696034016,0.00015564582397725653,0.0004132371907200229,0.0007308675712808509,1.971736525410229e-10,6.278761905758119e-10,9.56723200597043e-10,0.0006122914040674012,0.0016699454727151424,0.002446579048234964,0.0006122914040674012,0.0016699454727151424,0.002446579048234964,0.1554038573175782,0.3520928157005197,2.0197877282330334,0.06504653764104648,0.15647369067598635,1.6200986890591271,6.142193577482185e-09,1.734723475976807e-18,1.4802686520987152e-06,0.0,0.0,0.0,1.0,75
dev_stochastic_3013,NORMAL_STOCHASTIC,cart_ofmpc,cart_b_001,True,True,2.16,0.05426498464551416,0.1890514705101272,0.17683056873049022,0.0061297348736082,0.3336022396705454,0.6558540880545887,0.25,133.10433226607864,0.6981303248132351,0.07657176150960182,[],2.9951,0.0,0.0,0.0,0.0,0.0,0.9259559599226341,0.9465393268971318,1.0,0.0001578949796380768,0.0005695126932999101,0.0010399224104839788,0.0002741981135839095,0.0008723926973943668,0.0013740031176647815,0.0001578949796380768,0.0005695126932999101,0.0010399224104839788,2.3800831495284034e-10,7.746709140120858e-10,1.0076353232309204e-09,0.0005504747449328524,0.0018457408457057695,0.004030418660279959,0.0005504747449328524,0.0018457408457057695,0.004030418660279959,0.14403244487453623,0.3753266516292047,2.2129588221657523,0.06100879101123573,0.1741165261847359,1.565834379906431,2.237212947195843e-12,1.734723475976807e-18,5.391682655897512e-10,0.0,0.0,0.0,1.0,75
dev_stochastic_3014,NORMAL_STOCHASTIC,cart_ofmpc,cart_b_001,True,True,2.09,0.0568591703582232,0.36560942867475676,0.17631939951041878,0.004548477687527393,0.33585409800440946,0.6045210398462465,0.25,137.91027966320695,0.5741594462408383,0.07878302121486523,[],2.7532,0.0,0.004149377593360996,0.0,0.0,0.0,0.931412127930778,0.9533938304753853,1.0,0.0001949914297886221,0.0007002710422458897,0.0009728876067343962,0.00042419413411805854,0.0011689121638042196,0.0020649587937693037,0.0001949914297886221,0.0007002710422458897,0.0009728876067343962,2.4694865500239625e-10,7.932122188504327e-10,1.6216897963798217e-09,0.0006930453892719763,0.00244420123182744,0.004005752049174258,0.0006930453892719763,0.00244420123182744,0.004005752049174258,0.16413559966025967,0.534104491653671,2.005559743868256,0.06547353443644842,0.2216177440108593,1.5793436153067182,3.0899293108327393e-10,1.734723475976807e-18,7.446729632931692e-08,0.0,0.0,0.0,1.0,75
dev_stochastic_3015,NORMAL_STOCHASTIC,cart_ofmpc,cart_b_001,True,True,2.005,0.0591257803416897,0.32880709054082286,0.18412824932478525,0.010800316314550988,0.31345268849466756,0.696955296696424,0.25,137.85867935057718,0.7536169486810765,0.08483885116855293,[],2.7491,0.0,0.008298755186721992,0.0,0.0,0.0,0.9310947503748004,0.9503535992726474,1.0,0.00023027412112753342,0.0005880514611891216,0.001096279663452923,0.0004132050628944256,0.0012483436079324278,0.0015743069423861998,0.00023027412112753342,0.0005880514611891216,0.001096279663452923,3.042861630216801e-10,9.974727430881854e-10,1.3691515845194659e-09,0.0007908676599203913,0.0021817197169495387,0.00403436681590331,0.0007908676599203913,0.0021817197169495387,0.00403436681590331,0.16556966414527372,0.47458081896484466,1.9193801175871863,0.06798719131711789,0.20262671252904896,1.713488550931765,2.632187944395206e-08,1.734723475976807e-18,3.7387758830553786e-06,0.0,0.0,0.0,1.0,75
dev_stochastic_3016,NORMAL_STOCHASTIC,cart_ofmpc,cart_b_001,True,True,2.37,0.06744225621138346,0.2525145895099488,0.18117680161116323,0.015355943595187022,0.4510465298745676,0.8142160949441813,0.25,131.24083211527596,0.86638580526204,0.0606397898629384,[],2.6896,0.0,0.004149377593360996,0.0,0.0,0.0,0.9291580824716313,0.9452432436102383,1.0,0.0001478806456616934,0.00043399756002453563,0.0012010327989109035,0.0002919196050696099,0.0009159260433571666,0.0017706112902475734,0.0001478806456616934,0.00043399756002453563,0.0012010327989109035,2.616314555996002e-10,9.70397473833311e-10,2.1248666734530516e-09,0.000740424832793803,0.0026805640979547956,0.004917270165878616,0.000740424832793803,0.0026805640979547956,0.004917270165878616,0.19544421181792127,0.7391575486818677,2.0534445457890755,0.07437068256749582,0.21391947860353164,1.7210150560295072,1.2721693954207083e-08,2.168404344971009e-19,3.06592824292351e-06,0.0,0.0,0.0,1.0,100
dev_stochastic_3017,NORMAL_STOCHASTIC,cart_ofmpc,cart_b_001,True,True,2.04,0.0449856551591232,0.3176032549537038,0.1719472877061761,0.017280411005016538,0.37897156326485154,0.8289745949963231,0.25,140.85550359727236,0.5179493181460256,0.06451840252631369,[],2.99,0.0,0.012448132780082987,0.0,0.0,0.0,0.9279414732171013,0.9462416818888106,1.0,0.00022944739837367996,0.0006333377200498494,0.0009422875490352467,0.00046139034596265593,0.0012035759895284402,0.0016613899688068924,0.00022944739837367996,0.0006333377200498494,0.0009422875490352467,4.761281944961297e-10,1.500782965077336e-09,2.459442680137485e-09,0.0008631497887986116,0.0022632735889594213,0.0033428506869417627,0.0008631497887986116,0.0022632735889594213,0.0033428506869417627,0.24372924814148986,0.8347374429719532,2.0477597700284034,0.08769815555010735,0.3073002738475126,1.5287618243506087,1.6187628701926945e-08,1.734723475976807e-18,3.7799116727188498e-06,0.0,0.0,0.0,1.0,150
dev_stochastic_3018,NORMAL_STOCHASTIC,cart_ofmpc,cart_b_001,True,True,2.2350000000000003,0.07452930087802428,0.36970230189725994,0.23394478451590814,0.01892910738928771,0.44637338294474727,0.7637407685352338,0.25,140.05498392895598,0.645548347735562,0.07312237149022717,[],2.7184,0.0,0.004149377593360996,0.0,0.0,0.0,0.9284749694037469,0.9433361413871353,1.0,0.00023549232000455385,0.0006264679353516464,0.0009087846171507341,0.0004661381373620453,0.0011607671130684648,0.0014056148631079106,0.00023549232000455385,0.0006264679353516464,0.0009087846171507341,4.271625091346169e-10,1.4873613609068126e-09,1.8572827546300683e-09,0.0008886029148948523,0.0024027123446320377,0.0032133147407392986,0.0008886029148948523,0.0024027123446320377,0.0032133147407392986,0.25006907429287806,0.7072421293466121,2.558372028071792,0.09195087119443675,0.22309672972065772,2.095197838508705,4.7102813871347516e-08,1.734723475976807e-18,1.1351778142931757e-05,0.0,0.0,0.0,1.0,75
dev_stochastic_3019,NORMAL_STOCHASTIC,cart_ofmpc,cart_b_001,True,True,1.5750000000000002,0.05205618918061159,0.20341450273707723,0.2302298479623435,0.009809273410433743,0.4080554306453939,1.0772505975253441,0.25,144.1573936479568,0.3716573934179452,0.044816189208564894,[],2.6383,0.0,0.004149377593360996,0.0,0.0,0.0,0.9276769538213113,0.9409855781780876,1.0,0.0001528067124326191,0.0004245031855710359,0.0005772536378494243,0.00028268628809091737,0.0006408529611541676,0.000803347224027948,0.0001528067124326191,0.0004245031855710359,0.0005772536378494243,1.8444205652058344e-10,6.272169460814329e-10,8.133957233560689e-10,0.0005264857890730632,0.0014118332090575234,0.0019515630090309313,0.0005264857890730632,0.0014118332090575234,0.0019515630090309313,0.15537491022902622,0.5407092098683224,2.477342494124948,0.06943892609564191,0.20848656038753346,2.128184812387183,3.745121730833958e-08,1.734723475976807e-18,9.02572029493065e-06,0.0,0.0,0.0,1.0,175
dev_strong_equilibrium,STRONG_PREEXISTING,cart_ofmpc,cart_b_001,True,False,,0.08293915704917633,0.9170258401689068,0.16472664733058598,0.0662264221385551,1.486737716809945,1.4260390325781727,0.25,131.8056775184258,0.992508717683303,0.18855631927393518,[],2.6432,0.0,0.02074688796680498,0.00033242755404806556,0.0,0.040191040256777694,0.9206554752884297,0.9333756801117716,1.0,0.0008069508145134628,0.0015980599113877792,0.0033949035907154344,0.0027589944246647923,0.0034850989034511475,0.005320752530639634,0.0008069508145134628,0.0015980599113877792,0.0033949035907154344,5.326398113840278e-09,5.8918843642502245e-09,6.276756155928695e-09,0.004829631367138436,0.009228220706977848,0.022924808244629877,0.004829631367138436,0.009228220706977848,0.022924808244629877,2.258311407635843,2.477166660980173,2.9883861388711335,0.12617760559486293,0.27759920406219407,1.8689297691036062,5.1894939900883325e-08,0.0,9.951110604422553e-06,0.0,0.0,0.0,1.0,175
dev_ramp_equilibrium,RAMP_STRONG,cart_ofmpc,cart_b_001,True,True,0.0,0.05399762365588592,0.44894107010940465,0.08442266242916456,0.080041192728271,0.474872752764143,0.3420269537031302,0.017142323536397497,130.0645328739631,0.12102986535336598,0.010863143941973562,[],2.6333,0.0,0.0,0.0,0.0,0.0,0.9323368314896443,0.9999999254094578,1.0,0.0003389988133463893,0.0007054738145710313,0.0007729293584460045,0.001250747860196987,0.0027769012761180217,0.0028201281233940444,0.0003389988133463893,0.0007054738145710313,0.0007729293584460045,2.6674821899563944e-09,5.58330857809861e-09,5.608915357665115e-09,0.0020263165514102753,0.004278953682489554,0.004750392400651818,0.0020263165514102753,0.004278953682489554,0.004750392400651818,1.0907892716836773,2.3510240240699942,2.36089086509908,0.06625636774117011,0.16383343830417002,0.18772341620661476,5.370227894722915e-34,0.0,9.860761315262648e-32,0.0,0.0,0.0,1.0,25
