candidate_id,sample_count,safe_sample_count,task_success_count,safety_rate,success_rate,acquisition_median_s,position_rmse_3d_m,orientation_rmse_deg,ramp_peak_position_error_m,ramp_steady_state_position_error_m,total_acceleration_effort,solve_time_p95_ms,parameters
paper_a_007,14,14,8,1.0,0.5714285714285714,2.3200000000000003,0.09695723050281808,0.6813750856555879,0.2945078382366939,0.14111129833323746,0.7336728244087157,0.0959,"{'candidate_id': 'paper_a_007', 'method': 'LV2026-SPACC-ADAPTED-3D', 'backbone': 'full_lqr_048', 'K': [[11.036584322215683, 11.310904011180716, -3.3382746201713446e-15, -8.900660521397779e-15, -2.813693586093646e-14, -7.702111236651157e-15, 9.43936776743195e-14, 6.670365950885416e-14, 38.92879933660244, 5.337925253878614, -6.084194990838757, 2.6552404127018474, 5.049987482087981, 4.054220960707486, 2.1552594949150667, 2.421714511887743, 1.8621453147926068, 1.3063611555841352, 0.8137787428199841, 0.39238394271376303], [-1.3843466819219791e-14, 1.3088100374485791e-15, 11.48860306524821, 18.054936155037538, 7.430432799965661e-14, -2.4301417079340863e-15, -120.91305218846745, -48.636929055587366, 3.531532371149011e-14, -2.0083309488338833e-14, 6.662545540611083e-15, 3.232478864911196e-14, 1.3307115298253875e-14, 6.870369222023325e-15, 2.059586930277579e-15, -1.6999248458841583e-14, -1.309594304027873e-14, -9.768835157730358e-15, -6.492671181353986e-15, -3.378918146639703e-15], [1.3007162627811421e-14, 2.7204972495731044e-15, -4.370670440126095e-14, -6.58706878745623e-14, 10.616806342051534, 6.175848022506019, 3.6195331793642125e-13, 3.7060348104404046e-14, -6.276219857346146e-14, -3.8246708005970864e-14, 1.855291104216411e-14, -1.223229949284984e-14, -1.5692566731957858e-15, -2.0877671437387673e-14, 7.093091280379269e-16, -3.1028263610950764e-14, -2.4794074093094014e-14, -1.833584254166759e-14, -1.2415140458440736e-14, -6.3561588612490095e-15]], 'outer_position_gain': 0.25, 'outer_velocity_gain': 1.0, 'desired_tip_speed_limit_m_s': 0.5, 'swing_gain_scale_of_reported_3_2': 0.0625, 'swing_correction_scale': 0.25, 'swing_correction_clip_m_s2': 0.5}"
paper_a_009,14,14,8,1.0,0.5714285714285714,2.3200000000000003,0.09705016702171425,0.6827767263137063,0.29454523343795047,0.14127700729678425,0.7312565135281112,0.0917,"{'candidate_id': 'paper_a_009', 'method': 'LV2026-SPACC-ADAPTED-3D', 'backbone': 'full_lqr_048', 'K': [[11.036584322215683, 11.310904011180716, -3.3382746201713446e-15, -8.900660521397779e-15, -2.813693586093646e-14, -7.702111236651157e-15, 9.43936776743195e-14, 6.670365950885416e-14, 38.92879933660244, 5.337925253878614, -6.084194990838757, 2.6552404127018474, 5.049987482087981, 4.054220960707486, 2.1552594949150667, 2.421714511887743, 1.8621453147926068, 1.3063611555841352, 0.8137787428199841, 0.39238394271376303], [-1.3843466819219791e-14, 1.3088100374485791e-15, 11.48860306524821, 18.054936155037538, 7.430432799965661e-14, -2.4301417079340863e-15, -120.91305218846745, -48.636929055587366, 3.531532371149011e-14, -2.0083309488338833e-14, 6.662545540611083e-15, 3.232478864911196e-14, 1.3307115298253875e-14, 6.870369222023325e-15, 2.059586930277579e-15, -1.6999248458841583e-14, -1.309594304027873e-14, -9.768835157730358e-15, -6.492671181353986e-15, -3.378918146639703e-15], [1.3007162627811421e-14, 2.7204972495731044e-15, -4.370670440126095e-14, -6.58706878745623e-14, 10.616806342051534, 6.175848022506019, 3.6195331793642125e-13, 3.7060348104404046e-14, -6.276219857346146e-14, -3.8246708005970864e-14, 1.855291104216411e-14, -1.223229949284984e-14, -1.5692566731957858e-15, -2.0877671437387673e-14, 7.093091280379269e-16, -3.1028263610950764e-14, -2.4794074093094014e-14, -1.833584254166759e-14, -1.2415140458440736e-14, -6.3561588612490095e-15]], 'outer_position_gain': 0.25, 'outer_velocity_gain': 1.0, 'desired_tip_speed_limit_m_s': 0.5, 'swing_gain_scale_of_reported_3_2': 0.125, 'swing_correction_scale': 0.25, 'swing_correction_clip_m_s2': 0.5}"
paper_a_013,14,14,8,1.0,0.5714285714285714,2.35,0.0973211594267164,0.663818965397072,0.30082575848589765,0.13868005898911834,0.721896418991989,0.0886,"{'candidate_id': 'paper_a_013', 'method': 'LV2026-SPACC-ADAPTED-3D', 'backbone': 'full_lqr_048', 'K': [[11.036584322215683, 11.310904011180716, -3.3382746201713446e-15, -8.900660521397779e-15, -2.813693586093646e-14, -7.702111236651157e-15, 9.43936776743195e-14, 6.670365950885416e-14, 38.92879933660244, 5.337925253878614, -6.084194990838757, 2.6552404127018474, 5.049987482087981, 4.054220960707486, 2.1552594949150667, 2.421714511887743, 1.8621453147926068, 1.3063611555841352, 0.8137787428199841, 0.39238394271376303], [-1.3843466819219791e-14, 1.3088100374485791e-15, 11.48860306524821, 18.054936155037538, 7.430432799965661e-14, -2.4301417079340863e-15, -120.91305218846745, -48.636929055587366, 3.531532371149011e-14, -2.0083309488338833e-14, 6.662545540611083e-15, 3.232478864911196e-14, 1.3307115298253875e-14, 6.870369222023325e-15, 2.059586930277579e-15, -1.6999248458841583e-14, -1.309594304027873e-14, -9.768835157730358e-15, -6.492671181353986e-15, -3.378918146639703e-15], [1.3007162627811421e-14, 2.7204972495731044e-15, -4.370670440126095e-14, -6.58706878745623e-14, 10.616806342051534, 6.175848022506019, 3.6195331793642125e-13, 3.7060348104404046e-14, -6.276219857346146e-14, -3.8246708005970864e-14, 1.855291104216411e-14, -1.223229949284984e-14, -1.5692566731957858e-15, -2.0877671437387673e-14, 7.093091280379269e-16, -3.1028263610950764e-14, -2.4794074093094014e-14, -1.833584254166759e-14, -1.2415140458440736e-14, -6.3561588612490095e-15]], 'outer_position_gain': 0.5, 'outer_velocity_gain': 0.5, 'desired_tip_speed_limit_m_s': 0.5, 'swing_gain_scale_of_reported_3_2': 0.0625, 'swing_correction_scale': 0.25, 'swing_correction_clip_m_s2': 0.5}"
paper_a_015,14,14,8,1.0,0.5714285714285714,2.355,0.09742462090019086,0.6654233764624251,0.3008640187285451,0.13879945264303248,0.7196444693268508,0.1261,"{'candidate_id': 'paper_a_015', 'method': 'LV2026-SPACC-ADAPTED-3D', 'backbone': 'full_lqr_048', 'K': [[11.036584322215683, 11.310904011180716, -3.3382746201713446e-15, -8.900660521397779e-15, -2.813693586093646e-14, -7.702111236651157e-15, 9.43936776743195e-14, 6.670365950885416e-14, 38.92879933660244, 5.337925253878614, -6.084194990838757, 2.6552404127018474, 5.049987482087981, 4.054220960707486, 2.1552594949150667, 2.421714511887743, 1.8621453147926068, 1.3063611555841352, 0.8137787428199841, 0.39238394271376303], [-1.3843466819219791e-14, 1.3088100374485791e-15, 11.48860306524821, 18.054936155037538, 7.430432799965661e-14, -2.4301417079340863e-15, -120.91305218846745, -48.636929055587366, 3.531532371149011e-14, -2.0083309488338833e-14, 6.662545540611083e-15, 3.232478864911196e-14, 1.3307115298253875e-14, 6.870369222023325e-15, 2.059586930277579e-15, -1.6999248458841583e-14, -1.309594304027873e-14, -9.768835157730358e-15, -6.492671181353986e-15, -3.378918146639703e-15], [1.3007162627811421e-14, 2.7204972495731044e-15, -4.370670440126095e-14, -6.58706878745623e-14, 10.616806342051534, 6.175848022506019, 3.6195331793642125e-13, 3.7060348104404046e-14, -6.276219857346146e-14, -3.8246708005970864e-14, 1.855291104216411e-14, -1.223229949284984e-14, -1.5692566731957858e-15, -2.0877671437387673e-14, 7.093091280379269e-16, -3.1028263610950764e-14, -2.4794074093094014e-14, -1.833584254166759e-14, -1.2415140458440736e-14, -6.3561588612490095e-15]], 'outer_position_gain': 0.5, 'outer_velocity_gain': 0.5, 'desired_tip_speed_limit_m_s': 0.5, 'swing_gain_scale_of_reported_3_2': 0.125, 'swing_correction_scale': 0.25, 'swing_correction_clip_m_s2': 0.5}"
paper_a_001,14,14,8,1.0,0.5714285714285714,2.345,0.09751529767377191,0.6492268654118065,0.30274641419230386,0.13988686841373413,0.7104503863731797,0.0992,"{'candidate_id': 'paper_a_001', 'method': 'LV2026-SPACC-ADAPTED-3D', 'backbone': 'full_lqr_048', 'K': [[11.036584322215683, 11.310904011180716, -3.3382746201713446e-15, -8.900660521397779e-15, -2.813693586093646e-14, -7.702111236651157e-15, 9.43936776743195e-14, 6.670365950885416e-14, 38.92879933660244, 5.337925253878614, -6.084194990838757, 2.6552404127018474, 5.049987482087981, 4.054220960707486, 2.1552594949150667, 2.421714511887743, 1.8621453147926068, 1.3063611555841352, 0.8137787428199841, 0.39238394271376303], [-1.3843466819219791e-14, 1.3088100374485791e-15, 11.48860306524821, 18.054936155037538, 7.430432799965661e-14, -2.4301417079340863e-15, -120.91305218846745, -48.636929055587366, 3.531532371149011e-14, -2.0083309488338833e-14, 6.662545540611083e-15, 3.232478864911196e-14, 1.3307115298253875e-14, 6.870369222023325e-15, 2.059586930277579e-15, -1.6999248458841583e-14, -1.309594304027873e-14, -9.768835157730358e-15, -6.492671181353986e-15, -3.378918146639703e-15], [1.3007162627811421e-14, 2.7204972495731044e-15, -4.370670440126095e-14, -6.58706878745623e-14, 10.616806342051534, 6.175848022506019, 3.6195331793642125e-13, 3.7060348104404046e-14, -6.276219857346146e-14, -3.8246708005970864e-14, 1.855291104216411e-14, -1.223229949284984e-14, -1.5692566731957858e-15, -2.0877671437387673e-14, 7.093091280379269e-16, -3.1028263610950764e-14, -2.4794074093094014e-14, -1.833584254166759e-14, -1.2415140458440736e-14, -6.3561588612490095e-15]], 'outer_position_gain': 0.25, 'outer_velocity_gain': 0.5, 'desired_tip_speed_limit_m_s': 0.5, 'swing_gain_scale_of_reported_3_2': 0.0625, 'swing_correction_scale': 0.25, 'swing_correction_clip_m_s2': 0.5}"
paper_a_003,14,14,8,1.0,0.5714285714285714,2.345,0.09761410058168678,0.6508168559872898,0.3027849433535987,0.14000327606092447,0.7082601560339057,0.0998,"{'candidate_id': 'paper_a_003', 'method': 'LV2026-SPACC-ADAPTED-3D', 'backbone': 'full_lqr_048', 'K': [[11.036584322215683, 11.310904011180716, -3.3382746201713446e-15, -8.900660521397779e-15, -2.813693586093646e-14, -7.702111236651157e-15, 9.43936776743195e-14, 6.670365950885416e-14, 38.92879933660244, 5.337925253878614, -6.084194990838757, 2.6552404127018474, 5.049987482087981, 4.054220960707486, 2.1552594949150667, 2.421714511887743, 1.8621453147926068, 1.3063611555841352, 0.8137787428199841, 0.39238394271376303], [-1.3843466819219791e-14, 1.3088100374485791e-15, 11.48860306524821, 18.054936155037538, 7.430432799965661e-14, -2.4301417079340863e-15, -120.91305218846745, -48.636929055587366, 3.531532371149011e-14, -2.0083309488338833e-14, 6.662545540611083e-15, 3.232478864911196e-14, 1.3307115298253875e-14, 6.870369222023325e-15, 2.059586930277579e-15, -1.6999248458841583e-14, -1.309594304027873e-14, -9.768835157730358e-15, -6.492671181353986e-15, -3.378918146639703e-15], [1.3007162627811421e-14, 2.7204972495731044e-15, -4.370670440126095e-14, -6.58706878745623e-14, 10.616806342051534, 6.175848022506019, 3.6195331793642125e-13, 3.7060348104404046e-14, -6.276219857346146e-14, -3.8246708005970864e-14, 1.855291104216411e-14, -1.223229949284984e-14, -1.5692566731957858e-15, -2.0877671437387673e-14, 7.093091280379269e-16, -3.1028263610950764e-14, -2.4794074093094014e-14, -1.833584254166759e-14, -1.2415140458440736e-14, -6.3561588612490095e-15]], 'outer_position_gain': 0.25, 'outer_velocity_gain': 0.5, 'desired_tip_speed_limit_m_s': 0.5, 'swing_gain_scale_of_reported_3_2': 0.125, 'swing_correction_scale': 0.25, 'swing_correction_clip_m_s2': 0.5}"
paper_a_017,14,14,8,1.0,0.5714285714285714,2.355,0.09786662297485368,0.6639552054692797,0.30363024233906144,0.13954118943280974,0.7158577128851524,0.0978,"{'candidate_id': 'paper_a_017', 'method': 'LV2026-SPACC-ADAPTED-3D', 'backbone': 'full_lqr_048', 'K': [[11.036584322215683, 11.310904011180716, -3.3382746201713446e-15, -8.900660521397779e-15, -2.813693586093646e-14, -7.702111236651157e-15, 9.43936776743195e-14, 6.670365950885416e-14, 38.92879933660244, 5.337925253878614, -6.084194990838757, 2.6552404127018474, 5.049987482087981, 4.054220960707486, 2.1552594949150667, 2.421714511887743, 1.8621453147926068, 1.3063611555841352, 0.8137787428199841, 0.39238394271376303], [-1.3843466819219791e-14, 1.3088100374485791e-15, 11.48860306524821, 18.054936155037538, 7.430432799965661e-14, -2.4301417079340863e-15, -120.91305218846745, -48.636929055587366, 3.531532371149011e-14, -2.0083309488338833e-14, 6.662545540611083e-15, 3.232478864911196e-14, 1.3307115298253875e-14, 6.870369222023325e-15, 2.059586930277579e-15, -1.6999248458841583e-14, -1.309594304027873e-14, -9.768835157730358e-15, -6.492671181353986e-15, -3.378918146639703e-15], [1.3007162627811421e-14, 2.7204972495731044e-15, -4.370670440126095e-14, -6.58706878745623e-14, 10.616806342051534, 6.175848022506019, 3.6195331793642125e-13, 3.7060348104404046e-14, -6.276219857346146e-14, -3.8246708005970864e-14, 1.855291104216411e-14, -1.223229949284984e-14, -1.5692566731957858e-15, -2.0877671437387673e-14, 7.093091280379269e-16, -3.1028263610950764e-14, -2.4794074093094014e-14, -1.833584254166759e-14, -1.2415140458440736e-14, -6.3561588612490095e-15]], 'outer_position_gain': 0.5, 'outer_velocity_gain': 0.5, 'desired_tip_speed_limit_m_s': 0.5, 'swing_gain_scale_of_reported_3_2': 0.25, 'swing_correction_scale': 0.25, 'swing_correction_clip_m_s2': 0.5}"
paper_a_005,14,14,8,1.0,0.5714285714285714,2.345,0.09804813013185602,0.6494542530615499,0.3055648269545193,0.14075950325167982,0.7045824897279847,0.0971,"{'candidate_id': 'paper_a_005', 'method': 'LV2026-SPACC-ADAPTED-3D', 'backbone': 'full_lqr_048', 'K': [[11.036584322215683, 11.310904011180716, -3.3382746201713446e-15, -8.900660521397779e-15, -2.813693586093646e-14, -7.702111236651157e-15, 9.43936776743195e-14, 6.670365950885416e-14, 38.92879933660244, 5.337925253878614, -6.084194990838757, 2.6552404127018474, 5.049987482087981, 4.054220960707486, 2.1552594949150667, 2.421714511887743, 1.8621453147926068, 1.3063611555841352, 0.8137787428199841, 0.39238394271376303], [-1.3843466819219791e-14, 1.3088100374485791e-15, 11.48860306524821, 18.054936155037538, 7.430432799965661e-14, -2.4301417079340863e-15, -120.91305218846745, -48.636929055587366, 3.531532371149011e-14, -2.0083309488338833e-14, 6.662545540611083e-15, 3.232478864911196e-14, 1.3307115298253875e-14, 6.870369222023325e-15, 2.059586930277579e-15, -1.6999248458841583e-14, -1.309594304027873e-14, -9.768835157730358e-15, -6.492671181353986e-15, -3.378918146639703e-15], [1.3007162627811421e-14, 2.7204972495731044e-15, -4.370670440126095e-14, -6.58706878745623e-14, 10.616806342051534, 6.175848022506019, 3.6195331793642125e-13, 3.7060348104404046e-14, -6.276219857346146e-14, -3.8246708005970864e-14, 1.855291104216411e-14, -1.223229949284984e-14, -1.5692566731957858e-15, -2.0877671437387673e-14, 7.093091280379269e-16, -3.1028263610950764e-14, -2.4794074093094014e-14, -1.833584254166759e-14, -1.2415140458440736e-14, -6.3561588612490095e-15]], 'outer_position_gain': 0.25, 'outer_velocity_gain': 0.5, 'desired_tip_speed_limit_m_s': 0.5, 'swing_gain_scale_of_reported_3_2': 0.25, 'swing_correction_scale': 0.25, 'swing_correction_clip_m_s2': 0.5}"
paper_a_006,14,14,8,1.0,0.5714285714285714,2.31,0.09891755362359068,0.6668680860196216,0.30228113258967304,0.147802981011317,0.7317069068642599,0.0917,"{'candidate_id': 'paper_a_006', 'method': 'LV2026-SPACC-ADAPTED-3D', 'backbone': 'full_lqr_048', 'K': [[11.036584322215683, 11.310904011180716, -3.3382746201713446e-15, -8.900660521397779e-15, -2.813693586093646e-14, -7.702111236651157e-15, 9.43936776743195e-14, 6.670365950885416e-14, 38.92879933660244, 5.337925253878614, -6.084194990838757, 2.6552404127018474, 5.049987482087981, 4.054220960707486, 2.1552594949150667, 2.421714511887743, 1.8621453147926068, 1.3063611555841352, 0.8137787428199841, 0.39238394271376303], [-1.3843466819219791e-14, 1.3088100374485791e-15, 11.48860306524821, 18.054936155037538, 7.430432799965661e-14, -2.4301417079340863e-15, -120.91305218846745, -48.636929055587366, 3.531532371149011e-14, -2.0083309488338833e-14, 6.662545540611083e-15, 3.232478864911196e-14, 1.3307115298253875e-14, 6.870369222023325e-15, 2.059586930277579e-15, -1.6999248458841583e-14, -1.309594304027873e-14, -9.768835157730358e-15, -6.492671181353986e-15, -3.378918146639703e-15], [1.3007162627811421e-14, 2.7204972495731044e-15, -4.370670440126095e-14, -6.58706878745623e-14, 10.616806342051534, 6.175848022506019, 3.6195331793642125e-13, 3.7060348104404046e-14, -6.276219857346146e-14, -3.8246708005970864e-14, 1.855291104216411e-14, -1.223229949284984e-14, -1.5692566731957858e-15, -2.0877671437387673e-14, 7.093091280379269e-16, -3.1028263610950764e-14, -2.4794074093094014e-14, -1.833584254166759e-14, -1.2415140458440736e-14, -6.3561588612490095e-15]], 'outer_position_gain': 0.25, 'outer_velocity_gain': 1.0, 'desired_tip_speed_limit_m_s': 0.5, 'swing_gain_scale_of_reported_3_2': 0.0625, 'swing_correction_scale': 0.1, 'swing_correction_clip_m_s2': 0.5}"
paper_a_008,14,14,8,1.0,0.5714285714285714,2.31,0.09895641904862039,0.6674271002259157,0.3022990743449197,0.14786839702113938,0.7307328022441073,0.0959,"{'candidate_id': 'paper_a_008', 'method': 'LV2026-SPACC-ADAPTED-3D', 'backbone': 'full_lqr_048', 'K': [[11.036584322215683, 11.310904011180716, -3.3382746201713446e-15, -8.900660521397779e-15, -2.813693586093646e-14, -7.702111236651157e-15, 9.43936776743195e-14, 6.670365950885416e-14, 38.92879933660244, 5.337925253878614, -6.084194990838757, 2.6552404127018474, 5.049987482087981, 4.054220960707486, 2.1552594949150667, 2.421714511887743, 1.8621453147926068, 1.3063611555841352, 0.8137787428199841, 0.39238394271376303], [-1.3843466819219791e-14, 1.3088100374485791e-15, 11.48860306524821, 18.054936155037538, 7.430432799965661e-14, -2.4301417079340863e-15, -120.91305218846745, -48.636929055587366, 3.531532371149011e-14, -2.0083309488338833e-14, 6.662545540611083e-15, 3.232478864911196e-14, 1.3307115298253875e-14, 6.870369222023325e-15, 2.059586930277579e-15, -1.6999248458841583e-14, -1.309594304027873e-14, -9.768835157730358e-15, -6.492671181353986e-15, -3.378918146639703e-15], [1.3007162627811421e-14, 2.7204972495731044e-15, -4.370670440126095e-14, -6.58706878745623e-14, 10.616806342051534, 6.175848022506019, 3.6195331793642125e-13, 3.7060348104404046e-14, -6.276219857346146e-14, -3.8246708005970864e-14, 1.855291104216411e-14, -1.223229949284984e-14, -1.5692566731957858e-15, -2.0877671437387673e-14, 7.093091280379269e-16, -3.1028263610950764e-14, -2.4794074093094014e-14, -1.833584254166759e-14, -1.2415140458440736e-14, -6.3561588612490095e-15]], 'outer_position_gain': 0.25, 'outer_velocity_gain': 1.0, 'desired_tip_speed_limit_m_s': 0.5, 'swing_gain_scale_of_reported_3_2': 0.125, 'swing_correction_scale': 0.1, 'swing_correction_clip_m_s2': 0.5}"
paper_a_010,14,14,8,1.0,0.5714285714285714,2.31,0.09916527347874468,0.6660714304551056,0.3033874008557513,0.14828230772979828,0.7289830817493499,0.0887,"{'candidate_id': 'paper_a_010', 'method': 'LV2026-SPACC-ADAPTED-3D', 'backbone': 'full_lqr_048', 'K': [[11.036584322215683, 11.310904011180716, -3.3382746201713446e-15, -8.900660521397779e-15, -2.813693586093646e-14, -7.702111236651157e-15, 9.43936776743195e-14, 6.670365950885416e-14, 38.92879933660244, 5.337925253878614, -6.084194990838757, 2.6552404127018474, 5.049987482087981, 4.054220960707486, 2.1552594949150667, 2.421714511887743, 1.8621453147926068, 1.3063611555841352, 0.8137787428199841, 0.39238394271376303], [-1.3843466819219791e-14, 1.3088100374485791e-15, 11.48860306524821, 18.054936155037538, 7.430432799965661e-14, -2.4301417079340863e-15, -120.91305218846745, -48.636929055587366, 3.531532371149011e-14, -2.0083309488338833e-14, 6.662545540611083e-15, 3.232478864911196e-14, 1.3307115298253875e-14, 6.870369222023325e-15, 2.059586930277579e-15, -1.6999248458841583e-14, -1.309594304027873e-14, -9.768835157730358e-15, -6.492671181353986e-15, -3.378918146639703e-15], [1.3007162627811421e-14, 2.7204972495731044e-15, -4.370670440126095e-14, -6.58706878745623e-14, 10.616806342051534, 6.175848022506019, 3.6195331793642125e-13, 3.7060348104404046e-14, -6.276219857346146e-14, -3.8246708005970864e-14, 1.855291104216411e-14, -1.223229949284984e-14, -1.5692566731957858e-15, -2.0877671437387673e-14, 7.093091280379269e-16, -3.1028263610950764e-14, -2.4794074093094014e-14, -1.833584254166759e-14, -1.2415140458440736e-14, -6.3561588612490095e-15]], 'outer_position_gain': 0.25, 'outer_velocity_gain': 1.0, 'desired_tip_speed_limit_m_s': 0.5, 'swing_gain_scale_of_reported_3_2': 0.25, 'swing_correction_scale': 0.1, 'swing_correction_clip_m_s2': 0.5}"
paper_a_012,14,14,8,1.0,0.5714285714285714,2.34,0.09928949568710213,0.6501240907194449,0.30897873312517576,0.14528737771264005,0.7201379628820781,0.0936,"{'candidate_id': 'paper_a_012', 'method': 'LV2026-SPACC-ADAPTED-3D', 'backbone': 'full_lqr_048', 'K': [[11.036584322215683, 11.310904011180716, -3.3382746201713446e-15, -8.900660521397779e-15, -2.813693586093646e-14, -7.702111236651157e-15, 9.43936776743195e-14, 6.670365950885416e-14, 38.92879933660244, 5.337925253878614, -6.084194990838757, 2.6552404127018474, 5.049987482087981, 4.054220960707486, 2.1552594949150667, 2.421714511887743, 1.8621453147926068, 1.3063611555841352, 0.8137787428199841, 0.39238394271376303], [-1.3843466819219791e-14, 1.3088100374485791e-15, 11.48860306524821, 18.054936155037538, 7.430432799965661e-14, -2.4301417079340863e-15, -120.91305218846745, -48.636929055587366, 3.531532371149011e-14, -2.0083309488338833e-14, 6.662545540611083e-15, 3.232478864911196e-14, 1.3307115298253875e-14, 6.870369222023325e-15, 2.059586930277579e-15, -1.6999248458841583e-14, -1.309594304027873e-14, -9.768835157730358e-15, -6.492671181353986e-15, -3.378918146639703e-15], [1.3007162627811421e-14, 2.7204972495731044e-15, -4.370670440126095e-14, -6.58706878745623e-14, 10.616806342051534, 6.175848022506019, 3.6195331793642125e-13, 3.7060348104404046e-14, -6.276219857346146e-14, -3.8246708005970864e-14, 1.855291104216411e-14, -1.223229949284984e-14, -1.5692566731957858e-15, -2.0877671437387673e-14, 7.093091280379269e-16, -3.1028263610950764e-14, -2.4794074093094014e-14, -1.833584254166759e-14, -1.2415140458440736e-14, -6.3561588612490095e-15]], 'outer_position_gain': 0.5, 'outer_velocity_gain': 0.5, 'desired_tip_speed_limit_m_s': 0.5, 'swing_gain_scale_of_reported_3_2': 0.0625, 'swing_correction_scale': 0.1, 'swing_correction_clip_m_s2': 0.5}"
paper_a_014,14,14,8,1.0,0.5714285714285714,2.34,0.09933240737243611,0.6507654319033592,0.30899693441362547,0.14533383368735486,0.7192286270786431,0.1181,"{'candidate_id': 'paper_a_014', 'method': 'LV2026-SPACC-ADAPTED-3D', 'backbone': 'full_lqr_048', 'K': [[11.036584322215683, 11.310904011180716, -3.3382746201713446e-15, -8.900660521397779e-15, -2.813693586093646e-14, -7.702111236651157e-15, 9.43936776743195e-14, 6.670365950885416e-14, 38.92879933660244, 5.337925253878614, -6.084194990838757, 2.6552404127018474, 5.049987482087981, 4.054220960707486, 2.1552594949150667, 2.421714511887743, 1.8621453147926068, 1.3063611555841352, 0.8137787428199841, 0.39238394271376303], [-1.3843466819219791e-14, 1.3088100374485791e-15, 11.48860306524821, 18.054936155037538, 7.430432799965661e-14, -2.4301417079340863e-15, -120.91305218846745, -48.636929055587366, 3.531532371149011e-14, -2.0083309488338833e-14, 6.662545540611083e-15, 3.232478864911196e-14, 1.3307115298253875e-14, 6.870369222023325e-15, 2.059586930277579e-15, -1.6999248458841583e-14, -1.309594304027873e-14, -9.768835157730358e-15, -6.492671181353986e-15, -3.378918146639703e-15], [1.3007162627811421e-14, 2.7204972495731044e-15, -4.370670440126095e-14, -6.58706878745623e-14, 10.616806342051534, 6.175848022506019, 3.6195331793642125e-13, 3.7060348104404046e-14, -6.276219857346146e-14, -3.8246708005970864e-14, 1.855291104216411e-14, -1.223229949284984e-14, -1.5692566731957858e-15, -2.0877671437387673e-14, 7.093091280379269e-16, -3.1028263610950764e-14, -2.4794074093094014e-14, -1.833584254166759e-14, -1.2415140458440736e-14, -6.3561588612490095e-15]], 'outer_position_gain': 0.5, 'outer_velocity_gain': 0.5, 'desired_tip_speed_limit_m_s': 0.5, 'swing_gain_scale_of_reported_3_2': 0.125, 'swing_correction_scale': 0.1, 'swing_correction_clip_m_s2': 0.5}"
paper_a_000,14,14,8,1.0,0.5714285714285714,2.33,0.09952580820857718,0.6361732341182235,0.31095861380422823,0.14658075995082478,0.7088111437600181,0.1051,"{'candidate_id': 'paper_a_000', 'method': 'LV2026-SPACC-ADAPTED-3D', 'backbone': 'full_lqr_048', 'K': [[11.036584322215683, 11.310904011180716, -3.3382746201713446e-15, -8.900660521397779e-15, -2.813693586093646e-14, -7.702111236651157e-15, 9.43936776743195e-14, 6.670365950885416e-14, 38.92879933660244, 5.337925253878614, -6.084194990838757, 2.6552404127018474, 5.049987482087981, 4.054220960707486, 2.1552594949150667, 2.421714511887743, 1.8621453147926068, 1.3063611555841352, 0.8137787428199841, 0.39238394271376303], [-1.3843466819219791e-14, 1.3088100374485791e-15, 11.48860306524821, 18.054936155037538, 7.430432799965661e-14, -2.4301417079340863e-15, -120.91305218846745, -48.636929055587366, 3.531532371149011e-14, -2.0083309488338833e-14, 6.662545540611083e-15, 3.232478864911196e-14, 1.3307115298253875e-14, 6.870369222023325e-15, 2.059586930277579e-15, -1.6999248458841583e-14, -1.309594304027873e-14, -9.768835157730358e-15, -6.492671181353986e-15, -3.378918146639703e-15], [1.3007162627811421e-14, 2.7204972495731044e-15, -4.370670440126095e-14, -6.58706878745623e-14, 10.616806342051534, 6.175848022506019, 3.6195331793642125e-13, 3.7060348104404046e-14, -6.276219857346146e-14, -3.8246708005970864e-14, 1.855291104216411e-14, -1.223229949284984e-14, -1.5692566731957858e-15, -2.0877671437387673e-14, 7.093091280379269e-16, -3.1028263610950764e-14, -2.4794074093094014e-14, -1.833584254166759e-14, -1.2415140458440736e-14, -6.3561588612490095e-15]], 'outer_position_gain': 0.25, 'outer_velocity_gain': 0.5, 'desired_tip_speed_limit_m_s': 0.5, 'swing_gain_scale_of_reported_3_2': 0.0625, 'swing_correction_scale': 0.1, 'swing_correction_clip_m_s2': 0.5}"
paper_a_016,14,14,8,1.0,0.5714285714285714,2.34,0.09955103561297363,0.6501937648846797,0.31015446967798876,0.14562277858300315,0.7177516612886865,0.0943,"{'candidate_id': 'paper_a_016', 'method': 'LV2026-SPACC-ADAPTED-3D', 'backbone': 'full_lqr_048', 'K': [[11.036584322215683, 11.310904011180716, -3.3382746201713446e-15, -8.900660521397779e-15, -2.813693586093646e-14, -7.702111236651157e-15, 9.43936776743195e-14, 6.670365950885416e-14, 38.92879933660244, 5.337925253878614, -6.084194990838757, 2.6552404127018474, 5.049987482087981, 4.054220960707486, 2.1552594949150667, 2.421714511887743, 1.8621453147926068, 1.3063611555841352, 0.8137787428199841, 0.39238394271376303], [-1.3843466819219791e-14, 1.3088100374485791e-15, 11.48860306524821, 18.054936155037538, 7.430432799965661e-14, -2.4301417079340863e-15, -120.91305218846745, -48.636929055587366, 3.531532371149011e-14, -2.0083309488338833e-14, 6.662545540611083e-15, 3.232478864911196e-14, 1.3307115298253875e-14, 6.870369222023325e-15, 2.059586930277579e-15, -1.6999248458841583e-14, -1.309594304027873e-14, -9.768835157730358e-15, -6.492671181353986e-15, -3.378918146639703e-15], [1.3007162627811421e-14, 2.7204972495731044e-15, -4.370670440126095e-14, -6.58706878745623e-14, 10.616806342051534, 6.175848022506019, 3.6195331793642125e-13, 3.7060348104404046e-14, -6.276219857346146e-14, -3.8246708005970864e-14, 1.855291104216411e-14, -1.223229949284984e-14, -1.5692566731957858e-15, -2.0877671437387673e-14, 7.093091280379269e-16, -3.1028263610950764e-14, -2.4794074093094014e-14, -1.833584254166759e-14, -1.2415140458440736e-14, -6.3561588612490095e-15]], 'outer_position_gain': 0.5, 'outer_velocity_gain': 0.5, 'desired_tip_speed_limit_m_s': 0.5, 'swing_gain_scale_of_reported_3_2': 0.25, 'swing_correction_scale': 0.1, 'swing_correction_clip_m_s2': 0.5}"
paper_a_002,14,14,8,1.0,0.5714285714285714,2.335,0.09956696224835533,0.6368064882795048,0.3109769103473792,0.14662620810686938,0.7079263667177523,0.1028,"{'candidate_id': 'paper_a_002', 'method': 'LV2026-SPACC-ADAPTED-3D', 'backbone': 'full_lqr_048', 'K': [[11.036584322215683, 11.310904011180716, -3.3382746201713446e-15, -8.900660521397779e-15, -2.813693586093646e-14, -7.702111236651157e-15, 9.43936776743195e-14, 6.670365950885416e-14, 38.92879933660244, 5.337925253878614, -6.084194990838757, 2.6552404127018474, 5.049987482087981, 4.054220960707486, 2.1552594949150667, 2.421714511887743, 1.8621453147926068, 1.3063611555841352, 0.8137787428199841, 0.39238394271376303], [-1.3843466819219791e-14, 1.3088100374485791e-15, 11.48860306524821, 18.054936155037538, 7.430432799965661e-14, -2.4301417079340863e-15, -120.91305218846745, -48.636929055587366, 3.531532371149011e-14, -2.0083309488338833e-14, 6.662545540611083e-15, 3.232478864911196e-14, 1.3307115298253875e-14, 6.870369222023325e-15, 2.059586930277579e-15, -1.6999248458841583e-14, -1.309594304027873e-14, -9.768835157730358e-15, -6.492671181353986e-15, -3.378918146639703e-15], [1.3007162627811421e-14, 2.7204972495731044e-15, -4.370670440126095e-14, -6.58706878745623e-14, 10.616806342051534, 6.175848022506019, 3.6195331793642125e-13, 3.7060348104404046e-14, -6.276219857346146e-14, -3.8246708005970864e-14, 1.855291104216411e-14, -1.223229949284984e-14, -1.5692566731957858e-15, -2.0877671437387673e-14, 7.093091280379269e-16, -3.1028263610950764e-14, -2.4794074093094014e-14, -1.833584254166759e-14, -1.2415140458440736e-14, -6.3561588612490095e-15]], 'outer_position_gain': 0.25, 'outer_velocity_gain': 0.5, 'desired_tip_speed_limit_m_s': 0.5, 'swing_gain_scale_of_reported_3_2': 0.125, 'swing_correction_scale': 0.1, 'swing_correction_clip_m_s2': 0.5}"
paper_a_004,14,14,8,1.0,0.5714285714285714,2.335,0.09978330946733822,0.6362858618603303,0.3121396802946578,0.14692134446783206,0.7064972048603557,0.1016,"{'candidate_id': 'paper_a_004', 'method': 'LV2026-SPACC-ADAPTED-3D', 'backbone': 'full_lqr_048', 'K': [[11.036584322215683, 11.310904011180716, -3.3382746201713446e-15, -8.900660521397779e-15, -2.813693586093646e-14, -7.702111236651157e-15, 9.43936776743195e-14, 6.670365950885416e-14, 38.92879933660244, 5.337925253878614, -6.084194990838757, 2.6552404127018474, 5.049987482087981, 4.054220960707486, 2.1552594949150667, 2.421714511887743, 1.8621453147926068, 1.3063611555841352, 0.8137787428199841, 0.39238394271376303], [-1.3843466819219791e-14, 1.3088100374485791e-15, 11.48860306524821, 18.054936155037538, 7.430432799965661e-14, -2.4301417079340863e-15, -120.91305218846745, -48.636929055587366, 3.531532371149011e-14, -2.0083309488338833e-14, 6.662545540611083e-15, 3.232478864911196e-14, 1.3307115298253875e-14, 6.870369222023325e-15, 2.059586930277579e-15, -1.6999248458841583e-14, -1.309594304027873e-14, -9.768835157730358e-15, -6.492671181353986e-15, -3.378918146639703e-15], [1.3007162627811421e-14, 2.7204972495731044e-15, -4.370670440126095e-14, -6.58706878745623e-14, 10.616806342051534, 6.175848022506019, 3.6195331793642125e-13, 3.7060348104404046e-14, -6.276219857346146e-14, -3.8246708005970864e-14, 1.855291104216411e-14, -1.223229949284984e-14, -1.5692566731957858e-15, -2.0877671437387673e-14, 7.093091280379269e-16, -3.1028263610950764e-14, -2.4794074093094014e-14, -1.833584254166759e-14, -1.2415140458440736e-14, -6.3561588612490095e-15]], 'outer_position_gain': 0.25, 'outer_velocity_gain': 0.5, 'desired_tip_speed_limit_m_s': 0.5, 'swing_gain_scale_of_reported_3_2': 0.25, 'swing_correction_scale': 0.1, 'swing_correction_clip_m_s2': 0.5}"
paper_a_043,14,14,8,1.0,0.5714285714285714,1.995,0.11683814374475705,0.41065327226237536,0.36350689345804704,0.1998558950208615,0.7208700075490999,0.3444,"{'candidate_id': 'paper_a_043', 'method': 'LV2026-SPACC-ADAPTED-3D', 'backbone': 'task_lqr_009', 'K': [[11.106224542625887, 17.470461831616884, 1.5464732862818248e-14, 2.1189042483751587e-14, 0.1240911368666274, 0.053225292614218614, -2.213542853291988e-13, -8.30929039540339e-14, 82.13780742046619, 2.4462349502545297, 16.992313302552652, 26.517252814291908, 23.831339754705283, 16.643233515578263, 8.590534789312795, -0.6559215388080796, -0.5078837524212465, -0.44241609392503867, -0.35154266344494484, -0.2164631739648866], [1.3253591901411076e-13, 7.54734982094088e-14, 11.574193706905334, 22.45240034031052, -3.463419877388124e-15, -1.5607674872768699e-15, -159.19877420389403, -55.731161089440235, -8.503988784847722e-15, -6.495585279504552e-14, -1.1067331944955502e-13, -7.096162338518517e-14, -3.825166072386517e-14, -7.24422237939566e-15, -4.6309653397621534e-14, -6.234794889101343e-14, -4.905533961615558e-14, -3.619346140684544e-14, -2.3843425435012598e-14, -1.2779851247954108e-14], [-0.15612834684476892, -0.2723658073901805, -2.3461453449558822e-14, 3.4888932054755463e-15, 10.58063604854578, 6.934249777165041, -1.0275061801225476e-13, 2.4113620783051717e-14, -4.035845280971266, -1.9213628276947188, -1.0648439074700375, -0.8088861241462306, -0.020887699155186682, 0.4279399231661433, -0.3070715482840982, -1.7650667713177126, -1.4552411581309423, -1.1262673861875168, -0.7820819941339575, -0.4335597353161311]], 'outer_position_gain': 0.5, 'outer_velocity_gain': 1.0, 'desired_tip_speed_limit_m_s': 0.5, 'swing_gain_scale_of_reported_3_2': 0.0625, 'swing_correction_scale': 0.25, 'swing_correction_clip_m_s2': 0.5}"
paper_a_045,14,14,8,1.0,0.5714285714285714,1.9975,0.11684231688612785,0.41073518233348655,0.3634864944030124,0.19985642115843566,0.719342479537849,0.1272,"{'candidate_id': 'paper_a_045', 'method': 'LV2026-SPACC-ADAPTED-3D', 'backbone': 'task_lqr_009', 'K': [[11.106224542625887, 17.470461831616884, 1.5464732862818248e-14, 2.1189042483751587e-14, 0.1240911368666274, 0.053225292614218614, -2.213542853291988e-13, -8.30929039540339e-14, 82.13780742046619, 2.4462349502545297, 16.992313302552652, 26.517252814291908, 23.831339754705283, 16.643233515578263, 8.590534789312795, -0.6559215388080796, -0.5078837524212465, -0.44241609392503867, -0.35154266344494484, -0.2164631739648866], [1.3253591901411076e-13, 7.54734982094088e-14, 11.574193706905334, 22.45240034031052, -3.463419877388124e-15, -1.5607674872768699e-15, -159.19877420389403, -55.731161089440235, -8.503988784847722e-15, -6.495585279504552e-14, -1.1067331944955502e-13, -7.096162338518517e-14, -3.825166072386517e-14, -7.24422237939566e-15, -4.6309653397621534e-14, -6.234794889101343e-14, -4.905533961615558e-14, -3.619346140684544e-14, -2.3843425435012598e-14, -1.2779851247954108e-14], [-0.15612834684476892, -0.2723658073901805, -2.3461453449558822e-14, 3.4888932054755463e-15, 10.58063604854578, 6.934249777165041, -1.0275061801225476e-13, 2.4113620783051717e-14, -4.035845280971266, -1.9213628276947188, -1.0648439074700375, -0.8088861241462306, -0.020887699155186682, 0.4279399231661433, -0.3070715482840982, -1.7650667713177126, -1.4552411581309423, -1.1262673861875168, -0.7820819941339575, -0.4335597353161311]], 'outer_position_gain': 0.5, 'outer_velocity_gain': 1.0, 'desired_tip_speed_limit_m_s': 0.5, 'swing_gain_scale_of_reported_3_2': 0.125, 'swing_correction_scale': 0.25, 'swing_correction_clip_m_s2': 0.5}"
paper_a_047,14,14,8,1.0,0.5714285714285714,2.0,0.11694778426732963,0.4093348633328778,0.3633240758596276,0.2001126886169049,0.7192039984231006,0.1404,"{'candidate_id': 'paper_a_047', 'method': 'LV2026-SPACC-ADAPTED-3D', 'backbone': 'task_lqr_009', 'K': [[11.106224542625887, 17.470461831616884, 1.5464732862818248e-14, 2.1189042483751587e-14, 0.1240911368666274, 0.053225292614218614, -2.213542853291988e-13, -8.30929039540339e-14, 82.13780742046619, 2.4462349502545297, 16.992313302552652, 26.517252814291908, 23.831339754705283, 16.643233515578263, 8.590534789312795, -0.6559215388080796, -0.5078837524212465, -0.44241609392503867, -0.35154266344494484, -0.2164631739648866], [1.3253591901411076e-13, 7.54734982094088e-14, 11.574193706905334, 22.45240034031052, -3.463419877388124e-15, -1.5607674872768699e-15, -159.19877420389403, -55.731161089440235, -8.503988784847722e-15, -6.495585279504552e-14, -1.1067331944955502e-13, -7.096162338518517e-14, -3.825166072386517e-14, -7.24422237939566e-15, -4.6309653397621534e-14, -6.234794889101343e-14, -4.905533961615558e-14, -3.619346140684544e-14, -2.3843425435012598e-14, -1.2779851247954108e-14], [-0.15612834684476892, -0.2723658073901805, -2.3461453449558822e-14, 3.4888932054755463e-15, 10.58063604854578, 6.934249777165041, -1.0275061801225476e-13, 2.4113620783051717e-14, -4.035845280971266, -1.9213628276947188, -1.0648439074700375, -0.8088861241462306, -0.020887699155186682, 0.4279399231661433, -0.3070715482840982, -1.7650667713177126, -1.4552411581309423, -1.1262673861875168, -0.7820819941339575, -0.4335597353161311]], 'outer_position_gain': 0.5, 'outer_velocity_gain': 1.0, 'desired_tip_speed_limit_m_s': 0.5, 'swing_gain_scale_of_reported_3_2': 0.25, 'swing_correction_scale': 0.25, 'swing_correction_clip_m_s2': 0.5}"
paper_a_031,14,14,8,1.0,0.5714285714285714,1.98,0.11853282676007,0.4055502801436898,0.36682344907193604,0.20410813307467385,0.6958386283775396,0.1736,"{'candidate_id': 'paper_a_031', 'method': 'LV2026-SPACC-ADAPTED-3D', 'backbone': 'task_lqr_009', 'K': [[11.106224542625887, 17.470461831616884, 1.5464732862818248e-14, 2.1189042483751587e-14, 0.1240911368666274, 0.053225292614218614, -2.213542853291988e-13, -8.30929039540339e-14, 82.13780742046619, 2.4462349502545297, 16.992313302552652, 26.517252814291908, 23.831339754705283, 16.643233515578263, 8.590534789312795, -0.6559215388080796, -0.5078837524212465, -0.44241609392503867, -0.35154266344494484, -0.2164631739648866], [1.3253591901411076e-13, 7.54734982094088e-14, 11.574193706905334, 22.45240034031052, -3.463419877388124e-15, -1.5607674872768699e-15, -159.19877420389403, -55.731161089440235, -8.503988784847722e-15, -6.495585279504552e-14, -1.1067331944955502e-13, -7.096162338518517e-14, -3.825166072386517e-14, -7.24422237939566e-15, -4.6309653397621534e-14, -6.234794889101343e-14, -4.905533961615558e-14, -3.619346140684544e-14, -2.3843425435012598e-14, -1.2779851247954108e-14], [-0.15612834684476892, -0.2723658073901805, -2.3461453449558822e-14, 3.4888932054755463e-15, 10.58063604854578, 6.934249777165041, -1.0275061801225476e-13, 2.4113620783051717e-14, -4.035845280971266, -1.9213628276947188, -1.0648439074700375, -0.8088861241462306, -0.020887699155186682, 0.4279399231661433, -0.3070715482840982, -1.7650667713177126, -1.4552411581309423, -1.1262673861875168, -0.7820819941339575, -0.4335597353161311]], 'outer_position_gain': 0.25, 'outer_velocity_gain': 1.0, 'desired_tip_speed_limit_m_s': 0.5, 'swing_gain_scale_of_reported_3_2': 0.0625, 'swing_correction_scale': 0.25, 'swing_correction_clip_m_s2': 0.5}"
paper_a_033,14,14,8,1.0,0.5714285714285714,1.9825,0.11853615985641772,0.4056117277850019,0.3668044550750256,0.20410856733016328,0.6944499894689316,0.244,"{'candidate_id': 'paper_a_033', 'method': 'LV2026-SPACC-ADAPTED-3D', 'backbone': 'task_lqr_009', 'K': [[11.106224542625887, 17.470461831616884, 1.5464732862818248e-14, 2.1189042483751587e-14, 0.1240911368666274, 0.053225292614218614, -2.213542853291988e-13, -8.30929039540339e-14, 82.13780742046619, 2.4462349502545297, 16.992313302552652, 26.517252814291908, 23.831339754705283, 16.643233515578263, 8.590534789312795, -0.6559215388080796, -0.5078837524212465, -0.44241609392503867, -0.35154266344494484, -0.2164631739648866], [1.3253591901411076e-13, 7.54734982094088e-14, 11.574193706905334, 22.45240034031052, -3.463419877388124e-15, -1.5607674872768699e-15, -159.19877420389403, -55.731161089440235, -8.503988784847722e-15, -6.495585279504552e-14, -1.1067331944955502e-13, -7.096162338518517e-14, -3.825166072386517e-14, -7.24422237939566e-15, -4.6309653397621534e-14, -6.234794889101343e-14, -4.905533961615558e-14, -3.619346140684544e-14, -2.3843425435012598e-14, -1.2779851247954108e-14], [-0.15612834684476892, -0.2723658073901805, -2.3461453449558822e-14, 3.4888932054755463e-15, 10.58063604854578, 6.934249777165041, -1.0275061801225476e-13, 2.4113620783051717e-14, -4.035845280971266, -1.9213628276947188, -1.0648439074700375, -0.8088861241462306, -0.020887699155186682, 0.4279399231661433, -0.3070715482840982, -1.7650667713177126, -1.4552411581309423, -1.1262673861875168, -0.7820819941339575, -0.4335597353161311]], 'outer_position_gain': 0.25, 'outer_velocity_gain': 1.0, 'desired_tip_speed_limit_m_s': 0.5, 'swing_gain_scale_of_reported_3_2': 0.125, 'swing_correction_scale': 0.25, 'swing_correction_clip_m_s2': 0.5}"
paper_a_035,14,14,8,1.0,0.5714285714285714,1.985,0.11862681285359702,0.40414499392834174,0.3666777691703457,0.20435863003314728,0.694541046212499,0.1621,"{'candidate_id': 'paper_a_035', 'method': 'LV2026-SPACC-ADAPTED-3D', 'backbone': 'task_lqr_009', 'K': [[11.106224542625887, 17.470461831616884, 1.5464732862818248e-14, 2.1189042483751587e-14, 0.1240911368666274, 0.053225292614218614, -2.213542853291988e-13, -8.30929039540339e-14, 82.13780742046619, 2.4462349502545297, 16.992313302552652, 26.517252814291908, 23.831339754705283, 16.643233515578263, 8.590534789312795, -0.6559215388080796, -0.5078837524212465, -0.44241609392503867, -0.35154266344494484, -0.2164631739648866], [1.3253591901411076e-13, 7.54734982094088e-14, 11.574193706905334, 22.45240034031052, -3.463419877388124e-15, -1.5607674872768699e-15, -159.19877420389403, -55.731161089440235, -8.503988784847722e-15, -6.495585279504552e-14, -1.1067331944955502e-13, -7.096162338518517e-14, -3.825166072386517e-14, -7.24422237939566e-15, -4.6309653397621534e-14, -6.234794889101343e-14, -4.905533961615558e-14, -3.619346140684544e-14, -2.3843425435012598e-14, -1.2779851247954108e-14], [-0.15612834684476892, -0.2723658073901805, -2.3461453449558822e-14, 3.4888932054755463e-15, 10.58063604854578, 6.934249777165041, -1.0275061801225476e-13, 2.4113620783051717e-14, -4.035845280971266, -1.9213628276947188, -1.0648439074700375, -0.8088861241462306, -0.020887699155186682, 0.4279399231661433, -0.3070715482840982, -1.7650667713177126, -1.4552411581309423, -1.1262673861875168, -0.7820819941339575, -0.4335597353161311]], 'outer_position_gain': 0.25, 'outer_velocity_gain': 1.0, 'desired_tip_speed_limit_m_s': 0.5, 'swing_gain_scale_of_reported_3_2': 0.25, 'swing_correction_scale': 0.25, 'swing_correction_clip_m_s2': 0.5}"
paper_a_037,14,14,8,1.0,0.5714285714285714,1.9975,0.11884363195694946,0.40346830920194215,0.3678448391030923,0.20429030675855817,0.69258273910798,0.1128,"{'candidate_id': 'paper_a_037', 'method': 'LV2026-SPACC-ADAPTED-3D', 'backbone': 'task_lqr_009', 'K': [[11.106224542625887, 17.470461831616884, 1.5464732862818248e-14, 2.1189042483751587e-14, 0.1240911368666274, 0.053225292614218614, -2.213542853291988e-13, -8.30929039540339e-14, 82.13780742046619, 2.4462349502545297, 16.992313302552652, 26.517252814291908, 23.831339754705283, 16.643233515578263, 8.590534789312795, -0.6559215388080796, -0.5078837524212465, -0.44241609392503867, -0.35154266344494484, -0.2164631739648866], [1.3253591901411076e-13, 7.54734982094088e-14, 11.574193706905334, 22.45240034031052, -3.463419877388124e-15, -1.5607674872768699e-15, -159.19877420389403, -55.731161089440235, -8.503988784847722e-15, -6.495585279504552e-14, -1.1067331944955502e-13, -7.096162338518517e-14, -3.825166072386517e-14, -7.24422237939566e-15, -4.6309653397621534e-14, -6.234794889101343e-14, -4.905533961615558e-14, -3.619346140684544e-14, -2.3843425435012598e-14, -1.2779851247954108e-14], [-0.15612834684476892, -0.2723658073901805, -2.3461453449558822e-14, 3.4888932054755463e-15, 10.58063604854578, 6.934249777165041, -1.0275061801225476e-13, 2.4113620783051717e-14, -4.035845280971266, -1.9213628276947188, -1.0648439074700375, -0.8088861241462306, -0.020887699155186682, 0.4279399231661433, -0.3070715482840982, -1.7650667713177126, -1.4552411581309423, -1.1262673861875168, -0.7820819941339575, -0.4335597353161311]], 'outer_position_gain': 0.5, 'outer_velocity_gain': 0.5, 'desired_tip_speed_limit_m_s': 0.5, 'swing_gain_scale_of_reported_3_2': 0.0625, 'swing_correction_scale': 0.25, 'swing_correction_clip_m_s2': 0.5}"
paper_a_039,14,14,8,1.0,0.5714285714285714,2.0,0.11884787093650308,0.40354809011321463,0.36782694577421376,0.20429096104238872,0.6913090091078119,0.2316,"{'candidate_id': 'paper_a_039', 'method': 'LV2026-SPACC-ADAPTED-3D', 'backbone': 'task_lqr_009', 'K': [[11.106224542625887, 17.470461831616884, 1.5464732862818248e-14, 2.1189042483751587e-14, 0.1240911368666274, 0.053225292614218614, -2.213542853291988e-13, -8.30929039540339e-14, 82.13780742046619, 2.4462349502545297, 16.992313302552652, 26.517252814291908, 23.831339754705283, 16.643233515578263, 8.590534789312795, -0.6559215388080796, -0.5078837524212465, -0.44241609392503867, -0.35154266344494484, -0.2164631739648866], [1.3253591901411076e-13, 7.54734982094088e-14, 11.574193706905334, 22.45240034031052, -3.463419877388124e-15, -1.5607674872768699e-15, -159.19877420389403, -55.731161089440235, -8.503988784847722e-15, -6.495585279504552e-14, -1.1067331944955502e-13, -7.096162338518517e-14, -3.825166072386517e-14, -7.24422237939566e-15, -4.6309653397621534e-14, -6.234794889101343e-14, -4.905533961615558e-14, -3.619346140684544e-14, -2.3843425435012598e-14, -1.2779851247954108e-14], [-0.15612834684476892, -0.2723658073901805, -2.3461453449558822e-14, 3.4888932054755463e-15, 10.58063604854578, 6.934249777165041, -1.0275061801225476e-13, 2.4113620783051717e-14, -4.035845280971266, -1.9213628276947188, -1.0648439074700375, -0.8088861241462306, -0.020887699155186682, 0.4279399231661433, -0.3070715482840982, -1.7650667713177126, -1.4552411581309423, -1.1262673861875168, -0.7820819941339575, -0.4335597353161311]], 'outer_position_gain': 0.5, 'outer_velocity_gain': 0.5, 'desired_tip_speed_limit_m_s': 0.5, 'swing_gain_scale_of_reported_3_2': 0.125, 'swing_correction_scale': 0.25, 'swing_correction_clip_m_s2': 0.5}"
paper_a_041,14,14,8,1.0,0.5714285714285714,2.0,0.1189363807238779,0.40232245088910445,0.36776028192584104,0.20450650977552234,0.6918749593821113,0.1258,"{'candidate_id': 'paper_a_041', 'method': 'LV2026-SPACC-ADAPTED-3D', 'backbone': 'task_lqr_009', 'K': [[11.106224542625887, 17.470461831616884, 1.5464732862818248e-14, 2.1189042483751587e-14, 0.1240911368666274, 0.053225292614218614, -2.213542853291988e-13, -8.30929039540339e-14, 82.13780742046619, 2.4462349502545297, 16.992313302552652, 26.517252814291908, 23.831339754705283, 16.643233515578263, 8.590534789312795, -0.6559215388080796, -0.5078837524212465, -0.44241609392503867, -0.35154266344494484, -0.2164631739648866], [1.3253591901411076e-13, 7.54734982094088e-14, 11.574193706905334, 22.45240034031052, -3.463419877388124e-15, -1.5607674872768699e-15, -159.19877420389403, -55.731161089440235, -8.503988784847722e-15, -6.495585279504552e-14, -1.1067331944955502e-13, -7.096162338518517e-14, -3.825166072386517e-14, -7.24422237939566e-15, -4.6309653397621534e-14, -6.234794889101343e-14, -4.905533961615558e-14, -3.619346140684544e-14, -2.3843425435012598e-14, -1.2779851247954108e-14], [-0.15612834684476892, -0.2723658073901805, -2.3461453449558822e-14, 3.4888932054755463e-15, 10.58063604854578, 6.934249777165041, -1.0275061801225476e-13, 2.4113620783051717e-14, -4.035845280971266, -1.9213628276947188, -1.0648439074700375, -0.8088861241462306, -0.020887699155186682, 0.4279399231661433, -0.3070715482840982, -1.7650667713177126, -1.4552411581309423, -1.1262673861875168, -0.7820819941339575, -0.4335597353161311]], 'outer_position_gain': 0.5, 'outer_velocity_gain': 0.5, 'desired_tip_speed_limit_m_s': 0.5, 'swing_gain_scale_of_reported_3_2': 0.25, 'swing_correction_scale': 0.25, 'swing_correction_clip_m_s2': 0.5}"
paper_a_042,14,14,8,1.0,0.5714285714285714,1.9925,0.11901372571270732,0.4072398179228213,0.36881089000239226,0.20631732487442228,0.7205234719787398,0.1586,"{'candidate_id': 'paper_a_042', 'method': 'LV2026-SPACC-ADAPTED-3D', 'backbone': 'task_lqr_009', 'K': [[11.106224542625887, 17.470461831616884, 1.5464732862818248e-14, 2.1189042483751587e-14, 0.1240911368666274, 0.053225292614218614, -2.213542853291988e-13, -8.30929039540339e-14, 82.13780742046619, 2.4462349502545297, 16.992313302552652, 26.517252814291908, 23.831339754705283, 16.643233515578263, 8.590534789312795, -0.6559215388080796, -0.5078837524212465, -0.44241609392503867, -0.35154266344494484, -0.2164631739648866], [1.3253591901411076e-13, 7.54734982094088e-14, 11.574193706905334, 22.45240034031052, -3.463419877388124e-15, -1.5607674872768699e-15, -159.19877420389403, -55.731161089440235, -8.503988784847722e-15, -6.495585279504552e-14, -1.1067331944955502e-13, -7.096162338518517e-14, -3.825166072386517e-14, -7.24422237939566e-15, -4.6309653397621534e-14, -6.234794889101343e-14, -4.905533961615558e-14, -3.619346140684544e-14, -2.3843425435012598e-14, -1.2779851247954108e-14], [-0.15612834684476892, -0.2723658073901805, -2.3461453449558822e-14, 3.4888932054755463e-15, 10.58063604854578, 6.934249777165041, -1.0275061801225476e-13, 2.4113620783051717e-14, -4.035845280971266, -1.9213628276947188, -1.0648439074700375, -0.8088861241462306, -0.020887699155186682, 0.4279399231661433, -0.3070715482840982, -1.7650667713177126, -1.4552411581309423, -1.1262673861875168, -0.7820819941339575, -0.4335597353161311]], 'outer_position_gain': 0.5, 'outer_velocity_gain': 1.0, 'desired_tip_speed_limit_m_s': 0.5, 'swing_gain_scale_of_reported_3_2': 0.0625, 'swing_correction_scale': 0.1, 'swing_correction_clip_m_s2': 0.5}"
paper_a_044,14,14,8,1.0,0.5714285714285714,1.9949999999999999,0.11901632675438277,0.407269878278745,0.36880257613500667,0.2063175908601815,0.7199155703532844,0.2274,"{'candidate_id': 'paper_a_044', 'method': 'LV2026-SPACC-ADAPTED-3D', 'backbone': 'task_lqr_009', 'K': [[11.106224542625887, 17.470461831616884, 1.5464732862818248e-14, 2.1189042483751587e-14, 0.1240911368666274, 0.053225292614218614, -2.213542853291988e-13, -8.30929039540339e-14, 82.13780742046619, 2.4462349502545297, 16.992313302552652, 26.517252814291908, 23.831339754705283, 16.643233515578263, 8.590534789312795, -0.6559215388080796, -0.5078837524212465, -0.44241609392503867, -0.35154266344494484, -0.2164631739648866], [1.3253591901411076e-13, 7.54734982094088e-14, 11.574193706905334, 22.45240034031052, -3.463419877388124e-15, -1.5607674872768699e-15, -159.19877420389403, -55.731161089440235, -8.503988784847722e-15, -6.495585279504552e-14, -1.1067331944955502e-13, -7.096162338518517e-14, -3.825166072386517e-14, -7.24422237939566e-15, -4.6309653397621534e-14, -6.234794889101343e-14, -4.905533961615558e-14, -3.619346140684544e-14, -2.3843425435012598e-14, -1.2779851247954108e-14], [-0.15612834684476892, -0.2723658073901805, -2.3461453449558822e-14, 3.4888932054755463e-15, 10.58063604854578, 6.934249777165041, -1.0275061801225476e-13, 2.4113620783051717e-14, -4.035845280971266, -1.9213628276947188, -1.0648439074700375, -0.8088861241462306, -0.020887699155186682, 0.4279399231661433, -0.3070715482840982, -1.7650667713177126, -1.4552411581309423, -1.1262673861875168, -0.7820819941339575, -0.4335597353161311]], 'outer_position_gain': 0.5, 'outer_velocity_gain': 1.0, 'desired_tip_speed_limit_m_s': 0.5, 'swing_gain_scale_of_reported_3_2': 0.125, 'swing_correction_scale': 0.1, 'swing_correction_clip_m_s2': 0.5}"
paper_a_046,14,14,8,1.0,0.5714285714285714,1.9975,0.11909723513887048,0.40683185459833254,0.3687411225539738,0.2064198589629026,0.719786824524579,0.1123,"{'candidate_id': 'paper_a_046', 'method': 'LV2026-SPACC-ADAPTED-3D', 'backbone': 'task_lqr_009', 'K': [[11.106224542625887, 17.470461831616884, 1.5464732862818248e-14, 2.1189042483751587e-14, 0.1240911368666274, 0.053225292614218614, -2.213542853291988e-13, -8.30929039540339e-14, 82.13780742046619, 2.4462349502545297, 16.992313302552652, 26.517252814291908, 23.831339754705283, 16.643233515578263, 8.590534789312795, -0.6559215388080796, -0.5078837524212465, -0.44241609392503867, -0.35154266344494484, -0.2164631739648866], [1.3253591901411076e-13, 7.54734982094088e-14, 11.574193706905334, 22.45240034031052, -3.463419877388124e-15, -1.5607674872768699e-15, -159.19877420389403, -55.731161089440235, -8.503988784847722e-15, -6.495585279504552e-14, -1.1067331944955502e-13, -7.096162338518517e-14, -3.825166072386517e-14, -7.24422237939566e-15, -4.6309653397621534e-14, -6.234794889101343e-14, -4.905533961615558e-14, -3.619346140684544e-14, -2.3843425435012598e-14, -1.2779851247954108e-14], [-0.15612834684476892, -0.2723658073901805, -2.3461453449558822e-14, 3.4888932054755463e-15, 10.58063604854578, 6.934249777165041, -1.0275061801225476e-13, 2.4113620783051717e-14, -4.035845280971266, -1.9213628276947188, -1.0648439074700375, -0.8088861241462306, -0.020887699155186682, 0.4279399231661433, -0.3070715482840982, -1.7650667713177126, -1.4552411581309423, -1.1262673861875168, -0.7820819941339575, -0.4335597353161311]], 'outer_position_gain': 0.5, 'outer_velocity_gain': 1.0, 'desired_tip_speed_limit_m_s': 0.5, 'swing_gain_scale_of_reported_3_2': 0.25, 'swing_correction_scale': 0.1, 'swing_correction_clip_m_s2': 0.5}"
paper_a_025,14,14,8,1.0,0.5714285714285714,1.9875,0.11972738943999477,0.40097270734385015,0.36958844642894556,0.2064987010808065,0.6819152679277607,0.0942,"{'candidate_id': 'paper_a_025', 'method': 'LV2026-SPACC-ADAPTED-3D', 'backbone': 'task_lqr_009', 'K': [[11.106224542625887, 17.470461831616884, 1.5464732862818248e-14, 2.1189042483751587e-14, 0.1240911368666274, 0.053225292614218614, -2.213542853291988e-13, -8.30929039540339e-14, 82.13780742046619, 2.4462349502545297, 16.992313302552652, 26.517252814291908, 23.831339754705283, 16.643233515578263, 8.590534789312795, -0.6559215388080796, -0.5078837524212465, -0.44241609392503867, -0.35154266344494484, -0.2164631739648866], [1.3253591901411076e-13, 7.54734982094088e-14, 11.574193706905334, 22.45240034031052, -3.463419877388124e-15, -1.5607674872768699e-15, -159.19877420389403, -55.731161089440235, -8.503988784847722e-15, -6.495585279504552e-14, -1.1067331944955502e-13, -7.096162338518517e-14, -3.825166072386517e-14, -7.24422237939566e-15, -4.6309653397621534e-14, -6.234794889101343e-14, -4.905533961615558e-14, -3.619346140684544e-14, -2.3843425435012598e-14, -1.2779851247954108e-14], [-0.15612834684476892, -0.2723658073901805, -2.3461453449558822e-14, 3.4888932054755463e-15, 10.58063604854578, 6.934249777165041, -1.0275061801225476e-13, 2.4113620783051717e-14, -4.035845280971266, -1.9213628276947188, -1.0648439074700375, -0.8088861241462306, -0.020887699155186682, 0.4279399231661433, -0.3070715482840982, -1.7650667713177126, -1.4552411581309423, -1.1262673861875168, -0.7820819941339575, -0.4335597353161311]], 'outer_position_gain': 0.25, 'outer_velocity_gain': 0.5, 'desired_tip_speed_limit_m_s': 0.5, 'swing_gain_scale_of_reported_3_2': 0.0625, 'swing_correction_scale': 0.25, 'swing_correction_clip_m_s2': 0.5}"
paper_a_027,14,14,8,1.0,0.5714285714285714,1.99,0.11973126865416595,0.4010431727646426,0.3695710309597965,0.20649929723184754,0.6806814636668627,0.0895,"{'candidate_id': 'paper_a_027', 'method': 'LV2026-SPACC-ADAPTED-3D', 'backbone': 'task_lqr_009', 'K': [[11.106224542625887, 17.470461831616884, 1.5464732862818248e-14, 2.1189042483751587e-14, 0.1240911368666274, 0.053225292614218614, -2.213542853291988e-13, -8.30929039540339e-14, 82.13780742046619, 2.4462349502545297, 16.992313302552652, 26.517252814291908, 23.831339754705283, 16.643233515578263, 8.590534789312795, -0.6559215388080796, -0.5078837524212465, -0.44241609392503867, -0.35154266344494484, -0.2164631739648866], [1.3253591901411076e-13, 7.54734982094088e-14, 11.574193706905334, 22.45240034031052, -3.463419877388124e-15, -1.5607674872768699e-15, -159.19877420389403, -55.731161089440235, -8.503988784847722e-15, -6.495585279504552e-14, -1.1067331944955502e-13, -7.096162338518517e-14, -3.825166072386517e-14, -7.24422237939566e-15, -4.6309653397621534e-14, -6.234794889101343e-14, -4.905533961615558e-14, -3.619346140684544e-14, -2.3843425435012598e-14, -1.2779851247954108e-14], [-0.15612834684476892, -0.2723658073901805, -2.3461453449558822e-14, 3.4888932054755463e-15, 10.58063604854578, 6.934249777165041, -1.0275061801225476e-13, 2.4113620783051717e-14, -4.035845280971266, -1.9213628276947188, -1.0648439074700375, -0.8088861241462306, -0.020887699155186682, 0.4279399231661433, -0.3070715482840982, -1.7650667713177126, -1.4552411581309423, -1.1262673861875168, -0.7820819941339575, -0.4335597353161311]], 'outer_position_gain': 0.25, 'outer_velocity_gain': 0.5, 'desired_tip_speed_limit_m_s': 0.5, 'swing_gain_scale_of_reported_3_2': 0.125, 'swing_correction_scale': 0.25, 'swing_correction_clip_m_s2': 0.5}"
paper_a_029,14,14,8,1.0,0.5714285714285714,1.99,0.11982219008350789,0.39979000622952005,0.3695222881866738,0.20671182896988444,0.6817351038271873,0.092,"{'candidate_id': 'paper_a_029', 'method': 'LV2026-SPACC-ADAPTED-3D', 'backbone': 'task_lqr_009', 'K': [[11.106224542625887, 17.470461831616884, 1.5464732862818248e-14, 2.1189042483751587e-14, 0.1240911368666274, 0.053225292614218614, -2.213542853291988e-13, -8.30929039540339e-14, 82.13780742046619, 2.4462349502545297, 16.992313302552652, 26.517252814291908, 23.831339754705283, 16.643233515578263, 8.590534789312795, -0.6559215388080796, -0.5078837524212465, -0.44241609392503867, -0.35154266344494484, -0.2164631739648866], [1.3253591901411076e-13, 7.54734982094088e-14, 11.574193706905334, 22.45240034031052, -3.463419877388124e-15, -1.5607674872768699e-15, -159.19877420389403, -55.731161089440235, -8.503988784847722e-15, -6.495585279504552e-14, -1.1067331944955502e-13, -7.096162338518517e-14, -3.825166072386517e-14, -7.24422237939566e-15, -4.6309653397621534e-14, -6.234794889101343e-14, -4.905533961615558e-14, -3.619346140684544e-14, -2.3843425435012598e-14, -1.2779851247954108e-14], [-0.15612834684476892, -0.2723658073901805, -2.3461453449558822e-14, 3.4888932054755463e-15, 10.58063604854578, 6.934249777165041, -1.0275061801225476e-13, 2.4113620783051717e-14, -4.035845280971266, -1.9213628276947188, -1.0648439074700375, -0.8088861241462306, -0.020887699155186682, 0.4279399231661433, -0.3070715482840982, -1.7650667713177126, -1.4552411581309423, -1.1262673861875168, -0.7820819941339575, -0.4335597353161311]], 'outer_position_gain': 0.25, 'outer_velocity_gain': 0.5, 'desired_tip_speed_limit_m_s': 0.5, 'swing_gain_scale_of_reported_3_2': 0.25, 'swing_correction_scale': 0.25, 'swing_correction_clip_m_s2': 0.5}"
paper_a_030,14,14,8,1.0,0.5714285714285714,1.98,0.12074407633120011,0.40211851977501617,0.37224105202177743,0.21071092948743525,0.6955278074138117,0.0984,"{'candidate_id': 'paper_a_030', 'method': 'LV2026-SPACC-ADAPTED-3D', 'backbone': 'task_lqr_009', 'K': [[11.106224542625887, 17.470461831616884, 1.5464732862818248e-14, 2.1189042483751587e-14, 0.1240911368666274, 0.053225292614218614, -2.213542853291988e-13, -8.30929039540339e-14, 82.13780742046619, 2.4462349502545297, 16.992313302552652, 26.517252814291908, 23.831339754705283, 16.643233515578263, 8.590534789312795, -0.6559215388080796, -0.5078837524212465, -0.44241609392503867, -0.35154266344494484, -0.2164631739648866], [1.3253591901411076e-13, 7.54734982094088e-14, 11.574193706905334, 22.45240034031052, -3.463419877388124e-15, -1.5607674872768699e-15, -159.19877420389403, -55.731161089440235, -8.503988784847722e-15, -6.495585279504552e-14, -1.1067331944955502e-13, -7.096162338518517e-14, -3.825166072386517e-14, -7.24422237939566e-15, -4.6309653397621534e-14, -6.234794889101343e-14, -4.905533961615558e-14, -3.619346140684544e-14, -2.3843425435012598e-14, -1.2779851247954108e-14], [-0.15612834684476892, -0.2723658073901805, -2.3461453449558822e-14, 3.4888932054755463e-15, 10.58063604854578, 6.934249777165041, -1.0275061801225476e-13, 2.4113620783051717e-14, -4.035845280971266, -1.9213628276947188, -1.0648439074700375, -0.8088861241462306, -0.020887699155186682, 0.4279399231661433, -0.3070715482840982, -1.7650667713177126, -1.4552411581309423, -1.1262673861875168, -0.7820819941339575, -0.4335597353161311]], 'outer_position_gain': 0.25, 'outer_velocity_gain': 1.0, 'desired_tip_speed_limit_m_s': 0.5, 'swing_gain_scale_of_reported_3_2': 0.0625, 'swing_correction_scale': 0.1, 'swing_correction_clip_m_s2': 0.5}"
paper_a_032,14,14,8,1.0,0.5714285714285714,1.9775,0.12074634825820585,0.4021392853294258,0.3722332976277535,0.210711145539374,0.6949817470852558,0.224,"{'candidate_id': 'paper_a_032', 'method': 'LV2026-SPACC-ADAPTED-3D', 'backbone': 'task_lqr_009', 'K': [[11.106224542625887, 17.470461831616884, 1.5464732862818248e-14, 2.1189042483751587e-14, 0.1240911368666274, 0.053225292614218614, -2.213542853291988e-13, -8.30929039540339e-14, 82.13780742046619, 2.4462349502545297, 16.992313302552652, 26.517252814291908, 23.831339754705283, 16.643233515578263, 8.590534789312795, -0.6559215388080796, -0.5078837524212465, -0.44241609392503867, -0.35154266344494484, -0.2164631739648866], [1.3253591901411076e-13, 7.54734982094088e-14, 11.574193706905334, 22.45240034031052, -3.463419877388124e-15, -1.5607674872768699e-15, -159.19877420389403, -55.731161089440235, -8.503988784847722e-15, -6.495585279504552e-14, -1.1067331944955502e-13, -7.096162338518517e-14, -3.825166072386517e-14, -7.24422237939566e-15, -4.6309653397621534e-14, -6.234794889101343e-14, -4.905533961615558e-14, -3.619346140684544e-14, -2.3843425435012598e-14, -1.2779851247954108e-14], [-0.15612834684476892, -0.2723658073901805, -2.3461453449558822e-14, 3.4888932054755463e-15, 10.58063604854578, 6.934249777165041, -1.0275061801225476e-13, 2.4113620783051717e-14, -4.035845280971266, -1.9213628276947188, -1.0648439074700375, -0.8088861241462306, -0.020887699155186682, 0.4279399231661433, -0.3070715482840982, -1.7650667713177126, -1.4552411581309423, -1.1262673861875168, -0.7820819941339575, -0.4335597353161311]], 'outer_position_gain': 0.25, 'outer_velocity_gain': 1.0, 'desired_tip_speed_limit_m_s': 0.5, 'swing_gain_scale_of_reported_3_2': 0.125, 'swing_correction_scale': 0.1, 'swing_correction_clip_m_s2': 0.5}"
paper_a_034,14,14,8,1.0,0.5714285714285714,1.98,0.12082326520886574,0.40162289925560196,0.37218703425430766,0.21081096306520702,0.6950216878380335,0.1706,"{'candidate_id': 'paper_a_034', 'method': 'LV2026-SPACC-ADAPTED-3D', 'backbone': 'task_lqr_009', 'K': [[11.106224542625887, 17.470461831616884, 1.5464732862818248e-14, 2.1189042483751587e-14, 0.1240911368666274, 0.053225292614218614, -2.213542853291988e-13, -8.30929039540339e-14, 82.13780742046619, 2.4462349502545297, 16.992313302552652, 26.517252814291908, 23.831339754705283, 16.643233515578263, 8.590534789312795, -0.6559215388080796, -0.5078837524212465, -0.44241609392503867, -0.35154266344494484, -0.2164631739648866], [1.3253591901411076e-13, 7.54734982094088e-14, 11.574193706905334, 22.45240034031052, -3.463419877388124e-15, -1.5607674872768699e-15, -159.19877420389403, -55.731161089440235, -8.503988784847722e-15, -6.495585279504552e-14, -1.1067331944955502e-13, -7.096162338518517e-14, -3.825166072386517e-14, -7.24422237939566e-15, -4.6309653397621534e-14, -6.234794889101343e-14, -4.905533961615558e-14, -3.619346140684544e-14, -2.3843425435012598e-14, -1.2779851247954108e-14], [-0.15612834684476892, -0.2723658073901805, -2.3461453449558822e-14, 3.4888932054755463e-15, 10.58063604854578, 6.934249777165041, -1.0275061801225476e-13, 2.4113620783051717e-14, -4.035845280971266, -1.9213628276947188, -1.0648439074700375, -0.8088861241462306, -0.020887699155186682, 0.4279399231661433, -0.3070715482840982, -1.7650667713177126, -1.4552411581309423, -1.1262673861875168, -0.7820819941339575, -0.4335597353161311]], 'outer_position_gain': 0.25, 'outer_velocity_gain': 1.0, 'desired_tip_speed_limit_m_s': 0.5, 'swing_gain_scale_of_reported_3_2': 0.25, 'swing_correction_scale': 0.1, 'swing_correction_clip_m_s2': 0.5}"
paper_a_036,14,14,8,1.0,0.5714285714285714,1.995,0.1210612234106225,0.4001216285192209,0.3733755690668228,0.21089410548576018,0.6922610039707887,0.135,"{'candidate_id': 'paper_a_036', 'method': 'LV2026-SPACC-ADAPTED-3D', 'backbone': 'task_lqr_009', 'K': [[11.106224542625887, 17.470461831616884, 1.5464732862818248e-14, 2.1189042483751587e-14, 0.1240911368666274, 0.053225292614218614, -2.213542853291988e-13, -8.30929039540339e-14, 82.13780742046619, 2.4462349502545297, 16.992313302552652, 26.517252814291908, 23.831339754705283, 16.643233515578263, 8.590534789312795, -0.6559215388080796, -0.5078837524212465, -0.44241609392503867, -0.35154266344494484, -0.2164631739648866], [1.3253591901411076e-13, 7.54734982094088e-14, 11.574193706905334, 22.45240034031052, -3.463419877388124e-15, -1.5607674872768699e-15, -159.19877420389403, -55.731161089440235, -8.503988784847722e-15, -6.495585279504552e-14, -1.1067331944955502e-13, -7.096162338518517e-14, -3.825166072386517e-14, -7.24422237939566e-15, -4.6309653397621534e-14, -6.234794889101343e-14, -4.905533961615558e-14, -3.619346140684544e-14, -2.3843425435012598e-14, -1.2779851247954108e-14], [-0.15612834684476892, -0.2723658073901805, -2.3461453449558822e-14, 3.4888932054755463e-15, 10.58063604854578, 6.934249777165041, -1.0275061801225476e-13, 2.4113620783051717e-14, -4.035845280971266, -1.9213628276947188, -1.0648439074700375, -0.8088861241462306, -0.020887699155186682, 0.4279399231661433, -0.3070715482840982, -1.7650667713177126, -1.4552411581309423, -1.1262673861875168, -0.7820819941339575, -0.4335597353161311]], 'outer_position_gain': 0.5, 'outer_velocity_gain': 0.5, 'desired_tip_speed_limit_m_s': 0.5, 'swing_gain_scale_of_reported_3_2': 0.0625, 'swing_correction_scale': 0.1, 'swing_correction_clip_m_s2': 0.5}"
paper_a_038,14,14,8,1.0,0.5714285714285714,1.9975,0.12106384748393165,0.4001498184798609,0.3733683607995509,0.2108944168777047,0.6917608962141237,0.261,"{'candidate_id': 'paper_a_038', 'method': 'LV2026-SPACC-ADAPTED-3D', 'backbone': 'task_lqr_009', 'K': [[11.106224542625887, 17.470461831616884, 1.5464732862818248e-14, 2.1189042483751587e-14, 0.1240911368666274, 0.053225292614218614, -2.213542853291988e-13, -8.30929039540339e-14, 82.13780742046619, 2.4462349502545297, 16.992313302552652, 26.517252814291908, 23.831339754705283, 16.643233515578263, 8.590534789312795, -0.6559215388080796, -0.5078837524212465, -0.44241609392503867, -0.35154266344494484, -0.2164631739648866], [1.3253591901411076e-13, 7.54734982094088e-14, 11.574193706905334, 22.45240034031052, -3.463419877388124e-15, -1.5607674872768699e-15, -159.19877420389403, -55.731161089440235, -8.503988784847722e-15, -6.495585279504552e-14, -1.1067331944955502e-13, -7.096162338518517e-14, -3.825166072386517e-14, -7.24422237939566e-15, -4.6309653397621534e-14, -6.234794889101343e-14, -4.905533961615558e-14, -3.619346140684544e-14, -2.3843425435012598e-14, -1.2779851247954108e-14], [-0.15612834684476892, -0.2723658073901805, -2.3461453449558822e-14, 3.4888932054755463e-15, 10.58063604854578, 6.934249777165041, -1.0275061801225476e-13, 2.4113620783051717e-14, -4.035845280971266, -1.9213628276947188, -1.0648439074700375, -0.8088861241462306, -0.020887699155186682, 0.4279399231661433, -0.3070715482840982, -1.7650667713177126, -1.4552411581309423, -1.1262673861875168, -0.7820819941339575, -0.4335597353161311]], 'outer_position_gain': 0.5, 'outer_velocity_gain': 0.5, 'desired_tip_speed_limit_m_s': 0.5, 'swing_gain_scale_of_reported_3_2': 0.125, 'swing_correction_scale': 0.1, 'swing_correction_clip_m_s2': 0.5}"
paper_a_040,14,14,8,1.0,0.5714285714285714,1.9975,0.12114003552213995,0.39973243850216195,0.37334728641966675,0.21098009009851248,0.6919537231353837,0.1271,"{'candidate_id': 'paper_a_040', 'method': 'LV2026-SPACC-ADAPTED-3D', 'backbone': 'task_lqr_009', 'K': [[11.106224542625887, 17.470461831616884, 1.5464732862818248e-14, 2.1189042483751587e-14, 0.1240911368666274, 0.053225292614218614, -2.213542853291988e-13, -8.30929039540339e-14, 82.13780742046619, 2.4462349502545297, 16.992313302552652, 26.517252814291908, 23.831339754705283, 16.643233515578263, 8.590534789312795, -0.6559215388080796, -0.5078837524212465, -0.44241609392503867, -0.35154266344494484, -0.2164631739648866], [1.3253591901411076e-13, 7.54734982094088e-14, 11.574193706905334, 22.45240034031052, -3.463419877388124e-15, -1.5607674872768699e-15, -159.19877420389403, -55.731161089440235, -8.503988784847722e-15, -6.495585279504552e-14, -1.1067331944955502e-13, -7.096162338518517e-14, -3.825166072386517e-14, -7.24422237939566e-15, -4.6309653397621534e-14, -6.234794889101343e-14, -4.905533961615558e-14, -3.619346140684544e-14, -2.3843425435012598e-14, -1.2779851247954108e-14], [-0.15612834684476892, -0.2723658073901805, -2.3461453449558822e-14, 3.4888932054755463e-15, 10.58063604854578, 6.934249777165041, -1.0275061801225476e-13, 2.4113620783051717e-14, -4.035845280971266, -1.9213628276947188, -1.0648439074700375, -0.8088861241462306, -0.020887699155186682, 0.4279399231661433, -0.3070715482840982, -1.7650667713177126, -1.4552411581309423, -1.1262673861875168, -0.7820819941339575, -0.4335597353161311]], 'outer_position_gain': 0.5, 'outer_velocity_gain': 0.5, 'desired_tip_speed_limit_m_s': 0.5, 'swing_gain_scale_of_reported_3_2': 0.25, 'swing_correction_scale': 0.1, 'swing_correction_clip_m_s2': 0.5}"
paper_a_024,14,14,8,1.0,0.5714285714285714,1.985,0.12196591957306165,0.3976269248792476,0.3751762646682445,0.2131756937294475,0.6816729118729989,0.1037,"{'candidate_id': 'paper_a_024', 'method': 'LV2026-SPACC-ADAPTED-3D', 'backbone': 'task_lqr_009', 'K': [[11.106224542625887, 17.470461831616884, 1.5464732862818248e-14, 2.1189042483751587e-14, 0.1240911368666274, 0.053225292614218614, -2.213542853291988e-13, -8.30929039540339e-14, 82.13780742046619, 2.4462349502545297, 16.992313302552652, 26.517252814291908, 23.831339754705283, 16.643233515578263, 8.590534789312795, -0.6559215388080796, -0.5078837524212465, -0.44241609392503867, -0.35154266344494484, -0.2164631739648866], [1.3253591901411076e-13, 7.54734982094088e-14, 11.574193706905334, 22.45240034031052, -3.463419877388124e-15, -1.5607674872768699e-15, -159.19877420389403, -55.731161089440235, -8.503988784847722e-15, -6.495585279504552e-14, -1.1067331944955502e-13, -7.096162338518517e-14, -3.825166072386517e-14, -7.24422237939566e-15, -4.6309653397621534e-14, -6.234794889101343e-14, -4.905533961615558e-14, -3.619346140684544e-14, -2.3843425435012598e-14, -1.2779851247954108e-14], [-0.15612834684476892, -0.2723658073901805, -2.3461453449558822e-14, 3.4888932054755463e-15, 10.58063604854578, 6.934249777165041, -1.0275061801225476e-13, 2.4113620783051717e-14, -4.035845280971266, -1.9213628276947188, -1.0648439074700375, -0.8088861241462306, -0.020887699155186682, 0.4279399231661433, -0.3070715482840982, -1.7650667713177126, -1.4552411581309423, -1.1262673861875168, -0.7820819941339575, -0.4335597353161311]], 'outer_position_gain': 0.25, 'outer_velocity_gain': 0.5, 'desired_tip_speed_limit_m_s': 0.5, 'swing_gain_scale_of_reported_3_2': 0.0625, 'swing_correction_scale': 0.1, 'swing_correction_clip_m_s2': 0.5}"
paper_a_026,14,14,8,1.0,0.5714285714285714,1.9875,0.12196840149792186,0.39765189162487824,0.37516924252838596,0.21317598259001672,0.6811886886389402,0.104,"{'candidate_id': 'paper_a_026', 'method': 'LV2026-SPACC-ADAPTED-3D', 'backbone': 'task_lqr_009', 'K': [[11.106224542625887, 17.470461831616884, 1.5464732862818248e-14, 2.1189042483751587e-14, 0.1240911368666274, 0.053225292614218614, -2.213542853291988e-13, -8.30929039540339e-14, 82.13780742046619, 2.4462349502545297, 16.992313302552652, 26.517252814291908, 23.831339754705283, 16.643233515578263, 8.590534789312795, -0.6559215388080796, -0.5078837524212465, -0.44241609392503867, -0.35154266344494484, -0.2164631739648866], [1.3253591901411076e-13, 7.54734982094088e-14, 11.574193706905334, 22.45240034031052, -3.463419877388124e-15, -1.5607674872768699e-15, -159.19877420389403, -55.731161089440235, -8.503988784847722e-15, -6.495585279504552e-14, -1.1067331944955502e-13, -7.096162338518517e-14, -3.825166072386517e-14, -7.24422237939566e-15, -4.6309653397621534e-14, -6.234794889101343e-14, -4.905533961615558e-14, -3.619346140684544e-14, -2.3843425435012598e-14, -1.2779851247954108e-14], [-0.15612834684476892, -0.2723658073901805, -2.3461453449558822e-14, 3.4888932054755463e-15, 10.58063604854578, 6.934249777165041, -1.0275061801225476e-13, 2.4113620783051717e-14, -4.035845280971266, -1.9213628276947188, -1.0648439074700375, -0.8088861241462306, -0.020887699155186682, 0.4279399231661433, -0.3070715482840982, -1.7650667713177126, -1.4552411581309423, -1.1262673861875168, -0.7820819941339575, -0.4335597353161311]], 'outer_position_gain': 0.25, 'outer_velocity_gain': 0.5, 'desired_tip_speed_limit_m_s': 0.5, 'swing_gain_scale_of_reported_3_2': 0.125, 'swing_correction_scale': 0.1, 'swing_correction_clip_m_s2': 0.5}"
paper_a_028,14,14,8,1.0,0.5714285714285714,1.9875,0.12205079077789568,0.39718053911609635,0.37515494809959865,0.213260584399109,0.6820017600879407,0.0966,"{'candidate_id': 'paper_a_028', 'method': 'LV2026-SPACC-ADAPTED-3D', 'backbone': 'task_lqr_009', 'K': [[11.106224542625887, 17.470461831616884, 1.5464732862818248e-14, 2.1189042483751587e-14, 0.1240911368666274, 0.053225292614218614, -2.213542853291988e-13, -8.30929039540339e-14, 82.13780742046619, 2.4462349502545297, 16.992313302552652, 26.517252814291908, 23.831339754705283, 16.643233515578263, 8.590534789312795, -0.6559215388080796, -0.5078837524212465, -0.44241609392503867, -0.35154266344494484, -0.2164631739648866], [1.3253591901411076e-13, 7.54734982094088e-14, 11.574193706905334, 22.45240034031052, -3.463419877388124e-15, -1.5607674872768699e-15, -159.19877420389403, -55.731161089440235, -8.503988784847722e-15, -6.495585279504552e-14, -1.1067331944955502e-13, -7.096162338518517e-14, -3.825166072386517e-14, -7.24422237939566e-15, -4.6309653397621534e-14, -6.234794889101343e-14, -4.905533961615558e-14, -3.619346140684544e-14, -2.3843425435012598e-14, -1.2779851247954108e-14], [-0.15612834684476892, -0.2723658073901805, -2.3461453449558822e-14, 3.4888932054755463e-15, 10.58063604854578, 6.934249777165041, -1.0275061801225476e-13, 2.4113620783051717e-14, -4.035845280971266, -1.9213628276947188, -1.0648439074700375, -0.8088861241462306, -0.020887699155186682, 0.4279399231661433, -0.3070715482840982, -1.7650667713177126, -1.4552411581309423, -1.1262673861875168, -0.7820819941339575, -0.4335597353161311]], 'outer_position_gain': 0.25, 'outer_velocity_gain': 0.5, 'desired_tip_speed_limit_m_s': 0.5, 'swing_gain_scale_of_reported_3_2': 0.25, 'swing_correction_scale': 0.1, 'swing_correction_clip_m_s2': 0.5}"
paper_a_011,14,14,6,1.0,0.42857142857142855,1.56,0.09746309067826188,0.6791383390105639,0.2971409576689539,0.14231457106308507,0.7266317513597093,0.0858,"{'candidate_id': 'paper_a_011', 'method': 'LV2026-SPACC-ADAPTED-3D', 'backbone': 'full_lqr_048', 'K': [[11.036584322215683, 11.310904011180716, -3.3382746201713446e-15, -8.900660521397779e-15, -2.813693586093646e-14, -7.702111236651157e-15, 9.43936776743195e-14, 6.670365950885416e-14, 38.92879933660244, 5.337925253878614, -6.084194990838757, 2.6552404127018474, 5.049987482087981, 4.054220960707486, 2.1552594949150667, 2.421714511887743, 1.8621453147926068, 1.3063611555841352, 0.8137787428199841, 0.39238394271376303], [-1.3843466819219791e-14, 1.3088100374485791e-15, 11.48860306524821, 18.054936155037538, 7.430432799965661e-14, -2.4301417079340863e-15, -120.91305218846745, -48.636929055587366, 3.531532371149011e-14, -2.0083309488338833e-14, 6.662545540611083e-15, 3.232478864911196e-14, 1.3307115298253875e-14, 6.870369222023325e-15, 2.059586930277579e-15, -1.6999248458841583e-14, -1.309594304027873e-14, -9.768835157730358e-15, -6.492671181353986e-15, -3.378918146639703e-15], [1.3007162627811421e-14, 2.7204972495731044e-15, -4.370670440126095e-14, -6.58706878745623e-14, 10.616806342051534, 6.175848022506019, 3.6195331793642125e-13, 3.7060348104404046e-14, -6.276219857346146e-14, -3.8246708005970864e-14, 1.855291104216411e-14, -1.223229949284984e-14, -1.5692566731957858e-15, -2.0877671437387673e-14, 7.093091280379269e-16, -3.1028263610950764e-14, -2.4794074093094014e-14, -1.833584254166759e-14, -1.2415140458440736e-14, -6.3561588612490095e-15]], 'outer_position_gain': 0.25, 'outer_velocity_gain': 1.0, 'desired_tip_speed_limit_m_s': 0.5, 'swing_gain_scale_of_reported_3_2': 0.25, 'swing_correction_scale': 0.25, 'swing_correction_clip_m_s2': 0.5}"
paper_a_019,14,14,5,1.0,0.35714285714285715,0.8049999999999999,0.09670694090821089,0.7148544783838459,0.2907799996705766,0.13911372359458793,0.7577553504081206,0.0949,"{'candidate_id': 'paper_a_019', 'method': 'LV2026-SPACC-ADAPTED-3D', 'backbone': 'full_lqr_048', 'K': [[11.036584322215683, 11.310904011180716, -3.3382746201713446e-15, -8.900660521397779e-15, -2.813693586093646e-14, -7.702111236651157e-15, 9.43936776743195e-14, 6.670365950885416e-14, 38.92879933660244, 5.337925253878614, -6.084194990838757, 2.6552404127018474, 5.049987482087981, 4.054220960707486, 2.1552594949150667, 2.421714511887743, 1.8621453147926068, 1.3063611555841352, 0.8137787428199841, 0.39238394271376303], [-1.3843466819219791e-14, 1.3088100374485791e-15, 11.48860306524821, 18.054936155037538, 7.430432799965661e-14, -2.4301417079340863e-15, -120.91305218846745, -48.636929055587366, 3.531532371149011e-14, -2.0083309488338833e-14, 6.662545540611083e-15, 3.232478864911196e-14, 1.3307115298253875e-14, 6.870369222023325e-15, 2.059586930277579e-15, -1.6999248458841583e-14, -1.309594304027873e-14, -9.768835157730358e-15, -6.492671181353986e-15, -3.378918146639703e-15], [1.3007162627811421e-14, 2.7204972495731044e-15, -4.370670440126095e-14, -6.58706878745623e-14, 10.616806342051534, 6.175848022506019, 3.6195331793642125e-13, 3.7060348104404046e-14, -6.276219857346146e-14, -3.8246708005970864e-14, 1.855291104216411e-14, -1.223229949284984e-14, -1.5692566731957858e-15, -2.0877671437387673e-14, 7.093091280379269e-16, -3.1028263610950764e-14, -2.4794074093094014e-14, -1.833584254166759e-14, -1.2415140458440736e-14, -6.3561588612490095e-15]], 'outer_position_gain': 0.5, 'outer_velocity_gain': 1.0, 'desired_tip_speed_limit_m_s': 0.5, 'swing_gain_scale_of_reported_3_2': 0.0625, 'swing_correction_scale': 0.25, 'swing_correction_clip_m_s2': 0.5}"
paper_a_021,14,14,5,1.0,0.35714285714285715,0.8049999999999999,0.09680886657811938,0.7162251925734555,0.29081671065799264,0.13929948492779878,0.7550803165675593,0.1104,"{'candidate_id': 'paper_a_021', 'method': 'LV2026-SPACC-ADAPTED-3D', 'backbone': 'full_lqr_048', 'K': [[11.036584322215683, 11.310904011180716, -3.3382746201713446e-15, -8.900660521397779e-15, -2.813693586093646e-14, -7.702111236651157e-15, 9.43936776743195e-14, 6.670365950885416e-14, 38.92879933660244, 5.337925253878614, -6.084194990838757, 2.6552404127018474, 5.049987482087981, 4.054220960707486, 2.1552594949150667, 2.421714511887743, 1.8621453147926068, 1.3063611555841352, 0.8137787428199841, 0.39238394271376303], [-1.3843466819219791e-14, 1.3088100374485791e-15, 11.48860306524821, 18.054936155037538, 7.430432799965661e-14, -2.4301417079340863e-15, -120.91305218846745, -48.636929055587366, 3.531532371149011e-14, -2.0083309488338833e-14, 6.662545540611083e-15, 3.232478864911196e-14, 1.3307115298253875e-14, 6.870369222023325e-15, 2.059586930277579e-15, -1.6999248458841583e-14, -1.309594304027873e-14, -9.768835157730358e-15, -6.492671181353986e-15, -3.378918146639703e-15], [1.3007162627811421e-14, 2.7204972495731044e-15, -4.370670440126095e-14, -6.58706878745623e-14, 10.616806342051534, 6.175848022506019, 3.6195331793642125e-13, 3.7060348104404046e-14, -6.276219857346146e-14, -3.8246708005970864e-14, 1.855291104216411e-14, -1.223229949284984e-14, -1.5692566731957858e-15, -2.0877671437387673e-14, 7.093091280379269e-16, -3.1028263610950764e-14, -2.4794074093094014e-14, -1.833584254166759e-14, -1.2415140458440736e-14, -6.3561588612490095e-15]], 'outer_position_gain': 0.5, 'outer_velocity_gain': 1.0, 'desired_tip_speed_limit_m_s': 0.5, 'swing_gain_scale_of_reported_3_2': 0.125, 'swing_correction_scale': 0.25, 'swing_correction_clip_m_s2': 0.5}"
paper_a_023,14,14,5,1.0,0.35714285714285715,0.8,0.09723178984766226,0.7120840625779878,0.293384503408967,0.14030433344534637,0.7501798206573381,0.1023,"{'candidate_id': 'paper_a_023', 'method': 'LV2026-SPACC-ADAPTED-3D', 'backbone': 'full_lqr_048', 'K': [[11.036584322215683, 11.310904011180716, -3.3382746201713446e-15, -8.900660521397779e-15, -2.813693586093646e-14, -7.702111236651157e-15, 9.43936776743195e-14, 6.670365950885416e-14, 38.92879933660244, 5.337925253878614, -6.084194990838757, 2.6552404127018474, 5.049987482087981, 4.054220960707486, 2.1552594949150667, 2.421714511887743, 1.8621453147926068, 1.3063611555841352, 0.8137787428199841, 0.39238394271376303], [-1.3843466819219791e-14, 1.3088100374485791e-15, 11.48860306524821, 18.054936155037538, 7.430432799965661e-14, -2.4301417079340863e-15, -120.91305218846745, -48.636929055587366, 3.531532371149011e-14, -2.0083309488338833e-14, 6.662545540611083e-15, 3.232478864911196e-14, 1.3307115298253875e-14, 6.870369222023325e-15, 2.059586930277579e-15, -1.6999248458841583e-14, -1.309594304027873e-14, -9.768835157730358e-15, -6.492671181353986e-15, -3.378918146639703e-15], [1.3007162627811421e-14, 2.7204972495731044e-15, -4.370670440126095e-14, -6.58706878745623e-14, 10.616806342051534, 6.175848022506019, 3.6195331793642125e-13, 3.7060348104404046e-14, -6.276219857346146e-14, -3.8246708005970864e-14, 1.855291104216411e-14, -1.223229949284984e-14, -1.5692566731957858e-15, -2.0877671437387673e-14, 7.093091280379269e-16, -3.1028263610950764e-14, -2.4794074093094014e-14, -1.833584254166759e-14, -1.2415140458440736e-14, -6.3561588612490095e-15]], 'outer_position_gain': 0.5, 'outer_velocity_gain': 1.0, 'desired_tip_speed_limit_m_s': 0.5, 'swing_gain_scale_of_reported_3_2': 0.25, 'swing_correction_scale': 0.25, 'swing_correction_clip_m_s2': 0.5}"
paper_a_018,14,14,5,1.0,0.35714285714285715,0.7949999999999999,0.09857821093487552,0.6988221670481025,0.2984359993875452,0.14564097160916947,0.7555303434360863,0.0949,"{'candidate_id': 'paper_a_018', 'method': 'LV2026-SPACC-ADAPTED-3D', 'backbone': 'full_lqr_048', 'K': [[11.036584322215683, 11.310904011180716, -3.3382746201713446e-15, -8.900660521397779e-15, -2.813693586093646e-14, -7.702111236651157e-15, 9.43936776743195e-14, 6.670365950885416e-14, 38.92879933660244, 5.337925253878614, -6.084194990838757, 2.6552404127018474, 5.049987482087981, 4.054220960707486, 2.1552594949150667, 2.421714511887743, 1.8621453147926068, 1.3063611555841352, 0.8137787428199841, 0.39238394271376303], [-1.3843466819219791e-14, 1.3088100374485791e-15, 11.48860306524821, 18.054936155037538, 7.430432799965661e-14, -2.4301417079340863e-15, -120.91305218846745, -48.636929055587366, 3.531532371149011e-14, -2.0083309488338833e-14, 6.662545540611083e-15, 3.232478864911196e-14, 1.3307115298253875e-14, 6.870369222023325e-15, 2.059586930277579e-15, -1.6999248458841583e-14, -1.309594304027873e-14, -9.768835157730358e-15, -6.492671181353986e-15, -3.378918146639703e-15], [1.3007162627811421e-14, 2.7204972495731044e-15, -4.370670440126095e-14, -6.58706878745623e-14, 10.616806342051534, 6.175848022506019, 3.6195331793642125e-13, 3.7060348104404046e-14, -6.276219857346146e-14, -3.8246708005970864e-14, 1.855291104216411e-14, -1.223229949284984e-14, -1.5692566731957858e-15, -2.0877671437387673e-14, 7.093091280379269e-16, -3.1028263610950764e-14, -2.4794074093094014e-14, -1.833584254166759e-14, -1.2415140458440736e-14, -6.3561588612490095e-15]], 'outer_position_gain': 0.5, 'outer_velocity_gain': 1.0, 'desired_tip_speed_limit_m_s': 0.5, 'swing_gain_scale_of_reported_3_2': 0.0625, 'swing_correction_scale': 0.1, 'swing_correction_clip_m_s2': 0.5}"
paper_a_020,14,14,5,1.0,0.35714285714285715,0.7949999999999999,0.09862051946077434,0.6993693037994552,0.2984536973863956,0.14571415027453677,0.7544525645684753,0.103,"{'candidate_id': 'paper_a_020', 'method': 'LV2026-SPACC-ADAPTED-3D', 'backbone': 'full_lqr_048', 'K': [[11.036584322215683, 11.310904011180716, -3.3382746201713446e-15, -8.900660521397779e-15, -2.813693586093646e-14, -7.702111236651157e-15, 9.43936776743195e-14, 6.670365950885416e-14, 38.92879933660244, 5.337925253878614, -6.084194990838757, 2.6552404127018474, 5.049987482087981, 4.054220960707486, 2.1552594949150667, 2.421714511887743, 1.8621453147926068, 1.3063611555841352, 0.8137787428199841, 0.39238394271376303], [-1.3843466819219791e-14, 1.3088100374485791e-15, 11.48860306524821, 18.054936155037538, 7.430432799965661e-14, -2.4301417079340863e-15, -120.91305218846745, -48.636929055587366, 3.531532371149011e-14, -2.0083309488338833e-14, 6.662545540611083e-15, 3.232478864911196e-14, 1.3307115298253875e-14, 6.870369222023325e-15, 2.059586930277579e-15, -1.6999248458841583e-14, -1.309594304027873e-14, -9.768835157730358e-15, -6.492671181353986e-15, -3.378918146639703e-15], [1.3007162627811421e-14, 2.7204972495731044e-15, -4.370670440126095e-14, -6.58706878745623e-14, 10.616806342051534, 6.175848022506019, 3.6195331793642125e-13, 3.7060348104404046e-14, -6.276219857346146e-14, -3.8246708005970864e-14, 1.855291104216411e-14, -1.223229949284984e-14, -1.5692566731957858e-15, -2.0877671437387673e-14, 7.093091280379269e-16, -3.1028263610950764e-14, -2.4794074093094014e-14, -1.833584254166759e-14, -1.2415140458440736e-14, -6.3561588612490095e-15]], 'outer_position_gain': 0.5, 'outer_velocity_gain': 1.0, 'desired_tip_speed_limit_m_s': 0.5, 'swing_gain_scale_of_reported_3_2': 0.125, 'swing_correction_scale': 0.1, 'swing_correction_clip_m_s2': 0.5}"
paper_a_022,14,14,5,1.0,0.35714285714285715,0.7949999999999999,0.0988322997888688,0.6978066767817162,0.29953078672119077,0.14611513731165185,0.7525181803784748,0.1081,"{'candidate_id': 'paper_a_022', 'method': 'LV2026-SPACC-ADAPTED-3D', 'backbone': 'full_lqr_048', 'K': [[11.036584322215683, 11.310904011180716, -3.3382746201713446e-15, -8.900660521397779e-15, -2.813693586093646e-14, -7.702111236651157e-15, 9.43936776743195e-14, 6.670365950885416e-14, 38.92879933660244, 5.337925253878614, -6.084194990838757, 2.6552404127018474, 5.049987482087981, 4.054220960707486, 2.1552594949150667, 2.421714511887743, 1.8621453147926068, 1.3063611555841352, 0.8137787428199841, 0.39238394271376303], [-1.3843466819219791e-14, 1.3088100374485791e-15, 11.48860306524821, 18.054936155037538, 7.430432799965661e-14, -2.4301417079340863e-15, -120.91305218846745, -48.636929055587366, 3.531532371149011e-14, -2.0083309488338833e-14, 6.662545540611083e-15, 3.232478864911196e-14, 1.3307115298253875e-14, 6.870369222023325e-15, 2.059586930277579e-15, -1.6999248458841583e-14, -1.309594304027873e-14, -9.768835157730358e-15, -6.492671181353986e-15, -3.378918146639703e-15], [1.3007162627811421e-14, 2.7204972495731044e-15, -4.370670440126095e-14, -6.58706878745623e-14, 10.616806342051534, 6.175848022506019, 3.6195331793642125e-13, 3.7060348104404046e-14, -6.276219857346146e-14, -3.8246708005970864e-14, 1.855291104216411e-14, -1.223229949284984e-14, -1.5692566731957858e-15, -2.0877671437387673e-14, 7.093091280379269e-16, -3.1028263610950764e-14, -2.4794074093094014e-14, -1.833584254166759e-14, -1.2415140458440736e-14, -6.3561588612490095e-15]], 'outer_position_gain': 0.5, 'outer_velocity_gain': 1.0, 'desired_tip_speed_limit_m_s': 0.5, 'swing_gain_scale_of_reported_3_2': 0.25, 'swing_correction_scale': 0.1, 'swing_correction_clip_m_s2': 0.5}"
