method_id,family,sample_id,task_family,wind_kind,wind_direction,safe,catastrophic,success,position_rmse_m,position_p90_m,position_p95_m,velocity_rmse_m_s,orientation_rmse_rad,endpoint_position_error_m,endpoint_velocity_error_m_s,acquisition_time_s,physical_effort,thrust_saturation_rate,torque_saturation_rate,wrench_rate_rms,runtime_mean_ms,runtime_p95_ms,runtime_p99_ms,runtime_max_ms,deadline_miss_rate,execution_authority,semantic_fingerprint
full_lqr_048+LegacyTaskLevelAdapter,incumbent,native_development_000,setpoint,calm,aligned,False,True,False,4.2396003256517645,8.684111540751193,9.265573074168241,2.6745098911949015,0.23379421296542172,2.531359540198242,7.957689447127265,,17584.6913494531,0.0,0.0,78.64365740656739,0.09953484848484848,0.14730999999999994,0.18025400000000016,11.2312,0.0003787878787878788,NATIVE_STACK_BENCHMARK_V1_1_AUTHORITATIVE,eb63ab2ba6666f084b87236745052898eefe1ddb46c7768f4ddb45e3cdc963f8
full_lqr_048+LegacyTaskLevelAdapter,incumbent,native_development_001,smooth_trajectory,calm,aligned,True,False,True,0.04255178654960425,0.059817163342418316,0.06389073962925147,0.02290424188761327,0.005290578327148149,0.021419670968235712,0.039049326466644635,0.0,16870.19944730693,0.0,0.0,0.31563368526509733,0.09233261363636364,0.13850499999999996,0.16723200000000013,0.5255,0.0,NATIVE_STACK_BENCHMARK_V1_1_AUTHORITATIVE,3dc8727c81932274b8d8a8835a5e2a95c0907f59410d0895974f9320da2465e6
full_lqr_048+LegacyTaskLevelAdapter,incumbent,native_development_002,setpoint,moderate,aligned,False,True,False,3.0635368329060753,4.985123094827237,5.573295406150197,2.8923610115617193,0.8651059124326614,4.459743435207509,1.7794937181530182,,15230.646875288656,0.09125,0.024583333333333332,110.04367953850694,0.09742924242424242,0.14250999999999994,0.17231000000000013,11.550699999999999,0.0003787878787878788,NATIVE_STACK_BENCHMARK_V1_1_AUTHORITATIVE,50738138e1e3a07e5758e55066f10dbc62204e3a7ff50d1b1d60fa1efd55b256
full_lqr_048+LegacyTaskLevelAdapter,incumbent,native_development_003,smooth_trajectory,moderate,aligned,True,False,True,0.1036646090200252,0.16126795911259567,0.16473773069529718,0.03752293918804903,0.008857096572928765,0.12003687213859887,0.011177640044366914,0.0,16871.151623653666,0.0,0.0,1.0028597100183216,0.09052602272727273,0.11501499999999991,0.16376100000000002,0.3036,0.0,NATIVE_STACK_BENCHMARK_V1_1_AUTHORITATIVE,00e6577b0d776a487291ee800d6324ee96ff9882654f17f6b1a9289a6ba3c709
full_lqr_048+LegacyTaskLevelAdapter,incumbent,native_development_004,setpoint,strong_sustained,aligned,False,True,False,5.4825126006476355,11.2998632016974,14.798973291419891,3.368114249552444,0.2529091374747565,17.2134696903881,2.9705994102054203,,17565.636054019913,0.0,0.0,53.388195848187074,0.09338424242424243,0.14650499999999997,0.19345900000000024,0.35519999999999996,0.0,NATIVE_STACK_BENCHMARK_V1_1_AUTHORITATIVE,074ae4c13925783c3f9018fb55cb85ed85957d9e8b61d12442b5fa0c5b6f7a28
full_lqr_048+LegacyTaskLevelAdapter,incumbent,native_development_005,smooth_trajectory,strong_sustained,aligned,True,False,False,0.6711872353039542,0.8956153360283673,1.5585091401927098,0.8523226439302032,0.06690974841497897,2.9499430550382923,2.484854556435807,0.0,16937.354629939753,0.0,0.0,14.563548515629325,0.09091246212121211,0.10990499999999997,0.1523880000000001,0.2611,0.0,NATIVE_STACK_BENCHMARK_V1_1_AUTHORITATIVE,f3b2b0516acb54a26e8651c5cf6d40a430cbc4cb47d2c19a180225486afbe1e7
full_lqr_048+LegacyTaskLevelAdapter,incumbent,native_development_006,setpoint,strong_transient,aligned,False,True,False,2.8821371922880097,5.168680006090195,5.766977910033057,2.804521280461824,1.1166843392665333,2.726309886554871,0.7808862531803372,,14421.305877816956,0.14041666666666666,0.0425,115.6025762599029,0.09380522727272728,0.14331999999999986,0.17314400000000005,0.4729,0.0,NATIVE_STACK_BENCHMARK_V1_1_AUTHORITATIVE,ba1b5663ca9a3ff4d2ba937f3a451139c57b15dcbb3be501d25089a8f79bd87a
full_lqr_048+LegacyTaskLevelAdapter,incumbent,native_development_007,smooth_trajectory,strong_transient,aligned,True,False,True,0.0825127464187783,0.1619532213255579,0.20473478281525004,0.09050077034168887,0.013684586497202047,0.036399350160683935,0.06709059763790261,0.0,16871.468478863368,0.0,0.0,3.7608610521948878,0.08995693181818182,0.13222499999999984,0.16214900000000013,0.366,0.0,NATIVE_STACK_BENCHMARK_V1_1_AUTHORITATIVE,0d443b0b0ab1a0727f02054c63bdf430338afc1c23d1e6352eadf4966328b727
full_lqr_048+LegacyTaskLevelAdapter,incumbent,native_development_008,setpoint,stochastic,aligned,False,True,False,4.142027017498466,7.5875760334207065,7.875044431398732,3.7992539586528022,0.3214212517995343,10.034721934507333,5.8694541976622885,,17784.831613324637,0.0,0.0,117.85137925082576,0.10550026515151516,0.14920499999999998,0.18054400000000004,0.4649,0.0,NATIVE_STACK_BENCHMARK_V1_1_AUTHORITATIVE,6ab0fde1e2e4678dc1ade130fd32cf6c8929210350f60c1f34c18b6b2f3f69a2
full_lqr_048+LegacyTaskLevelAdapter,incumbent,native_development_009,smooth_trajectory,stochastic,aligned,True,False,True,0.04392853219133911,0.08011218135240142,0.08814880656251306,0.02534691988672092,0.005175065142870746,0.011876583916723063,0.004249040111822208,1.1102230246251565e-16,16870.24818984971,0.0,0.0,1.6406559965542327,0.11487030303030302,0.15390999999999994,0.1892880000000001,0.4816,0.0,NATIVE_STACK_BENCHMARK_V1_1_AUTHORITATIVE,39b7acab078376914ac5ae3456d966192a62679e2c3ebeac73cb02a15996e544
full_lqr_048+LegacyTaskLevelAdapter,incumbent,native_development_010,setpoint,ramp,aligned,True,False,True,0.6210893988004245,1.0950018851259469,1.1832905143437973,0.8572215589903713,0.1694439415604199,0.07911609145736075,0.3351777406934134,7.9,16994.87497925148,0.0,0.0,103.075926794335,0.11539943181818181,0.15271999999999988,0.18394400000000005,0.4518,0.0,NATIVE_STACK_BENCHMARK_V1_1_AUTHORITATIVE,ffc3b60c8c81f1e0bd219462f86abafb0b962b9427ebd6a1b7ad1c90a6756543
full_lqr_048+LegacyTaskLevelAdapter,incumbent,native_development_011,smooth_trajectory,ramp,aligned,True,False,False,0.29766709923389406,0.5356726605312407,0.5702648769756224,0.3974172964344403,0.07265534654971849,0.34013032889256617,0.5717403684566705,0.0,16892.650783828783,0.0,0.0,8.382236106540061,0.12105,0.15210499999999996,0.17314400000000005,16.197499999999998,0.0003787878787878788,NATIVE_STACK_BENCHMARK_V1_1_AUTHORITATIVE,aae04b6f018cc6de39fd634302ab2d11a8c3e6ceb40681c2f7595ae400c81e0a
full_lqr_048+LegacyTaskLevelAdapter,incumbent,native_development_012,setpoint,calm,opposed,False,True,False,7.03125483124019,13.5767988264243,14.274280497997538,4.123841528344835,0.2749267153645133,2.235972456800371,10.15420201186002,,18244.626633223983,0.0,0.0,105.4929951335691,0.11495636363636362,0.14650999999999995,0.1772,0.4108,0.0,NATIVE_STACK_BENCHMARK_V1_1_AUTHORITATIVE,6add8c94de0543321752f0dcd2adde3b739be9d91f5d8915f769cfe94b8bafff
full_lqr_048+LegacyTaskLevelAdapter,incumbent,native_development_013,smooth_trajectory,calm,opposed,True,False,True,0.02210872953761709,0.031191404811453875,0.033597117976928055,0.012267212562913065,0.003047930778196493,0.010014484842933583,0.021067144180861187,5.551115123125783e-17,16869.890411915996,0.0,0.0,0.4827415927118589,0.11180166666666665,0.1479,0.18634400000000004,0.44589999999999996,0.0,NATIVE_STACK_BENCHMARK_V1_1_AUTHORITATIVE,83cd42ef533adcf4f242452c3b070f45a018fbd72b040570f736f3ca3758b999
full_lqr_048+LegacyTaskLevelAdapter,incumbent,native_development_014,setpoint,moderate,opposed,False,True,False,3.9653858819646546,7.1161828214778255,7.269169635548981,3.1589489472690393,0.29573154655300105,8.583834471219951,1.1521712791674061,,17823.429085506046,0.0,0.0,110.38242975437106,0.11128393939393938,0.14640999999999996,0.17567100000000013,0.49539999999999995,0.0,NATIVE_STACK_BENCHMARK_V1_1_AUTHORITATIVE,04e0989cd496b5e49e86a109297c4600e76d3bae2260a54ad751fa8174be8874
full_lqr_048+LegacyTaskLevelAdapter,incumbent,native_development_015,smooth_trajectory,moderate,opposed,True,False,True,0.09959280703020817,0.1778426606479251,0.19142950604665981,0.05099941624868814,0.013430441608022911,0.10021436121247844,0.021035850109260745,0.0,16871.708140210823,0.0,0.0,1.2187455541288275,0.10988325757575759,0.15101499999999993,0.18980500000000006,0.4357,0.0,NATIVE_STACK_BENCHMARK_V1_1_AUTHORITATIVE,e8981b8368c31f31ca246875d2759d37b3e7d41af82d8b0679695ac17f15b0d6
full_lqr_048+LegacyTaskLevelAdapter,incumbent,native_development_016,setpoint,strong_sustained,opposed,False,True,False,4.3116284591080705,8.797963634070467,9.512695056588397,2.9833130728056596,0.3616639756631146,8.259935131140534,4.28488687847947,,17847.498752403902,0.0,0.0,69.16255128611233,0.11150374999999998,0.1517,0.1805760000000002,0.42669999999999997,0.0,NATIVE_STACK_BENCHMARK_V1_1_AUTHORITATIVE,f3f58c1f4b3b0bc1b5e78d285045b1a1e10cceff636eed652036f720e38031d9
full_lqr_048+LegacyTaskLevelAdapter,incumbent,native_development_017,smooth_trajectory,strong_sustained,opposed,True,False,False,0.3888462537936482,0.7216895979517979,0.774168155777682,0.5888300190341026,0.10593543363517047,0.11760769807061025,0.814675764370082,0.0,16904.874228862733,0.0,0.0,10.732040059648519,0.1186640909090909,0.155,0.18496100000000001,0.41359999999999997,0.0,NATIVE_STACK_BENCHMARK_V1_1_AUTHORITATIVE,5c3a08ddf6ee73fdb54d7f16b9ecda7a3a85188116c986423e12805e8e689569
full_lqr_048+LegacyTaskLevelAdapter,incumbent,native_development_018,setpoint,strong_transient,opposed,True,False,True,0.6273564738689256,1.1160750675103022,1.1202611895009413,0.9137002364979637,0.18007930083804558,0.29237776453060693,0.23440912399390526,7.84,16936.310178778098,0.0,0.0,35.982590309741276,0.11535795454545453,0.14520999999999995,0.17240300000000028,11.7774,0.0003787878787878788,NATIVE_STACK_BENCHMARK_V1_1_AUTHORITATIVE,478eb32ed0bd4f945a388e10658041b13fbba15cb6cd60d59666f4f8a4aa6c95
full_lqr_048+LegacyTaskLevelAdapter,incumbent,native_development_019,smooth_trajectory,strong_transient,opposed,True,False,True,0.08477488900769664,0.1546379384702758,0.18018982429304725,0.11752667891877212,0.02462589377049811,0.061364052459444804,0.08004240721069987,0.0,16871.894348499158,0.0,0.0,2.5572975015466475,0.11299386363636364,0.14550999999999994,0.16856100000000002,8.6427,0.0003787878787878788,NATIVE_STACK_BENCHMARK_V1_1_AUTHORITATIVE,fb81c1681d8467eee89ced22ec1284da3446e75fba7f91b4aff21e8d108a880d
full_lqr_048+LegacyTaskLevelAdapter,incumbent,native_development_020,setpoint,stochastic,opposed,False,True,False,4.534295113682354,9.058484030210206,11.473386895747723,3.135088878662739,0.29826605295793446,12.351627232808388,0.298660279709774,,17691.16279608117,0.0,0.0,73.69818831128283,0.11802522727272727,0.15170999999999996,0.18768300000000004,0.479,0.0,NATIVE_STACK_BENCHMARK_V1_1_AUTHORITATIVE,b04d2099b019965bc70a850ac977a446263fd605c4315f11b7b29f5cb2ccf851
full_lqr_048+LegacyTaskLevelAdapter,incumbent,native_development_021,smooth_trajectory,stochastic,opposed,True,False,True,0.09951210431110014,0.14939181448510033,0.1567609771210445,0.06565705578754338,0.012192998906510297,0.021926011470735602,0.02723400685961939,0.0,16871.754245543343,0.0,0.0,1.3714019175439336,0.1125373106060606,0.14671999999999988,0.17912200000000003,0.41619999999999996,0.0,NATIVE_STACK_BENCHMARK_V1_1_AUTHORITATIVE,bf704e396c67478905729124c4475a0e1c484e38fdb1268f0fd90d7196b924e6
full_lqr_048+LegacyTaskLevelAdapter,incumbent,native_development_022,setpoint,ramp,opposed,False,True,False,4.764320219375379,9.324488506093017,9.884976327838933,3.161096047828269,0.3308711604483564,2.348641399819628,1.6215813268955324,,17836.462804281797,0.0,0.0,52.294593613532214,0.11244227272727272,0.15140499999999998,0.18046600000000007,0.4266,0.0,NATIVE_STACK_BENCHMARK_V1_1_AUTHORITATIVE,4c887ba90a540bb8de443ecf10cdd95f13420d230457ec98a23b7ffb0d70a165
full_lqr_048+LegacyTaskLevelAdapter,incumbent,native_development_023,smooth_trajectory,ramp,opposed,True,False,False,0.3209611550226841,0.521930617740629,0.6697262929936909,0.5191660857596905,0.09229860851020234,0.12180853116015444,0.7918089993766512,0.0,16896.392745942463,0.0,0.0,9.599729861250797,0.11467503787878788,0.15190499999999996,0.17907100000000015,0.6546,0.0,NATIVE_STACK_BENCHMARK_V1_1_AUTHORITATIVE,55cdf14b792b7a7796af9afddbcc8cb2e14a408b1a78f2ca3e3cead247473fcc
full_lqr_048+LegacyTaskLevelAdapter,incumbent,native_development_024,setpoint,calm,cross,False,True,False,5.9057311836876805,12.20686013768211,15.498998469579574,3.6080721417600006,0.23082328761925003,17.259202910444902,1.4607402126481386,,17687.451837270954,0.0,0.0,101.21532620329883,0.11138912878787878,0.148,0.17634900000000012,0.3137,0.0,NATIVE_STACK_BENCHMARK_V1_1_AUTHORITATIVE,cfce3911ae2e39d21492d589196b550b84591e2c2ad470d1e6c22f738ee930c6
full_lqr_048+LegacyTaskLevelAdapter,incumbent,native_development_025,smooth_trajectory,calm,cross,True,False,True,0.028876881860731354,0.04287151901879425,0.04790300327445426,0.01758878337111581,0.0051451961745361445,0.007087552073908002,0.030699975079562573,0.0,16870.092084059364,0.0,0.0,0.4248507208847088,0.1099960606060606,0.14180499999999996,0.17694400000000005,0.3836,0.0,NATIVE_STACK_BENCHMARK_V1_1_AUTHORITATIVE,1d6ff37d099b15496eeb646588f6dd2ae806028874e6f81b028e1f57cb4077e3
full_lqr_048+LegacyTaskLevelAdapter,incumbent,native_development_026,setpoint,moderate,cross,False,True,False,3.648688859346622,6.414036804075384,6.778792224122439,3.0387081352821554,0.3216871047703458,7.552646703463392,0.9464788420086205,,17855.879208935046,0.0,0.0,117.53984116887044,0.11114878787878785,0.14591999999999988,0.17348300000000003,0.4204,0.0,NATIVE_STACK_BENCHMARK_V1_1_AUTHORITATIVE,58d416558ce94476f595154d1849a8a0f4396f2460051304aecb4a2b76063db6
full_lqr_048+LegacyTaskLevelAdapter,incumbent,native_development_027,smooth_trajectory,moderate,cross,True,False,True,0.1333888017873126,0.20506931139631868,0.21045246449952495,0.06397982014515045,0.015139716700024019,0.1137988477944371,0.019712310738503006,0.0,16872.49172116722,0.0,0.0,0.9854163125746327,0.11123060606060606,0.14200499999999996,0.17398300000000003,0.2575,0.0,NATIVE_STACK_BENCHMARK_V1_1_AUTHORITATIVE,6119478f61421df267be67690cfda1bf06480cf32cab1828c2cf25b8dd3d0a71
full_lqr_048+LegacyTaskLevelAdapter,incumbent,native_development_028,setpoint,strong_sustained,cross,True,False,False,0.8818734134849738,1.4445320117896743,1.5006188170918155,1.1110820516432125,0.21152113015154242,0.5785372785832793,0.5027791572287562,,17031.918644866382,0.0,0.0,103.28480471705087,0.11016420454545453,0.14590999999999996,0.18001000000000014,0.4593,0.0,NATIVE_STACK_BENCHMARK_V1_1_AUTHORITATIVE,36e631db0821bc560561ff5c01337c80df08c9f6207ff0739c5fe8300fb8268e
full_lqr_048+LegacyTaskLevelAdapter,incumbent,native_development_029,smooth_trajectory,strong_sustained,cross,True,False,False,1.9208248742928518,2.414980921479313,4.9277469493969015,2.185614073236355,0.14375837847364106,8.060476043255283,5.28237518835574,0.0,17155.523353376044,0.0,0.0,22.932613417649172,0.1200662121212121,0.15300499999999997,0.18462200000000004,0.5538,0.0,NATIVE_STACK_BENCHMARK_V1_1_AUTHORITATIVE,fefe14fc8575633a5590a94ab4ea8c7f62c0a32d5bca4236f966fb8894461953
full_lqr_048+LegacyTaskLevelAdapter,incumbent,native_development_030,setpoint,strong_transient,cross,False,True,False,4.667593006574303,6.938440566464756,10.594452994635086,4.0793984550691285,0.22925510890452555,15.009739406146464,6.900176122268102,,17564.229056650813,0.0,0.0,98.69081558411443,0.11462147727272726,0.15132499999999985,0.18002200000000002,0.4526,0.0,NATIVE_STACK_BENCHMARK_V1_1_AUTHORITATIVE,de62093d9f73bbf44625355ce75630c49b2b342286b97771f67ff9a17916f1c2
full_lqr_048+LegacyTaskLevelAdapter,incumbent,native_development_031,smooth_trajectory,strong_transient,cross,True,False,True,0.08557707848166392,0.16089319428905774,0.2069892999569418,0.10750354189611228,0.019993401733275663,0.050572820101685595,0.07040037104729299,1.1102230246251565e-16,16871.905263758235,0.0,0.0,3.5567572084650085,0.11164003787878787,0.14880499999999997,0.1854760000000002,0.5915,0.0,NATIVE_STACK_BENCHMARK_V1_1_AUTHORITATIVE,f38561498e99860322d2c9674fbdf58527e44e848dbda57baceebde9737bf905
full_lqr_048+LegacyTaskLevelAdapter,incumbent,native_development_032,setpoint,stochastic,cross,False,True,False,3.357754901023909,5.604562301672768,7.368507512662925,2.81407600904112,0.3419263263252968,7.4031317639812615,2.1315541573066534,,17769.67100296487,0.0,0.0,119.6527069945237,0.11673579545454546,0.15320999999999996,0.18635400000000016,0.4899,0.0,NATIVE_STACK_BENCHMARK_V1_1_AUTHORITATIVE,56f27169440d0f59d73fef4c780acf4b6110688ceb1fdc69ba91dfdd6bb001ee
full_lqr_048+LegacyTaskLevelAdapter,incumbent,native_development_033,smooth_trajectory,stochastic,cross,True,False,True,0.06797414516201572,0.09041560951107401,0.09491314834465411,0.04345366657870999,0.0103466970587179,0.071741477755914,0.04934813076753961,0.0,16871.33243888156,0.0,0.0,1.80217209251176,0.11123268939393939,0.15080499999999997,0.18746600000000005,0.4332,0.0,NATIVE_STACK_BENCHMARK_V1_1_AUTHORITATIVE,47ab3f3b3ba8e1e70995183b56335c758a2a8da57bd432bbc20a4f1552900e44
full_lqr_048+LegacyTaskLevelAdapter,incumbent,native_development_034,setpoint,ramp,cross,False,True,False,2.667162689853924,4.66132324537638,5.076166085109015,2.497056630573691,0.400868986773669,1.3361955177095524,3.6095050148166696,,16993.90440391297,0.0,0.0,74.83667128731751,0.11612969696969697,0.15330999999999995,0.18750500000000006,0.413,0.0,NATIVE_STACK_BENCHMARK_V1_1_AUTHORITATIVE,c591029fc3e72b9b9d5571a96ee40f71ebb181085199d47ab0010c0d55a3e4ca
full_lqr_048+LegacyTaskLevelAdapter,incumbent,native_development_035,smooth_trajectory,ramp,cross,True,False,False,0.4867705332853786,0.7823184467870625,0.830600466171792,0.6297107507629747,0.1177733771049735,0.47175263843752524,1.1169386438603335,5.551115123125783e-17,16908.298392192195,0.0,0.0,9.766800746910326,0.1149805303030303,0.15120499999999998,0.18042200000000003,0.3949,0.0,NATIVE_STACK_BENCHMARK_V1_1_AUTHORITATIVE,e25a774a9e3b50594cdb4a4b4e81795035ee6bb0b4d326d1e89f16ce14a0e7d7
full_lqr_048+LegacyTaskLevelAdapter,incumbent,native_development_036,setpoint,calm,aligned,False,True,False,6.581846234558192,12.779629492371008,13.453487392673685,4.109244053084113,0.26845437674569905,0.37912281189388286,10.31607194381674,,18182.757923533987,0.0,0.0,86.44594131828156,0.11071253787878788,0.15130499999999997,0.18884200000000026,0.4115,0.0,NATIVE_STACK_BENCHMARK_V1_1_AUTHORITATIVE,79564b3deb7f79c3bdcae618c1de5fcba1e3c5b5a8f27d50b98089f21be7c923
full_lqr_048+LegacyTaskLevelAdapter,incumbent,native_development_037,smooth_trajectory,calm,aligned,True,False,True,0.06286208780895661,0.08929908577777994,0.09342227360839075,0.03281180737396232,0.0063594429622097865,0.03581336603596153,0.05470480812101915,0.0,16870.452824742755,0.0,0.0,0.30415708718291323,0.11036753787878788,0.15020499999999998,0.18289999999999998,0.4881,0.0,NATIVE_STACK_BENCHMARK_V1_1_AUTHORITATIVE,9565e6c8cbaaa7bd13de31e29cb717f2e7138e50a29963ac9d09fa17a61038e7
full_lqr_048+LegacyTaskLevelAdapter,incumbent,native_development_038,setpoint,moderate,aligned,False,True,False,5.268585190021008,8.811253609983128,14.245504770106615,4.137275910501665,1.019213464666417,17.468597295590136,2.6253988870985623,,15758.205134060214,0.06125,0.035,137.1148326376488,0.11889863636363637,0.15100499999999997,0.1873490000000001,0.4063,0.0,NATIVE_STACK_BENCHMARK_V1_1_AUTHORITATIVE,93adf0b088540bbfafea0cc99cbee71d74e0ffff5e69295c6f4e9c1bef79d028
full_lqr_048+LegacyTaskLevelAdapter,incumbent,native_development_039,smooth_trajectory,moderate,aligned,True,False,True,0.12308171466920804,0.20002611048811636,0.20621502317834708,0.052372017434835626,0.011574893650140852,0.12407011079439638,0.021324056671218547,0.0,16871.76578991905,0.0,0.0,0.9348588895085759,0.11166840909090908,0.1498,0.17850500000000005,0.2753,0.0,NATIVE_STACK_BENCHMARK_V1_1_AUTHORITATIVE,901e19711514a5bbd5b820d5138df9eadd097dbf45dee9a95ebd7fba9cdb0b15
full_lqr_048+LegacyTaskLevelAdapter,incumbent,native_development_040,setpoint,strong_sustained,aligned,False,True,False,5.228520591721077,10.735301191606144,14.205854113859562,3.27437204095119,0.23059026236472685,16.70199593466165,3.2564569663797673,,17513.100060309003,0.0,0.0,87.36514148346822,0.1114828409090909,0.14640499999999998,0.17764400000000005,0.4178,0.0,NATIVE_STACK_BENCHMARK_V1_1_AUTHORITATIVE,9c3bbfb96c00e07b9d10edea7eecede4f92b5a83c21e5d751ddc49612523b7d8
full_lqr_048+LegacyTaskLevelAdapter,incumbent,native_development_041,smooth_trajectory,strong_sustained,aligned,True,False,False,0.39650095291759024,0.6482780834273569,0.6711417045764168,0.24195263002251655,0.0476552014372353,0.6431393422366212,0.24131177357968026,0.0,16891.625802952658,0.0,0.0,9.26344018959217,0.1133396212121212,0.15250499999999997,0.1855,0.6154999999999999,0.0,NATIVE_STACK_BENCHMARK_V1_1_AUTHORITATIVE,dd5896476e8668a06ced24fa4273b99997e90dda939565f1447258998514dc37
full_lqr_048+LegacyTaskLevelAdapter,incumbent,native_development_042,setpoint,strong_transient,aligned,False,True,False,4.751687862672337,9.90014319270903,10.46001705635631,2.38857481362426,0.22370034483925175,7.820365834629595,5.349392119172562,,17558.119605686024,0.0,0.0,41.73353608943882,0.10710996212121213,0.14540999999999996,0.17608300000000005,0.627,0.0,NATIVE_STACK_BENCHMARK_V1_1_AUTHORITATIVE,b08c86e349e65a19309037c4bb2018c371bfd08a751186cc525a9a2758a551bf
full_lqr_048+LegacyTaskLevelAdapter,incumbent,native_development_043,smooth_trajectory,strong_transient,aligned,True,False,True,0.09126414394761136,0.14476775090852725,0.1801298179821638,0.0892644598862157,0.01615015086849467,0.048727551070255296,0.10117108896518698,0.0,16871.829159857894,0.0,0.0,3.181647000455535,0.11378617424242424,0.14670499999999997,0.18044400000000005,0.4037,0.0,NATIVE_STACK_BENCHMARK_V1_1_AUTHORITATIVE,0987fa06e33c99edf87e874a727a3342a1fb7293c02d9d9c3d118aa61d87c8c8
full_lqr_048+LegacyTaskLevelAdapter,incumbent,native_development_044,setpoint,stochastic,aligned,False,True,False,4.095369825921304,7.875807957734409,9.842786559999254,2.7871108238739835,0.20426771484558603,10.353591781359542,0.5766586031789386,,17651.835777936903,0.0,0.0,117.74773331152001,0.11258768939393939,0.15150999999999995,0.190261,0.602,0.0,NATIVE_STACK_BENCHMARK_V1_1_AUTHORITATIVE,d1034cff39779b4bd497880749ade0d68acbd98c1ececb0d9425760f1b2e9277
full_lqr_048+LegacyTaskLevelAdapter,incumbent,native_development_045,smooth_trajectory,stochastic,aligned,True,False,True,0.05744543259336265,0.08418538822478161,0.08861312493477967,0.038223848817480414,0.011428538459630867,0.03809056260952986,0.1090986513122025,0.0,16870.890940774276,0.0,0.0,1.1857861396112857,0.10426477272727273,0.14640499999999998,0.18112700000000007,0.4059,0.0,NATIVE_STACK_BENCHMARK_V1_1_AUTHORITATIVE,b555fd099ffe8df2e2a2eb2cd52c4021e21b60b86a4d73560c5e191d084d6a99
full_lqr_048+LegacyTaskLevelAdapter,incumbent,native_development_046,setpoint,ramp,aligned,False,True,False,3.6913766366202636,8.17538832350301,8.510232607357516,2.7993050131006845,1.514335184472434,8.483267004666466,1.7965183524214114,,14138.334813441435,0.14708333333333334,0.03,105.26359349148017,0.11234992424242425,0.15111499999999992,0.18305400000000016,0.4326,0.0,NATIVE_STACK_BENCHMARK_V1_1_AUTHORITATIVE,71f26e92ea9bbf35a2248b48f45753f619ab519baa6d5034f500a26dfa248196
full_lqr_048+LegacyTaskLevelAdapter,incumbent,native_development_047,smooth_trajectory,ramp,aligned,True,False,False,0.5423180219955079,1.0001626248329791,1.1051660852252565,0.9456533697925181,0.10987001004258541,1.4070697655840607,3.471323966822061,0.0,17020.023148131302,0.0,0.0,21.044950040868834,0.11966534090909091,0.15260499999999996,0.1910370000000002,0.4206,0.0,NATIVE_STACK_BENCHMARK_V1_1_AUTHORITATIVE,7b46f99f5255eb6ec8ce60013d7e356e326292bdb7cb4b9d0e7e6182d34b8c45
full_lqr_048+LegacyTaskLevelAdapter,incumbent,native_development_048,setpoint,calm,opposed,False,True,False,4.86326720133426,9.899089204779026,10.530472669474738,2.9009314988640287,0.35586989068937774,6.585732408384549,6.533678812247505,,17773.09768516214,0.0,0.0,54.94130329407582,0.11206708333333333,0.14650499999999997,0.17378300000000005,0.6132,0.0,NATIVE_STACK_BENCHMARK_V1_1_AUTHORITATIVE,9cd122eedb4909dea08e9603f63e395b25dbdfa5178ba099053e6360941b0e2b
full_lqr_048+LegacyTaskLevelAdapter,incumbent,native_development_049,smooth_trajectory,calm,opposed,True,False,True,0.033859834579330145,0.04764141542905512,0.05080606095781529,0.01842439911772556,0.004173725047086349,0.017523221774581665,0.031029410258769714,0.0,16870.059987046283,0.0,0.0,0.3039882531995221,0.11267594696969699,0.1513,0.18347100000000013,0.6554,0.0,NATIVE_STACK_BENCHMARK_V1_1_AUTHORITATIVE,b1898d9fb5adfeff7389f21f1934b1578076dfa87e79ecbbe0b4d018faf48956
full_lqr_048+LegacyTaskLevelAdapter,incumbent,native_development_050,setpoint,moderate,opposed,True,False,False,4.301963035704486,8.449615176104798,8.952046909853227,3.0150715487621427,0.2188511299368097,3.3974149648551624,3.442360884601465,,17642.132730757123,0.0,0.0,45.59014042385731,0.11088537878787878,0.1513,0.17696600000000007,0.4503,0.0,NATIVE_STACK_BENCHMARK_V1_1_AUTHORITATIVE,b1a017a83a6daca7b252917faa1a60eae43ac1cd8f9a30d705740739bdb08dce
full_lqr_048+LegacyTaskLevelAdapter,incumbent,native_development_051,smooth_trajectory,moderate,opposed,True,False,True,0.10426082288335582,0.18162895147373587,0.19456299787805487,0.04378556239409523,0.0093735279374413,0.12098398161092468,0.017416743014807265,0.0,16871.152951026685,0.0,0.0,1.1518706244399661,0.1082458712121212,0.14860999999999994,0.18153200000000014,0.46399999999999997,0.0,NATIVE_STACK_BENCHMARK_V1_1_AUTHORITATIVE,5f3368c5c2cd6bbafb3896ecb8fb4d913b62d46d4f54e7ae5d44bb5c76b18e27
full_lqr_048+LegacyTaskLevelAdapter,incumbent,native_development_052,setpoint,strong_sustained,opposed,False,True,False,4.1057456166725546,7.681655309813159,8.155455653501239,3.104164338523578,0.32069112498152297,5.99703384470305,1.023463910551136,,17771.85884802382,0.0,0.0,62.23503338780901,0.11590420454545454,0.14880499999999997,0.1847,0.6641,0.0,NATIVE_STACK_BENCHMARK_V1_1_AUTHORITATIVE,206bc7fe97274508cbb8a999a247ea7e371b788f7da36d05c41e8295b62b795b
full_lqr_048+LegacyTaskLevelAdapter,incumbent,native_development_053,smooth_trajectory,strong_sustained,opposed,True,False,False,0.38230011592678576,0.6815896271359906,0.7164970647209521,0.5406737236361515,0.09958162027240115,0.12661219462764375,0.7067517008885658,1.1102230246251565e-16,16901.697487418456,0.0,0.0,10.921213389448448,0.11529780303030304,0.1502,0.17478300000000005,0.421,0.0,NATIVE_STACK_BENCHMARK_V1_1_AUTHORITATIVE,a8e4376a92355ab2f828b0e0335d96626b9a99397a252915787f28b4f9dc3a92
full_lqr_048+LegacyTaskLevelAdapter,incumbent,native_development_054,setpoint,strong_transient,opposed,True,False,True,0.3722333289801516,0.672888689363876,0.674328586078898,0.5610362662997903,0.12218680392954427,0.18412118676152475,0.06088882838525864,5.78,16899.3113799563,0.0,0.0,27.834511838918605,0.11430071969696969,0.14959999999999998,0.17696600000000007,0.40659999999999996,0.0,NATIVE_STACK_BENCHMARK_V1_1_AUTHORITATIVE,5dbb1d74260f82fcf43a242ca73e687c46c9e91fb6729bb2eeaa691ba9be8f37
full_lqr_048+LegacyTaskLevelAdapter,incumbent,native_development_055,smooth_trajectory,strong_transient,opposed,True,False,True,0.07634272915489682,0.14656885455630456,0.15897624456628887,0.10749366723485973,0.02357970329037918,0.0644665092465522,0.06711150954480931,0.0,16871.902267363417,0.0,0.0,1.6769769079941705,0.11030912878787878,0.1459,0.178961,0.4427,0.0,NATIVE_STACK_BENCHMARK_V1_1_AUTHORITATIVE,09b83c8fc728c8403a12ccda762e26019b07bfc74a8619396c5c8ea2aafa75db
full_lqr_048+LegacyTaskLevelAdapter,incumbent,native_development_056,setpoint,stochastic,opposed,True,False,True,0.6029920163399488,1.1486918696207304,1.2035852944916945,0.8349345116476473,0.16288314859441744,0.28249244603528506,0.07022197389378156,7.89,16979.384605111525,0.0,0.0,102.38285060691845,0.10924113636363633,0.14160499999999998,0.17256100000000002,0.37589999999999996,0.0,NATIVE_STACK_BENCHMARK_V1_1_AUTHORITATIVE,e36991cf4b7d01d825bf85c24aa82bc12ddb83aa3e6b4cc57a5fe5305db1ff1a
full_lqr_048+LegacyTaskLevelAdapter,incumbent,native_development_057,smooth_trajectory,stochastic,opposed,True,False,True,0.07311796804254232,0.14234852444220597,0.1712260284820367,0.06862877358882802,0.012260543994979278,0.024435154837181183,0.028853422216642884,5.551115123125783e-17,16871.090450876185,0.0,0.0,2.428968680236887,0.11864299242424241,0.15000499999999997,0.1794,0.41769999999999996,0.0,NATIVE_STACK_BENCHMARK_V1_1_AUTHORITATIVE,c682c0b705b37ee027e3a63ad644e86fb198edfdeeec5c1045516b3b2cb827b9
full_lqr_048+LegacyTaskLevelAdapter,incumbent,native_development_058,setpoint,ramp,opposed,False,True,False,3.1948441366011098,6.4551116928958026,7.070597806663641,2.8001935127885127,0.37445464116459715,0.33195670464290805,6.378344174611829,,17276.27183541286,0.0,0.0,101.97993311306578,0.11953602272727272,0.14471499999999993,0.17672200000000002,0.40299999999999997,0.0,NATIVE_STACK_BENCHMARK_V1_1_AUTHORITATIVE,b8f0425398c1fcc65bda8bcb76c2466a32f4c309f2ca14edff9db5dfcbbe974c
full_lqr_048+LegacyTaskLevelAdapter,incumbent,native_development_059,smooth_trajectory,ramp,opposed,True,False,False,0.2867052198987318,0.46029080401912986,0.6047025519459148,0.42860169628711137,0.07818350824002868,0.09346043858747591,0.6336318916607264,0.0,16890.300186832723,0.0,0.0,8.881572110467248,0.11778689393939394,0.1499,0.18089800000000023,0.37789999999999996,0.0,NATIVE_STACK_BENCHMARK_V1_1_AUTHORITATIVE,dc8e1563eca62072001d2082a9dfa5f422208ee7658285040ae1eb33898df7d4
full_lqr_048+LegacyTaskLevelAdapter,incumbent,native_development_060,setpoint,calm,cross,True,False,True,0.5412161846426289,0.921679632493956,0.9568443483705646,0.8095655408280314,0.1604850979206037,0.3301082158177859,0.10622412827892366,7.83,16933.594004327253,0.0,0.0,75.5319825394424,0.11777946969696967,0.15062499999999984,0.183561,0.4352,0.0,NATIVE_STACK_BENCHMARK_V1_1_AUTHORITATIVE,eef3e8dee947c06956544518f799ba6ba7f99952669d12ddc990c766329d45e3
full_lqr_048+LegacyTaskLevelAdapter,incumbent,native_development_061,smooth_trajectory,calm,cross,True,False,True,0.04330976831543685,0.061906952141871266,0.06434387269954236,0.022509621940117557,0.003953876162005425,0.02558092479123661,0.03729660675033616,0.0,16870.099758652752,0.0,0.0,0.28891854184836924,0.11351022727272729,0.1527,0.18701000000000012,0.4184,0.0,NATIVE_STACK_BENCHMARK_V1_1_AUTHORITATIVE,188d630ca6df4c865835113ee1e0d07d7ba086072346cefbe9b1f6b62f76eae4
full_lqr_048+LegacyTaskLevelAdapter,incumbent,native_development_062,setpoint,moderate,cross,False,True,False,3.681919998738258,6.730017732740689,6.926221799405361,3.4702686690718156,1.1236519377495902,8.06692258550547,1.960730561002912,,15560.321456637497,0.07416666666666667,0.007083333333333333,131.898451817362,0.10789837121212119,0.14810499999999996,0.17636600000000005,0.2576,0.0,NATIVE_STACK_BENCHMARK_V1_1_AUTHORITATIVE,e87475b5016c90506a46b24182b53c2556a56c2376db1238e54246d9c5c00445
full_lqr_048+LegacyTaskLevelAdapter,incumbent,native_development_063,smooth_trajectory,moderate,cross,True,False,True,0.07968075484785707,0.11818057802812684,0.12138639223675116,0.051837975509919684,0.012870601781243817,0.0482370162091981,0.027215095286310494,0.0,16871.337760610517,0.0,0.0,0.5361036977583429,0.10969450757575756,0.14720499999999997,0.17866100000000001,0.42629999999999996,0.0,NATIVE_STACK_BENCHMARK_V1_1_AUTHORITATIVE,2c2d406465042e2599fea5fc8cea5829dcc49a4d84f9a6e8892c72fc680d63be
full_lqr_048+LegacyTaskLevelAdapter,incumbent,native_development_064,setpoint,strong_sustained,cross,False,True,False,5.577626923815753,10.892713725276478,11.542870466954927,3.8788034101738367,0.2823900972980109,0.739178373140424,7.145462854167553,,18010.13886610689,0.0,0.0,103.39034379033178,0.1104740909090909,0.14582499999999984,0.17638300000000004,0.433,0.0,NATIVE_STACK_BENCHMARK_V1_1_AUTHORITATIVE,c1dbadb0fcffbc240627d7f7779dd6555e9878500d60cd0c9f598c55e4b90127
full_lqr_048+LegacyTaskLevelAdapter,incumbent,native_development_065,smooth_trajectory,strong_sustained,cross,True,False,True,0.23986247308061792,0.3304619856469543,0.34664221069364054,0.2269936763575589,0.05329892561037101,0.31180651385151054,0.2237197122971359,0.0,16888.483388618977,0.0,0.0,10.849190025361615,0.11324303030303029,0.15080499999999997,0.1857760000000002,0.6276999999999999,0.0,NATIVE_STACK_BENCHMARK_V1_1_AUTHORITATIVE,cf299e632372dcf88bf462342bae1d87cf306e3643bf49e81acc2817fb8b0f01
full_lqr_048+LegacyTaskLevelAdapter,incumbent,native_development_066,setpoint,strong_transient,cross,False,True,False,5.959088928819251,12.922813835050546,13.601144982060259,2.884322226954874,0.27634770825797556,12.160364806285589,4.283974687840447,,17779.964198819467,0.0,0.0,50.17558442047437,0.10820590909090907,0.1462,0.181461,0.3801,0.0,NATIVE_STACK_BENCHMARK_V1_1_AUTHORITATIVE,7ca0a34d7f5f7c7beb93fa8147fc36a344c0f9b4143197fedfb55bedbd7cdead
full_lqr_048+LegacyTaskLevelAdapter,incumbent,native_development_067,smooth_trajectory,strong_transient,cross,True,False,True,0.0884930291906507,0.1648668505944048,0.21279078254175893,0.10504881373264888,0.019233781549616292,0.05047709967981453,0.06486804871270814,0.0,16871.87802261864,0.0,0.0,3.7380991394930567,0.11129117424242424,0.15,0.18685900000000025,0.62,0.0,NATIVE_STACK_BENCHMARK_V1_1_AUTHORITATIVE,f07409ed0497073c3e06e8e1d921e0d905d1ecb96b4c8c0902a4fa99750ddcfa
full_lqr_048+LegacyTaskLevelAdapter,incumbent,native_development_068,setpoint,stochastic,cross,True,False,True,0.39069644657605124,0.6659958215265823,0.6702059732720507,0.6029135078555377,0.12809397152962948,0.24899055329003525,0.19584081931026254,5.91,16901.00463054665,0.0,0.0,18.25371990078613,0.11294522727272727,0.15071499999999993,0.19634700000000033,0.5765,0.0,NATIVE_STACK_BENCHMARK_V1_1_AUTHORITATIVE,4f04eef13f6352df28cbb57e82d23bfeb8a07a8407daf8afa2f48f8d5b6367b8
full_lqr_048+LegacyTaskLevelAdapter,incumbent,native_development_069,smooth_trajectory,stochastic,cross,True,False,True,0.07003270243684936,0.10622981376077109,0.11401494082592546,0.05295033701664493,0.011861655572063437,0.0306377998073321,0.006492326189294868,0.0,16871.054475449524,0.0,0.0,1.5862089345552421,0.11687094696969695,0.14579999999999999,0.17257100000000014,13.3403,0.0003787878787878788,NATIVE_STACK_BENCHMARK_V1_1_AUTHORITATIVE,a5987ed8eb21808e8979b20c0a5848a676339a786e553b02119101676d093e96
full_lqr_048+LegacyTaskLevelAdapter,incumbent,native_development_070,setpoint,ramp,cross,False,True,False,4.729213476986463,8.457563686259633,8.681221381360809,4.316972546546608,0.22738382523723574,13.157796692177918,8.617047607179495,,17868.95795459671,0.0,0.0,95.23113363246479,0.12043583333333334,0.14432999999999982,0.17810500000000004,13.694799999999999,0.0003787878787878788,NATIVE_STACK_BENCHMARK_V1_1_AUTHORITATIVE,91eafc9907053915fe34b70169688a13bb2ee73e17fe9b0eed6aee8cbfb742d7
full_lqr_048+LegacyTaskLevelAdapter,incumbent,native_development_071,smooth_trajectory,ramp,cross,True,False,True,0.3015093377318608,0.4706460373438714,0.48826189844016166,0.31906480673105836,0.06256163638491634,0.32594898768148006,0.40542964647161017,0.0,16892.91084416273,0.0,0.0,10.214337586578049,0.1161607196969697,0.1538,0.188761,0.4149,0.0,NATIVE_STACK_BENCHMARK_V1_1_AUTHORITATIVE,3ff11bc5b23b6804901e36c240e0d4e5058175bead391bbd6f187b4f350e1859
full_lqr_048+LegacyTaskLevelAdapter,incumbent,native_development_072,setpoint,calm,aligned,False,True,False,5.003515908762969,7.701611480923727,12.409139440536162,4.02411802572983,0.2213073792863335,16.292860326118365,5.594421047002916,,17625.727104888207,0.0,0.0,111.60425989398865,0.11145253787878787,0.1489,0.1756150000000002,0.3775,0.0,NATIVE_STACK_BENCHMARK_V1_1_AUTHORITATIVE,63fdf47ac1b996018ae50404c471ba66775275051521093b896e45d937448fea
full_lqr_048+LegacyTaskLevelAdapter,incumbent,native_development_073,smooth_trajectory,calm,aligned,True,False,True,0.04680659397242679,0.06704378672252469,0.069424382452361,0.024392801547783605,0.004155110048532726,0.02787250532668435,0.04042148907994151,0.0,16870.042822815543,0.0,0.0,0.5538407245313538,0.11842969696969698,0.14730499999999996,0.17551000000000014,11.1096,0.0003787878787878788,NATIVE_STACK_BENCHMARK_V1_1_AUTHORITATIVE,f6df95a9e32f8745776f5fba01b89ee7f9d28cb77d45e931998d1b0bee6e0d6d
full_lqr_048+LegacyTaskLevelAdapter,incumbent,native_development_074,setpoint,moderate,aligned,False,True,False,3.5943421486585616,6.3547628945688,6.580215059697745,3.4613485465340204,0.8916354765465219,8.032915034743493,0.2673261988110874,,15710.322770197099,0.028333333333333332,0.05875,172.64828125668146,0.1105335984848485,0.1426,0.17454400000000003,10.846,0.0003787878787878788,NATIVE_STACK_BENCHMARK_V1_1_AUTHORITATIVE,a3e6362e621fd051e918bdb22abcdef1b594fa8842e96ba3eb03e7752c7a6ced
full_lqr_048+LegacyTaskLevelAdapter,incumbent,native_development_075,smooth_trajectory,moderate,aligned,True,False,True,0.14130706821613706,0.23137592830972062,0.24018705930486034,0.0683005483929619,0.014675626914146832,0.12145482263412145,0.03177697802500165,1.1102230246251565e-16,16872.630448802982,0.0,0.0,0.8396458700367606,0.11141306818181818,0.14920499999999998,0.180461,0.321,0.0,NATIVE_STACK_BENCHMARK_V1_1_AUTHORITATIVE,624b82a786f078434b29952ece76efb2719121303485adad853f22de60bce61a
full_lqr_048+LegacyTaskLevelAdapter,incumbent,native_development_076,setpoint,strong_sustained,aligned,True,False,True,0.4839599914262041,0.8191434530409196,0.8473393240934093,0.6352745587195081,0.13922861888507018,0.1911521881933973,0.07128017431336968,4.22,16919.301786004842,0.0,0.0,58.909419250337315,0.11199742424242422,0.141,0.16891000000000014,10.1653,0.0003787878787878788,NATIVE_STACK_BENCHMARK_V1_1_AUTHORITATIVE,c344b77ae4676437978f70ec1916be8943198209582b945977041005f87000a3
full_lqr_048+LegacyTaskLevelAdapter,incumbent,native_development_077,smooth_trajectory,strong_sustained,aligned,True,False,False,0.3222470061933801,0.584920590214744,0.6213059942189092,0.4756382815453135,0.08725930614104863,0.26758780386884806,0.7834085806907879,0.0,16896.395348696402,0.0,0.0,8.473950830446544,0.11483325757575759,0.15210999999999994,0.18669100000000038,0.5527,0.0,NATIVE_STACK_BENCHMARK_V1_1_AUTHORITATIVE,c354857f4679a67fcec51384080ce1d98ddf0266507fd69a248ed857fd9941dc
full_lqr_048+LegacyTaskLevelAdapter,incumbent,native_development_078,setpoint,strong_transient,aligned,False,True,False,4.374276641694132,8.883818426977323,9.465559741976984,2.867190080647909,0.3006069049080744,1.7162553353662027,6.813962522560572,,17624.770833275044,0.0,0.0,56.34434989073991,0.1087401893939394,0.1437,0.17750500000000005,0.411,0.0,NATIVE_STACK_BENCHMARK_V1_1_AUTHORITATIVE,fa502388ac913f17d35c5e3759140d23eefee3fc42c70cb3daa4c4f67a255fbc
full_lqr_048+LegacyTaskLevelAdapter,incumbent,native_development_079,smooth_trajectory,strong_transient,aligned,True,False,True,0.08535087229749123,0.15371883635876718,0.1952857582489244,0.09036422971151432,0.015790428237172503,0.042347015461254287,0.08898501778835019,5.551115123125783e-17,16871.661222831994,0.0,0.0,3.4191884022454873,0.11405409090909091,0.14951499999999993,0.182261,0.5978,0.0,NATIVE_STACK_BENCHMARK_V1_1_AUTHORITATIVE,b7ab449ad127acaab136fad4fac2536ef795f8e0fa9f0a25a0be1609a01b2c6f
full_lqr_048+LegacyTaskLevelAdapter,incumbent,native_development_080,setpoint,stochastic,aligned,False,True,False,3.7825915183989216,7.737084347880087,8.287082805865044,2.3398890462030133,0.2098785761869929,4.385577631968827,5.925366874234366,,17482.66223616495,0.0,0.0,47.77171597778312,0.1148598484848485,0.14500999999999994,0.17910500000000004,0.4289,0.0,NATIVE_STACK_BENCHMARK_V1_1_AUTHORITATIVE,4ce34bee9d694485b252418fef3cc76eb45316578993c0f6a4ebaaf30acc8387
full_lqr_048+LegacyTaskLevelAdapter,incumbent,native_development_081,smooth_trajectory,stochastic,aligned,True,False,True,0.08362471914829131,0.1287516216743877,0.1372731524247534,0.05893887055425566,0.009159088047793636,0.031196544442516426,0.01704049834805394,0.0,16871.16763065689,0.0,0.0,1.7444586215789493,0.11011488636363637,0.14660499999999996,0.17729999999999999,8.4333,0.0003787878787878788,NATIVE_STACK_BENCHMARK_V1_1_AUTHORITATIVE,a2e849a19c8f2c4c2effb768ffea3e38bf1a5d56e27cc5282c24b6e257366382
full_lqr_048+LegacyTaskLevelAdapter,incumbent,native_development_082,setpoint,ramp,aligned,False,True,False,3.058810987158105,5.157119360783305,5.301985485824759,2.9227971505635533,1.4050235308184484,5.3607075729931895,2.5744447895733384,,14270.79741883569,0.07583333333333334,0.11958333333333333,168.70739394803647,0.11830393939393938,0.14750999999999995,0.17136600000000007,13.405999999999999,0.0003787878787878788,NATIVE_STACK_BENCHMARK_V1_1_AUTHORITATIVE,52f9c62ae0eab91e237f045a58902d4659be5dcf78168d3c7f939891a115497d
full_lqr_048+LegacyTaskLevelAdapter,incumbent,native_development_083,smooth_trajectory,ramp,aligned,True,False,False,0.31030404747676626,0.5586685374707845,0.5873424393354749,0.38036632124984815,0.07011764600648272,0.4337863964704686,0.5156900731899021,0.0,16892.14884592692,0.0,0.0,11.135266741254798,0.11364462121212121,0.14830499999999996,0.17392200000000002,0.4412,0.0,NATIVE_STACK_BENCHMARK_V1_1_AUTHORITATIVE,9c0eb7d97f096b1020e018b6918cbc662573c3cd6419a3b41dc99e613d066624
full_lqr_048+LegacyTaskLevelAdapter,incumbent,native_development_084,setpoint,calm,opposed,True,False,True,0.5980624077169504,0.9907363750189712,1.0017372918758285,0.9118197446937761,0.1797807587726881,0.3595693649661392,0.2337650947038925,9.520000000000001,16934.648806280697,0.0,0.0,28.547741363426876,0.11571053030303027,0.14260499999999998,0.16592200000000001,12.925799999999999,0.0003787878787878788,NATIVE_STACK_BENCHMARK_V1_1_AUTHORITATIVE,5f17fdb0abb5cbce830236e1f8ac6d91f829b12aa20086639129b2b87e96674d
full_lqr_048+LegacyTaskLevelAdapter,incumbent,native_development_085,smooth_trajectory,calm,opposed,True,False,True,0.0431535037904136,0.0650700962398693,0.07257801479863074,0.026880008921841503,0.007827848526882425,0.011723603581379327,0.04332947887832223,0.0,16870.63829230225,0.0,0.0,0.23988712903376253,0.11644882575757574,0.14550499999999997,0.17404400000000003,10.8386,0.0003787878787878788,NATIVE_STACK_BENCHMARK_V1_1_AUTHORITATIVE,97e9fd10915747e2df94dd3a515afe254bdd9fe4331c9168283b8da7f6a0b680
full_lqr_048+LegacyTaskLevelAdapter,incumbent,native_development_086,setpoint,moderate,opposed,True,False,False,4.254973110492748,8.227494322757284,8.737139402058633,3.340653394894809,0.2911679736045902,5.74086061432978,4.07063765013027,,17760.444234242204,0.0,0.0,97.49259836163272,0.11266227272727274,0.14560499999999998,0.17772200000000002,10.321,0.0003787878787878788,NATIVE_STACK_BENCHMARK_V1_1_AUTHORITATIVE,03de5f57af937f692469afb22da4e691edc1021ec1e1e2195a3f76f2027ec350
full_lqr_048+LegacyTaskLevelAdapter,incumbent,native_development_087,smooth_trajectory,moderate,opposed,True,False,True,0.11134387718025378,0.19996461132677587,0.21356020025245753,0.050824802018639606,0.00994460332654626,0.11981082486157464,0.021417312415064997,0.0,16871.319838445957,0.0,0.0,1.0735131995688616,0.11349340909090908,0.14330499999999996,0.17758300000000005,10.1878,0.0003787878787878788,NATIVE_STACK_BENCHMARK_V1_1_AUTHORITATIVE,5e11ac07d8af59ecdbb748df1c4370f525e80ab454e038aaf0f2eb68f0faa5b2
full_lqr_048+LegacyTaskLevelAdapter,incumbent,native_development_088,setpoint,strong_sustained,opposed,False,True,False,4.985101448400898,9.58603082588152,10.18582017908761,3.6935181260829193,0.3779702654900515,5.9989902919267974,2.2553600991662326,,18101.56833129126,0.0,0.0,101.76039691746615,0.1106469318181818,0.15061499999999992,0.17491000000000012,0.3813,0.0,NATIVE_STACK_BENCHMARK_V1_1_AUTHORITATIVE,bd2287650393de7f1c5f356a9f09875c9fd8ec9b874b7351e6d6271d227beb5e
full_lqr_048+LegacyTaskLevelAdapter,incumbent,native_development_089,smooth_trajectory,strong_sustained,opposed,True,False,False,2.22963362044581,4.201214152309714,6.386743822919073,1.650744253693075,0.1191080456583696,8.147938000316374,2.4025815985003143,0.0,17048.686534936853,0.0,0.0,18.197223687464305,0.11836147727272726,0.15700499999999998,0.19186600000000006,0.4446,0.0,NATIVE_STACK_BENCHMARK_V1_1_AUTHORITATIVE,bd21e34b72e59a1ba2562f8dd14408482a32a8916bd9d1d1430abd8a4b00f204
full_lqr_048+LegacyTaskLevelAdapter,incumbent,native_development_090,setpoint,strong_transient,opposed,False,True,False,5.689613882613215,12.506092671678125,14.425353166002713,3.082302720492355,0.22198070456193564,14.64245866361679,1.2451073442135876,,17668.022048968607,0.0,0.0,76.70962439069943,0.10969844696969695,0.15220499999999998,0.20022700000000007,0.40499999999999997,0.0,NATIVE_STACK_BENCHMARK_V1_1_AUTHORITATIVE,84e976526ae68dc6f64503b7e437d7857331f598459ce1e98ee6097ba2d51ca9
full_lqr_048+LegacyTaskLevelAdapter,incumbent,native_development_091,smooth_trajectory,strong_transient,opposed,True,False,True,0.0985126116809843,0.1810360069323771,0.23876107146134617,0.11947560432264946,0.020534990257559217,0.04242624000876921,0.05699486043251378,0.0,16872.43801153881,0.0,0.0,4.334584374209355,0.12438136363636364,0.15450499999999998,0.189061,0.486,0.0,NATIVE_STACK_BENCHMARK_V1_1_AUTHORITATIVE,fec3befd8f02ff50ff5b763464b3d5229fd5e51fae486301983cbdb65af2d41a
full_lqr_048+LegacyTaskLevelAdapter,incumbent,native_development_092,setpoint,stochastic,opposed,False,True,False,3.429319557328921,6.173549945422023,6.5604464780713645,3.063881029064635,1.1992379167850349,6.350019596255227,1.5603547186981697,,15319.027761808897,0.08625,0.015833333333333335,101.67064265789679,0.12567242424242422,0.15701499999999993,0.18696100000000002,0.4199,0.0,NATIVE_STACK_BENCHMARK_V1_1_AUTHORITATIVE,2e30c9d3b3781731b81e9822ad04f3d6042cd48db1cecc5cb253b2e9a38cb3c0
full_lqr_048+LegacyTaskLevelAdapter,incumbent,native_development_093,smooth_trajectory,stochastic,opposed,True,False,True,0.05580168082794739,0.08544815425089841,0.08728356903290421,0.03496800643340345,0.005758568137307084,0.004432879527831716,0.04102316443180436,0.0,16870.444641734353,0.0,0.0,1.143883562800488,0.12881568181818182,0.15539999999999998,0.18224700000000033,9.3927,0.0003787878787878788,NATIVE_STACK_BENCHMARK_V1_1_AUTHORITATIVE,aee99dd75aa44fcafd033fd003b6797b5fdddb64bfcd8d89da73713978c8b4c4
full_lqr_048+LegacyTaskLevelAdapter,incumbent,native_development_094,setpoint,ramp,opposed,False,True,False,2.0524683368785266,3.7529185137818963,4.104998732621086,2.109644827899767,0.23393371850893163,1.1358961424899858,6.21247328170916,,17356.499585362806,0.0,0.0,108.56445725820075,0.12943238636363635,0.15339999999999998,0.17959300000000014,9.275699999999999,0.0003787878787878788,NATIVE_STACK_BENCHMARK_V1_1_AUTHORITATIVE,2d57028fd3c4b532a6d25329450e60b6be2b64a90d444f9081947d76be987a75
full_lqr_048+LegacyTaskLevelAdapter,incumbent,native_development_095,smooth_trajectory,ramp,opposed,True,False,True,0.44559412836996515,0.8797960655153767,1.0307777113411354,0.4759359422054065,0.06494081794037387,0.23250072430361432,0.2419719498174194,0.0,16909.640895372057,0.0,0.0,14.939498827723913,0.1229810984848485,0.1553,0.18704400000000004,0.5137999999999999,0.0,NATIVE_STACK_BENCHMARK_V1_1_AUTHORITATIVE,4eda93c905113efe84ab3445bea0a294c402e434b67bfdc1ccdba485b5626564
full_lqr_048+LegacyTaskLevelAdapter,incumbent,native_development_096,setpoint,calm,cross,True,False,True,0.4185590324043448,0.7676586293780495,0.832131625636165,0.6118506272309493,0.12479463661658427,0.2334055652981765,0.11466953666013618,5.96,16936.203010885845,0.0,0.0,91.21599578131924,0.1213730303030303,0.15111499999999992,0.17629999999999998,0.3782,0.0,NATIVE_STACK_BENCHMARK_V1_1_AUTHORITATIVE,779ac123d07a8280c6df2739fd7a69d48982377752bf97164ce84adb9208fd9a
full_lqr_048+LegacyTaskLevelAdapter,incumbent,native_development_097,smooth_trajectory,calm,cross,True,False,True,0.030013340978733868,0.042175279532227244,0.04490296935381859,0.016455323248061395,0.003592414181886854,0.016144371496659836,0.02743389965719843,1.1102230246251565e-16,16869.94522821198,0.0,0.0,0.4506637595823966,0.11955026515151516,0.14800999999999995,0.17479300000000014,9.7173,0.0003787878787878788,NATIVE_STACK_BENCHMARK_V1_1_AUTHORITATIVE,b1c107913bf1fb2612fbba20d96e40319c4d9d49e4f8d73a51422df928b811ac
full_lqr_048+LegacyTaskLevelAdapter,incumbent,native_development_098,setpoint,moderate,cross,False,True,False,5.70840937584192,11.15942170598291,11.75545344941195,3.899352887855428,0.2527749648417166,1.3883724965277666,10.066189103614855,,18042.708053888375,0.0,0.0,54.35467378536767,0.11615367424242426,0.14541499999999993,0.1732,16.5282,0.0003787878787878788,NATIVE_STACK_BENCHMARK_V1_1_AUTHORITATIVE,40b6dc4ef7a992dd3183eb70a399ebf509d8272137062bf997cf00518e84b99a
full_lqr_048+LegacyTaskLevelAdapter,incumbent,native_development_099,smooth_trajectory,moderate,cross,True,False,True,0.08680528617399647,0.13354419110111795,0.1383889412951685,0.04539306415263538,0.012369262726197166,0.0629584284074557,0.020235262611789928,0.0,16871.274707218698,0.0,0.0,0.7780437898551429,0.11310200757575757,0.14600499999999997,0.17274400000000004,0.3851,0.0,NATIVE_STACK_BENCHMARK_V1_1_AUTHORITATIVE,41d81ee32fb9dcaeb036eb0f6ed5377f49dc6e1d670c6fb6472955e50012a109
full_lqr_048+LegacyTaskLevelAdapter,incumbent,native_development_100,setpoint,strong_sustained,cross,True,False,False,0.7222039279554514,1.0418986317381955,1.0648153491520274,0.9314908585965889,0.18722244738777233,0.6612404223560087,0.044264242884313625,,16962.919257102098,0.0,0.0,74.49405800677108,0.1117471212121212,0.1406,0.176761,14.5619,0.0003787878787878788,NATIVE_STACK_BENCHMARK_V1_1_AUTHORITATIVE,b210b653a2495f6019ef5355496699cb57e9f16d8f98a821d9c12241161f9273
full_lqr_048+LegacyTaskLevelAdapter,incumbent,native_development_101,smooth_trajectory,strong_sustained,cross,True,False,False,0.4211696952564068,0.5854991930229921,0.6076050204956166,0.3451389515446551,0.07359367376637987,0.545710354774271,0.564181461067599,5.551115123125783e-17,16894.241884922194,0.0,0.0,8.88100099069704,0.11322090909090908,0.1497,0.1765,0.413,0.0,NATIVE_STACK_BENCHMARK_V1_1_AUTHORITATIVE,e5bd28bf64bcaefbdd42d39f229bba5f56b303f1e51df17932bd9530be9615c3
full_lqr_048+LegacyTaskLevelAdapter,incumbent,native_development_102,setpoint,strong_transient,cross,False,True,False,4.87304785261398,9.249881034225245,9.699817447919642,4.325810074258549,0.24224763709424713,10.629543299435442,9.426116618154744,,17982.210169492715,0.0,0.0,105.3951991610167,0.10734530303030304,0.14421499999999993,0.17820500000000006,0.45099999999999996,0.0,NATIVE_STACK_BENCHMARK_V1_1_AUTHORITATIVE,b00b5a010f021d4a3b82fff12bf314cae399f79d50290d126e0f3a073c5e4951
full_lqr_048+LegacyTaskLevelAdapter,incumbent,native_development_103,smooth_trajectory,strong_transient,cross,True,False,True,0.09303051078445648,0.13306450155960314,0.14958533062282783,0.10046627891798078,0.021692508676138186,0.0667940224834515,0.09904761482439096,0.0,16871.75555603592,0.0,0.0,1.9097039456598208,0.11435999999999999,0.1504,0.18517100000000014,0.41009999999999996,0.0,NATIVE_STACK_BENCHMARK_V1_1_AUTHORITATIVE,40186d47f72f02ec844eecfdb03d5793b418cdfbddfcb2b0dee71a1197dafdca
full_lqr_048+LegacyTaskLevelAdapter,incumbent,native_development_104,setpoint,stochastic,cross,False,True,False,4.577054185782623,8.395823329024243,8.68176916633465,4.229958211695403,0.22128869160476156,12.10515301050227,8.77186584323891,,17962.205995322227,0.0,0.0,125.70844293551285,0.10805685606060607,0.1432,0.17501000000000014,0.40259999999999996,0.0,NATIVE_STACK_BENCHMARK_V1_1_AUTHORITATIVE,e020a9e9076be6b860c5aac58fdd71d5eb860203b511f31c5853be269ea99bd5
full_lqr_048+LegacyTaskLevelAdapter,incumbent,native_development_105,smooth_trajectory,stochastic,cross,True,False,True,0.09893265075047326,0.1526012392451715,0.15487526359084372,0.06372151943423651,0.010219793909605968,0.015132758300407284,0.03360670946543968,0.0,16871.37207037821,0.0,0.0,0.5134302007643065,0.11328784090909091,0.14540499999999998,0.17262200000000003,13.7494,0.0003787878787878788,NATIVE_STACK_BENCHMARK_V1_1_AUTHORITATIVE,9447888e10be615635c550d6ff8d5b7a0f384683d621173b6186dae3982f72c8
full_lqr_048+LegacyTaskLevelAdapter,incumbent,native_development_106,setpoint,ramp,cross,False,True,False,5.153729349678222,10.112507251156519,10.686026110566598,3.999311548269553,0.25111293882350605,5.21347255157103,9.600281749004969,,17949.338888609873,0.0,0.0,65.66109554864015,0.11682352272727271,0.14500499999999997,0.17548300000000003,9.142999999999999,0.0003787878787878788,NATIVE_STACK_BENCHMARK_V1_1_AUTHORITATIVE,66e12186de3ab4132e1e5a9c4b6ebea21318d9d7e68e1a882cfe82c78caf3fe8
full_lqr_048+LegacyTaskLevelAdapter,incumbent,native_development_107,smooth_trajectory,ramp,cross,True,False,False,0.39650191513024485,0.6382328625011654,0.6721209186924324,0.4774474953436731,0.09242152661253715,0.48966566229267505,0.832875411971689,0.0,16890.69978590378,0.0,0.0,10.40224983540031,0.1152344318181818,0.15120499999999998,0.18363200000000013,0.7969999999999999,0.0,NATIVE_STACK_BENCHMARK_V1_1_AUTHORITATIVE,720a0a547405ca7f40c89b2004d56165985d73c634b7b0fc683bddecb7f0fc34
full_lqr_048+LegacyTaskLevelAdapter,incumbent,native_development_108,setpoint,calm,aligned,False,True,False,4.823023119188011,7.258606558484331,11.803544514934297,4.093395640043124,0.3209024671457138,15.626942723727398,5.7469482955103075,,17595.375634522643,0.0,0.0,123.45986815987601,0.11141325757575757,0.1459,0.17456600000000005,0.3923,0.0,NATIVE_STACK_BENCHMARK_V1_1_AUTHORITATIVE,4546ff4fb3b0a3768161f111192006a4e207664efb5839e3fc09fddced6e7d57
full_lqr_048+LegacyTaskLevelAdapter,incumbent,native_development_109,smooth_trajectory,calm,aligned,True,False,True,0.03589434656097575,0.054187287311840554,0.0603839296166481,0.022536582215956592,0.006529198072135948,0.00948658419929558,0.035343237224684736,0.0,16870.392253644975,0.0,0.0,0.19632853097500028,0.11547507575757575,0.14671999999999988,0.17715400000000017,12.2668,0.0003787878787878788,NATIVE_STACK_BENCHMARK_V1_1_AUTHORITATIVE,41b97668b3c044f46d9ff6a23e582180b51cfc0aef8b32672b37153d2e623636
full_lqr_048+LegacyTaskLevelAdapter,incumbent,native_development_110,setpoint,moderate,aligned,True,False,True,0.6204963454152912,1.0514235860396939,1.0590257294985275,0.9334701655283376,0.18427795924769935,0.3031783294796018,0.15768757140242512,9.55,16936.339277013936,0.0,0.0,48.8847829581877,0.11648825757575758,0.14330499999999996,0.17773700000000023,10.1775,0.0003787878787878788,NATIVE_STACK_BENCHMARK_V1_1_AUTHORITATIVE,a002f37c7116e1c98e78fe9f9fb733946dc0c4b1cd557d15049fb6d4683e824a
full_lqr_048+LegacyTaskLevelAdapter,incumbent,native_development_111,smooth_trajectory,moderate,aligned,True,False,True,0.10900324839739282,0.17505331794321782,0.18069306052615755,0.04556339555640417,0.011911139517929662,0.11376814308135806,0.019611469766502538,0.0,16871.632616139646,0.0,0.0,0.9027026074023574,0.11229522727272725,0.14490499999999998,0.16910500000000006,0.2443,0.0,NATIVE_STACK_BENCHMARK_V1_1_AUTHORITATIVE,00965fa0b5669ad806d1999073668bb77775ac6d6d9be7444e183cc036311836
full_lqr_048+LegacyTaskLevelAdapter,incumbent,native_development_112,setpoint,strong_sustained,aligned,False,True,False,5.436251954771775,12.191756924655683,13.242737930526292,2.5094458288875314,0.20314486870153692,13.097247167087293,1.660501431126571,,17549.205255580382,0.0,0.0,111.43371127048853,0.11917113636363637,0.14370499999999997,0.17796600000000007,14.938099999999999,0.0003787878787878788,NATIVE_STACK_BENCHMARK_V1_1_AUTHORITATIVE,465d781a06d4b48f56ad67ec9204d46b986d26c16c2f516b4645117caf8090b3
full_lqr_048+LegacyTaskLevelAdapter,incumbent,native_development_113,smooth_trajectory,strong_sustained,aligned,True,False,False,0.3839768381820618,0.6246400750859353,0.635954880555363,0.18950228083938145,0.042148288181366254,0.5941754382732695,0.19113933114834863,0.0,16889.20431748964,0.0,0.0,8.48801254941466,0.10813015151515151,0.14680999999999994,0.17144400000000004,0.3922,0.0,NATIVE_STACK_BENCHMARK_V1_1_AUTHORITATIVE,803d77ffd6e897bba6537b943109f0ae415eb0f7fad895f6f6997afb82cd933c
full_lqr_048+LegacyTaskLevelAdapter,incumbent,native_development_114,setpoint,strong_transient,aligned,False,True,False,3.462584303312157,6.1900160100937045,6.570922868310763,3.50396332245621,0.8544984325632531,7.923369732595882,0.7497441261375647,,16091.878738978481,0.027083333333333334,0.059166666666666666,187.21638543114852,0.10776469696969695,0.14290999999999995,0.17656600000000006,0.40709999999999996,0.0,NATIVE_STACK_BENCHMARK_V1_1_AUTHORITATIVE,e49032c87e187db4d5f3f900ab99e3c8c05d3303374494d857004dabf64b6acf
full_lqr_048+LegacyTaskLevelAdapter,incumbent,native_development_115,smooth_trajectory,strong_transient,aligned,True,False,True,0.0679556450904726,0.1250118517287089,0.1652542292653814,0.09304590548276948,0.018833281970873438,0.04076644405780476,0.09827435334489565,0.0,16871.28538482321,0.0,0.0,2.521210104240575,0.11789284090909088,0.15002499999999985,0.18148300000000003,0.4259,0.0,NATIVE_STACK_BENCHMARK_V1_1_AUTHORITATIVE,b4953b340872cc1e2d14fb1bb0c5f6734886a8d6e2b1f7916d862df58e209299
full_lqr_048+LegacyTaskLevelAdapter,incumbent,native_development_116,setpoint,stochastic,aligned,False,True,False,4.462620950678725,8.588885162365031,9.167453680946556,3.4391866641181394,0.28570022028609404,2.582258151988876,6.46982253061665,,18103.737876823823,0.0,0.0,73.80044193957687,0.10251041666666666,0.1427,0.16874900000000012,0.45389999999999997,0.0,NATIVE_STACK_BENCHMARK_V1_1_AUTHORITATIVE,eaf4b878578ef8181f241c94a1cde010bc250c70f338772a02c1fd004ed5ee50
full_lqr_048+LegacyTaskLevelAdapter,incumbent,native_development_117,smooth_trajectory,stochastic,aligned,True,False,True,0.03138779618246951,0.052762712036963644,0.06413418963315971,0.02988438604109153,0.007513314412602433,0.024010961607609578,0.018242460959548526,0.0,16870.30330136526,0.0,0.0,0.9644867656325998,0.11230821969696969,0.149,0.18832500000000033,0.4516,0.0,NATIVE_STACK_BENCHMARK_V1_1_AUTHORITATIVE,32a788de47f2c36c9552d037fd59ea2adffdf9e07ca451a1a2310fb3dc369c3d
full_lqr_048+LegacyTaskLevelAdapter,incumbent,native_development_118,setpoint,ramp,aligned,True,False,True,0.4644946549292125,0.8290368747098034,0.9206327011749789,0.6315893004262181,0.13165028360012968,0.07151058911107198,0.11836520559305456,7.58,16954.931212078685,0.0,0.0,94.5651576080633,0.11255924242424241,0.14660499999999996,0.17769300000000016,0.43629999999999997,0.0,NATIVE_STACK_BENCHMARK_V1_1_AUTHORITATIVE,1dcb3df1e7a44c5dec200542d6a63a10dda53fd2566ecc219c4d1aade3eec03d
full_lqr_048+LegacyTaskLevelAdapter,incumbent,native_development_119,smooth_trajectory,ramp,aligned,True,False,False,0.5072196528882607,0.9762648164607637,1.0340113400184099,0.8175865290336912,0.09034356383482593,0.7206435315224698,2.85999385877707,1.1102230246251565e-16,16988.917080899355,0.0,0.0,20.836684368053266,0.1194171590909091,0.14909999999999998,0.17810500000000004,12.8539,0.0003787878787878788,NATIVE_STACK_BENCHMARK_V1_1_AUTHORITATIVE,31d9bce8c447fa876b217973020a76818381003babca197e40e8871efae7acbd
full_lqr_048+LegacyTaskLevelAdapter,incumbent,native_development_120,setpoint,calm,opposed,False,True,False,4.810920830980314,10.241073891901218,10.813386232137994,2.4608695828603824,0.2532874462271609,9.030868845831964,4.5311913497609595,,17605.563937497718,0.0,0.0,65.30561596841007,0.11013863636363636,0.14590499999999998,0.18183200000000013,0.5986,0.0,NATIVE_STACK_BENCHMARK_V1_1_AUTHORITATIVE,9182691a20b348877ba36085bbfbcf41f9e2060e88cc50881e000d80bcf27790
full_lqr_048+LegacyTaskLevelAdapter,incumbent,native_development_121,smooth_trajectory,calm,opposed,True,False,True,0.05694287253243759,0.08120602945766521,0.0843227953108618,0.02909995310179481,0.00550062151048984,0.03229605631872383,0.048737511094810226,0.0,16870.234299955537,0.0,0.0,0.5120485393879803,0.10984117424242422,0.14950499999999997,0.18322700000000008,0.443,0.0,NATIVE_STACK_BENCHMARK_V1_1_AUTHORITATIVE,32280006e599361f5617d71c9b49b7666e4bbebb12688109fc71c3773a616dac
full_lqr_048+LegacyTaskLevelAdapter,incumbent,native_development_122,setpoint,moderate,opposed,True,False,False,2.2868099155361135,4.8175383799803315,5.2714028026463495,1.7150042485076549,0.2656725246855918,3.55782155314096,4.059776462863742,,17263.713508706576,0.0,0.0,63.12489682711227,0.11323401515151514,0.14591499999999993,0.18669100000000038,0.519,0.0,NATIVE_STACK_BENCHMARK_V1_1_AUTHORITATIVE,a207d195f17661d86c08293df8b2c42c46db1b21d92692bebfbbe50e1785e259
full_lqr_048+LegacyTaskLevelAdapter,incumbent,native_development_123,smooth_trajectory,moderate,opposed,True,False,True,0.11481256493059687,0.20456048748262837,0.2195099471521644,0.053393303087648315,0.011188900062820343,0.12087319645333902,0.02330630610896476,5.551115123125783e-17,16871.571700725217,0.0,0.0,1.2883317777991368,0.10766738636363636,0.14910999999999994,0.1803880000000001,0.6433,0.0,NATIVE_STACK_BENCHMARK_V1_1_AUTHORITATIVE,904fd4ffbe26d99c2b533403f74a521a177a601863b93ad064030eb6e8a0e723
full_lqr_048+LegacyTaskLevelAdapter,incumbent,native_development_124,setpoint,strong_sustained,opposed,False,True,False,8.133376165380996,14.977924705391542,15.564650328488577,3.603359232533209,0.3154407737740094,7.0884067988246295,4.356132875824894,,17975.21267690942,0.0,0.0,50.7266753828864,0.1121128409090909,0.14840499999999998,0.1818030000000003,0.4614,0.0,NATIVE_STACK_BENCHMARK_V1_1_AUTHORITATIVE,b723d9546f5560972d99b9ef7984e72f42ca6abe66c9f122a5c57bd7ba41d1d0
full_lqr_048+LegacyTaskLevelAdapter,incumbent,native_development_125,smooth_trajectory,strong_sustained,opposed,True,False,False,1.483646130643133,2.351252311705563,2.9454167469798325,1.8346264921418616,0.17449306892328,5.827001286034881,5.273292972901018,0.0,17204.601107403363,0.0,0.0,27.72812966467771,0.11394204545454546,0.14870499999999998,0.17618300000000003,0.3971,0.0,NATIVE_STACK_BENCHMARK_V1_1_AUTHORITATIVE,d82a0598bc772952b113d0fbb7c1cc03c94d6d1259435e17318436bbc299559a
full_lqr_048+LegacyTaskLevelAdapter,incumbent,native_development_126,setpoint,strong_transient,opposed,True,False,True,0.6222125657947556,1.102177092663365,1.1064995566209133,0.9103712832011417,0.17981254654694984,0.3169961264020817,0.10598675253596278,7.82,16934.153960574033,0.0,0.0,31.058882066150552,0.10887863636363636,0.1483,0.179061,0.39859999999999995,0.0,NATIVE_STACK_BENCHMARK_V1_1_AUTHORITATIVE,cea9dde2c44c579a310d890db7d63bdc49a5b39f543efaebf5574fcc0c105fc8
full_lqr_048+LegacyTaskLevelAdapter,incumbent,native_development_127,smooth_trajectory,strong_transient,opposed,True,False,True,0.10829342860018994,0.18290158898961925,0.22190678964823662,0.13349423835903076,0.026713417960831466,0.06689248785347279,0.07461114345823008,0.0,16873.10794102429,0.0,0.0,3.5173567909235834,0.1111848106060606,0.14460499999999998,0.17882200000000004,0.598,0.0,NATIVE_STACK_BENCHMARK_V1_1_AUTHORITATIVE,55724d7d94f5e74b088f0f2147ca4b462d4e3dc1647791031a4c7825877f8ce3
full_lqr_048+LegacyTaskLevelAdapter,incumbent,native_development_128,setpoint,stochastic,opposed,True,False,True,0.3587461597348643,0.6479238632694717,0.7246653944109069,0.5331453961397373,0.11361078280397134,0.21341591245640518,0.060600489166185344,4.220000000000001,16947.00917992979,0.0,0.0,101.70536073716947,0.10797996212121211,0.14290499999999998,0.17184400000000005,0.37029999999999996,0.0,NATIVE_STACK_BENCHMARK_V1_1_AUTHORITATIVE,2b3379247e5dfc097fef6cc1536be1a4c45917b4b55893ebd875e8ac8926e801
full_lqr_048+LegacyTaskLevelAdapter,incumbent,native_development_129,smooth_trajectory,stochastic,opposed,True,False,True,0.07977825800869194,0.13602298559247103,0.15819162776064033,0.0540238402070597,0.008921940727544547,0.08129385902165503,0.12638438486809941,0.0,16871.132621969366,0.0,0.0,2.318964193930904,0.10909090909090909,0.1512,0.18644400000000005,0.4391,0.0,NATIVE_STACK_BENCHMARK_V1_1_AUTHORITATIVE,9ad3bd9375f01daf6b4283b319ee3548a910cb95f3d1bd84878ba656e3164889
full_lqr_048+LegacyTaskLevelAdapter,incumbent,native_development_130,setpoint,ramp,opposed,False,True,False,2.2853004040147686,2.71280701684915,6.144106366681379,2.5363139894067688,0.18034835154729084,9.76822361832439,6.248458861482855,,17316.105902977415,0.0,0.0,105.91197602151998,0.1187237121212121,0.15500499999999998,0.18634400000000004,0.5663,0.0,NATIVE_STACK_BENCHMARK_V1_1_AUTHORITATIVE,6ee60385e6ee7ee47fc7ffb690579873496c1aa96243166edd45675d1f658663
full_lqr_048+LegacyTaskLevelAdapter,incumbent,native_development_131,smooth_trajectory,ramp,opposed,True,False,False,0.38797028518510573,0.6600430276576916,0.8071237351140539,0.4830138142368811,0.08607633472026573,0.24887125712087868,0.631406523651741,0.0,16897.49791462405,0.0,0.0,9.196726139093114,0.11597999999999999,0.15210499999999996,0.18036100000000002,0.4552,0.0,NATIVE_STACK_BENCHMARK_V1_1_AUTHORITATIVE,5788a24b5d35650560e5e9a3d744cf86883bbb2b4f2c13c56b1cbab039e8526c
full_lqr_048+LegacyTaskLevelAdapter,incumbent,native_development_132,setpoint,calm,cross,False,True,False,6.030092307617442,11.829090836899292,15.806018494555833,3.914198581576223,0.23172122343978732,18.287211706216986,2.675881929616194,,17721.836365250852,0.0,0.0,86.56528808563878,0.11232973484848482,0.15131499999999992,0.1817490000000001,0.3926,0.0,NATIVE_STACK_BENCHMARK_V1_1_AUTHORITATIVE,0436038ef7d5cda6921360d2b9f5c0400e324003546dc41c9c9a16f392d9d777
full_lqr_048+LegacyTaskLevelAdapter,incumbent,native_development_133,smooth_trajectory,calm,cross,True,False,True,0.03891501618475545,0.05461660187575055,0.058154185252375604,0.020685862365980207,0.004588109267556553,0.020247893801571968,0.03503168497845006,0.0,16870.20330641995,0.0,0.0,0.1756604265809292,0.11087969696969696,0.15010499999999996,0.17776600000000006,0.4003,0.0,NATIVE_STACK_BENCHMARK_V1_1_AUTHORITATIVE,e5d2d6298515e7b7a4681123a7ad035643669129bec8afad73879e2d60d7247c
full_lqr_048+LegacyTaskLevelAdapter,incumbent,native_development_134,setpoint,moderate,cross,False,True,False,5.921874511520578,11.618299928051842,12.291668388255138,4.037237718078756,0.3082860948089885,1.868685758188681,8.867179670023004,,17756.160778875197,0.0,0.0,72.74958314801115,0.11414344696969697,0.1475,0.18322700000000008,0.4622,0.0,NATIVE_STACK_BENCHMARK_V1_1_AUTHORITATIVE,8eda9aac6005cdcfe5bfc495b3c2aa4ba51334291a31f060e4c62f13b437835f
full_lqr_048+LegacyTaskLevelAdapter,incumbent,native_development_135,smooth_trajectory,moderate,cross,True,False,True,0.09237784027729415,0.12355646962561206,0.12388984251695888,0.03380382797381721,0.008892934063498366,0.11283381502685307,0.005806677554356288,0.0,16871.045315799856,0.0,0.0,0.8069539689346815,0.11503473484848485,0.14630499999999996,0.1793,0.37489999999999996,0.0,NATIVE_STACK_BENCHMARK_V1_1_AUTHORITATIVE,8338e667256775ef8b17d60da979a8ce539a876f958da3a4abf8a7ff5c193bbe
full_lqr_048+LegacyTaskLevelAdapter,incumbent,native_development_136,setpoint,strong_sustained,cross,False,True,False,7.087327285908291,13.618711098141246,14.273799913164646,4.010804674118394,0.2799026994107161,2.5096960986978387,9.694200710523518,,18114.250212927327,0.0,0.0,59.896618226193354,0.11448950757575757,0.14620999999999995,0.17642200000000002,0.4361,0.0,NATIVE_STACK_BENCHMARK_V1_1_AUTHORITATIVE,40717c35ccb6c2f7c51d8c7a4047caa9fe06775e0c868cb012d47804c5ae4d60
full_lqr_048+LegacyTaskLevelAdapter,incumbent,native_development_137,smooth_trajectory,strong_sustained,cross,True,False,False,1.1683408193175344,2.369792160529507,2.5766664106965047,0.976315536514723,0.16803864706136246,1.3462874833935055,2.242102353044088,0.0,17008.584425045774,0.0,0.0,17.510193684475198,0.11659530303030304,0.14590499999999998,0.17332200000000003,0.4925,0.0,NATIVE_STACK_BENCHMARK_V1_1_AUTHORITATIVE,a7ae87e8419b84498b533b55c3dd1f506499a65226b258dd507296554bad78d4
full_lqr_048+LegacyTaskLevelAdapter,incumbent,native_development_138,setpoint,strong_transient,cross,False,True,False,4.638275800573677,7.950872951522397,8.66663124895064,4.2244045337605485,0.2363954616764527,13.66551374253656,8.14417800865117,,17671.583681208493,0.0,0.0,92.1780856670065,0.10613011363636363,0.14030499999999996,0.173461,0.43489999999999995,0.0,NATIVE_STACK_BENCHMARK_V1_1_AUTHORITATIVE,5bbee7511337765d2b44b1350c81b2ea3050d6cd479d8153d218b433c3b5cc85
full_lqr_048+LegacyTaskLevelAdapter,incumbent,native_development_139,smooth_trajectory,strong_transient,cross,True,False,True,0.07761821501336377,0.16327549688018547,0.20797851069912568,0.0885744615335934,0.01054706524720592,0.01426399681402069,0.025728654771141734,0.0,16871.57289662572,0.0,0.0,3.7048995208383726,0.10579905303030301,0.14560499999999998,0.182861,0.45049999999999996,0.0,NATIVE_STACK_BENCHMARK_V1_1_AUTHORITATIVE,b4f6c20b689d7fe23344f86bca61924c45231489b6f8633f4d780647860deb90
full_lqr_048+LegacyTaskLevelAdapter,incumbent,native_development_140,setpoint,stochastic,cross,False,True,False,4.215086424275449,9.17996737536096,10.014652821890758,2.7892553422211455,0.33141383574719535,9.56413409086996,2.830749019441433,,17764.504923144337,0.0,0.0,97.76292864655852,0.10657416666666666,0.14331499999999991,0.18000500000000005,0.47159999999999996,0.0,NATIVE_STACK_BENCHMARK_V1_1_AUTHORITATIVE,c61e863d43202dea459d9ddb0f184f2581414dfa57e9e3752b2d3912d9c09561
full_lqr_048+LegacyTaskLevelAdapter,incumbent,native_development_141,smooth_trajectory,stochastic,cross,True,False,True,0.05322422664979392,0.0771247590654217,0.08251562322164975,0.0524474778996238,0.008862965763761835,0.09200469079495342,0.11047479789387933,1.1102230246251565e-16,16870.822568997963,0.0,0.0,2.112126580490033,0.10853098484848485,0.1449,0.1693880000000001,9.4924,0.0003787878787878788,NATIVE_STACK_BENCHMARK_V1_1_AUTHORITATIVE,8e349133077d683899ed9ecddcfb0cd496c58321299d8b49c28f006ee34eee83
full_lqr_048+LegacyTaskLevelAdapter,incumbent,native_development_142,setpoint,ramp,cross,False,True,False,2.1098595109090237,3.4812923322782674,3.7813921759376026,2.2349350342048906,0.36483807148071284,0.46558751344682275,4.94318984280568,,17047.751259790988,0.0,0.0,63.06505723490218,0.11688329545454544,0.14530499999999996,0.17438300000000004,13.4757,0.0003787878787878788,NATIVE_STACK_BENCHMARK_V1_1_AUTHORITATIVE,82da59b9ecdd8323a2aa574bbda4e9c32ae7c841c7af0d90d632d47c676d252c
full_lqr_048+LegacyTaskLevelAdapter,incumbent,native_development_143,smooth_trajectory,ramp,cross,True,False,False,0.594748054957203,1.0522065729196823,1.1328087010635424,0.8549874859103517,0.10694761460289356,1.9097448922011269,1.5123497264295838,0.0,16968.753741039982,0.0,0.0,16.58384411887569,0.11110484848484846,0.1504,0.1792880000000001,0.3974,0.0,NATIVE_STACK_BENCHMARK_V1_1_AUTHORITATIVE,d8f762c4192e54a52cf96f8aeed6cb80acc5f5237de775536071b10988645eed
full_lqr_048+LegacyTaskLevelAdapter,incumbent,native_development_144,setpoint,calm,aligned,True,False,False,3.140686064676659,6.701064594160702,8.309998737373407,2.216692073899088,0.29201069156079645,8.635283023380344,0.7838927848837678,,17362.481068706744,0.0,0.0,39.69206004028464,0.11134731060606061,0.14570499999999997,0.17418300000000003,0.3023,0.0,NATIVE_STACK_BENCHMARK_V1_1_AUTHORITATIVE,1e0ae7e65cb1828638341e7cf427740ebee9f6fc4633d76ca439731f0531bfec
full_lqr_048+LegacyTaskLevelAdapter,incumbent,native_development_145,smooth_trajectory,calm,aligned,True,False,True,0.01844268459876987,0.027217891930286685,0.030310139448584978,0.011137878002340094,0.0032280152128788832,0.004031931650061165,0.019587630528052295,5.551115123125783e-17,16869.895309809886,0.0,0.0,0.4833250929349336,0.1164219318181818,0.14300499999999997,0.17434900000000011,14.1138,0.0003787878787878788,NATIVE_STACK_BENCHMARK_V1_1_AUTHORITATIVE,68d850c29dcc63dab68d220edf692977d5a388ef2e35a36ead807746864a164f
full_lqr_048+LegacyTaskLevelAdapter,incumbent,native_development_146,setpoint,moderate,aligned,True,False,True,0.29850512576021887,0.5182349800380336,0.5995875261941103,0.44043173845975886,0.09941951450620042,0.096335654267533,0.14482983968621016,2.3800000000000003,16914.54245136797,0.0,0.0,85.11962196524767,0.11473333333333334,0.14650499999999997,0.1746,12.3784,0.0003787878787878788,NATIVE_STACK_BENCHMARK_V1_1_AUTHORITATIVE,7bcc671878aef45bd2274f841cc4fcc4b8a23ebbfc088e357fdbe7d6b8103d87
full_lqr_048+LegacyTaskLevelAdapter,incumbent,native_development_147,smooth_trajectory,moderate,aligned,True,False,True,0.14642541467436607,0.2377495657489844,0.24679280956203417,0.07029195851711786,0.014795817915216704,0.12260856020009829,0.03111186133817271,0.0,16872.859887953153,0.0,0.0,0.9227214341330086,0.10901420454545455,0.14250499999999997,0.16990300000000028,0.4962,0.0,NATIVE_STACK_BENCHMARK_V1_1_AUTHORITATIVE,b9081e2d6a72c05beeaa3f107b5ae887621101f1273226ede259212a498747f4
full_lqr_048+LegacyTaskLevelAdapter,incumbent,native_development_148,setpoint,strong_sustained,aligned,False,True,False,5.4775876573964775,12.266670698223363,13.155873710540812,2.4837564984375167,0.2187012312663086,12.932711157092209,1.834422012235536,,17564.866882869133,0.0,0.0,118.19650366642283,0.11456178030303031,0.14871999999999988,0.17903700000000022,11.227699999999999,0.0003787878787878788,NATIVE_STACK_BENCHMARK_V1_1_AUTHORITATIVE,9c7bc080502bd8330a3a12f29a0cfd228661f2edfeace4b54ea829eac1ae101c
full_lqr_048+LegacyTaskLevelAdapter,incumbent,native_development_149,smooth_trajectory,strong_sustained,aligned,True,False,False,0.36970718382569884,0.6382103066305779,0.6934269808867682,0.4483730906366857,0.0846285626292976,0.5262175174424916,0.6783521623564163,0.0,16898.55698038681,0.0,0.0,10.13675848085784,0.11514083333333332,0.149,0.17090500000000006,0.42329999999999995,0.0,NATIVE_STACK_BENCHMARK_V1_1_AUTHORITATIVE,1f448c8a47e79f2b030f94555a38ea251a4a90e5226044124cb4aa09f09c3c5c
full_lqr_048+LegacyTaskLevelAdapter,incumbent,native_development_150,setpoint,strong_transient,aligned,False,True,False,3.558629474175441,6.124620693531616,6.327192901007723,3.6420985135087753,0.9593194865873742,9.536315080640893,4.053883461763306,,15923.071679778079,0.05875,0.050416666666666665,157.93241182250836,0.11188973484848484,0.14500999999999994,0.17386100000000002,0.41409999999999997,0.0,NATIVE_STACK_BENCHMARK_V1_1_AUTHORITATIVE,75b28d51f55e5c55aa149a825336e454f6957beb9e164721cd795b804921bf0b
full_lqr_048+LegacyTaskLevelAdapter,incumbent,native_development_151,smooth_trajectory,strong_transient,aligned,True,False,True,0.06386738417488792,0.11186115682456954,0.1486115910766478,0.08889662584680766,0.0186169377496478,0.039532093394230486,0.10173870132940757,0.0,16871.132533709726,0.0,0.0,2.098146688560824,0.10934814393939395,0.14990499999999998,0.1844370000000002,0.42879999999999996,0.0,NATIVE_STACK_BENCHMARK_V1_1_AUTHORITATIVE,c0536fe9957eb660229dd6189bcb12a2fc21c566918342683640171da3c452db
full_lqr_048+LegacyTaskLevelAdapter,incumbent,native_development_152,setpoint,stochastic,aligned,False,True,False,3.8271550518556716,7.094628367646235,7.366380603622156,3.5516243137252963,0.8881477664995526,8.840175485365506,5.0437744819271195,,15892.193514832159,0.056666666666666664,0.00875,99.95924359226449,0.11699151515151515,0.14440499999999998,0.175461,0.3912,0.0,NATIVE_STACK_BENCHMARK_V1_1_AUTHORITATIVE,d7a0a1b11cffd73fff9427d68ee9602d6b691933712d7b1a8309a0ed87a8e1e5
full_lqr_048+LegacyTaskLevelAdapter,incumbent,native_development_153,smooth_trajectory,stochastic,aligned,True,False,True,0.0675790316824624,0.10807730415252746,0.11695200687731606,0.056293570115360375,0.01256873583945343,0.01612396442556159,0.05894297438389014,0.0,16871.41883200354,0.0,0.0,1.6197845177079302,0.11102340909090908,0.14940499999999998,0.19072000000000025,0.5333,0.0,NATIVE_STACK_BENCHMARK_V1_1_AUTHORITATIVE,4caf8d2221b9612ea3062e0c269313c833b6bdf263e05370ddbbc3544ee4b346
full_lqr_048+LegacyTaskLevelAdapter,incumbent,native_development_154,setpoint,ramp,aligned,True,False,True,0.3848590607811694,0.614028466350024,0.6522161909022447,0.4663544353989129,0.1074838159508367,0.3065257990929023,0.15656555823283536,4.12,16910.56563477647,0.0,0.0,62.97543236154645,0.1158019318181818,0.14990499999999998,0.18101000000000012,0.4815,0.0,NATIVE_STACK_BENCHMARK_V1_1_AUTHORITATIVE,5e2831851908b8a2fe5aba5f4158e2de8d15fc98eefce5a737b6765fb5480368
full_lqr_048+LegacyTaskLevelAdapter,incumbent,native_development_155,smooth_trajectory,ramp,aligned,True,False,False,0.3331657853357702,0.5830666446353957,0.6157994444133056,0.25063348980681055,0.04044287604327313,0.5964324881132269,0.16775453451280292,0.0,16889.628567293326,0.0,0.0,8.977070142880086,0.11523871212121213,0.1467,0.17544400000000004,0.32389999999999997,0.0,NATIVE_STACK_BENCHMARK_V1_1_AUTHORITATIVE,b05bbda96ff60b496025b35de6905a67ba22c7587278d5a0d2a5fe65abd9afc2
full_lqr_048+LegacyTaskLevelAdapter,incumbent,native_development_156,setpoint,calm,opposed,True,False,True,0.5043898022776228,0.9153129390137962,1.0166362183415332,0.7251979137366795,0.14619568578892847,0.2888599118290458,0.043886033573679074,7.790000000000001,16975.84528970553,0.0,0.0,105.7435491277618,0.11162583333333331,0.14921999999999988,0.18487100000000015,0.39239999999999997,0.0,NATIVE_STACK_BENCHMARK_V1_1_AUTHORITATIVE,27de24ec3a1f033feff61bf096d054000451da843674dc8e59dec651914fd1e5
full_lqr_048+LegacyTaskLevelAdapter,incumbent,native_development_157,smooth_trajectory,calm,opposed,True,False,True,0.030312683595856444,0.043336881449263176,0.04500053601340989,0.015550373127698358,0.0026845760827478326,0.017726581084209377,0.02584223063860874,0.0,16869.94653830972,0.0,0.0,0.3312373550362845,0.10884352272727273,0.14402499999999985,0.18261800000000047,0.4249,0.0,NATIVE_STACK_BENCHMARK_V1_1_AUTHORITATIVE,ffc14e1889a1ab7796beb19324c8355e660e9ece62417a17491840357637b9ca
full_lqr_048+LegacyTaskLevelAdapter,incumbent,native_development_158,setpoint,moderate,opposed,False,True,False,3.6387015304809474,7.155947952052078,7.855085790492716,2.5815599361572987,0.2791666697783254,6.585466127182756,4.31755697342272,,17570.266856292943,0.0,0.0,60.72060630062706,0.1133626515151515,0.14820499999999998,0.1828,0.4289,0.0,NATIVE_STACK_BENCHMARK_V1_1_AUTHORITATIVE,62db2a74bc2cac8c601c8121f76cb1f588e815e50eafa0c5676160f5d54fddd8
full_lqr_048+LegacyTaskLevelAdapter,incumbent,native_development_159,smooth_trajectory,moderate,opposed,True,False,True,0.05521911109700877,0.09386440918184802,0.09493984151166786,0.03684640439494432,0.012819332070083393,0.04436016232897053,0.006027097842351271,0.0,16871.189905684543,0.0,0.0,0.6436843005800158,0.11916871212121213,0.1499,0.17754400000000004,0.6301,0.0,NATIVE_STACK_BENCHMARK_V1_1_AUTHORITATIVE,37081974bd2ac3fc2031b018fc4a0b6e59902fdd0750809353fbe93d709ef34a
full_lqr_048+LegacyTaskLevelAdapter,incumbent,native_development_160,setpoint,strong_sustained,opposed,False,True,False,5.286090055909208,10.07248384592925,10.55941144215088,2.7689497256929125,0.22009828297609368,0.938431956792597,1.947612813333363,,17604.733479402767,0.0,0.0,90.7069186339811,0.11515056818181817,0.1452,0.175461,0.3595,0.0,NATIVE_STACK_BENCHMARK_V1_1_AUTHORITATIVE,9b4e191ff8c9cd85ff40d3717d9f2a629d960ca03ed499627bde0a17a3154291
full_lqr_048+LegacyTaskLevelAdapter,incumbent,native_development_161,smooth_trajectory,strong_sustained,opposed,True,False,False,0.31281788795434046,0.5680768553559877,0.6104470096836615,0.49735418553298777,0.09136753757605132,0.036974305887956915,0.70227973203119,0.0,16893.90872109181,0.0,0.0,11.28255399951375,0.11473310606060606,0.15170499999999998,0.18183200000000013,0.29269999999999996,0.0,NATIVE_STACK_BENCHMARK_V1_1_AUTHORITATIVE,d72b1ca5fa3d1321146fe5fa6fd94ed6787fad88f3266c01ce7967feee83b70a
full_lqr_048+LegacyTaskLevelAdapter,incumbent,native_development_162,setpoint,strong_transient,opposed,False,True,False,5.483319955120145,11.009239003835786,14.388057401638225,3.668232052439516,0.3004374495954918,16.399111628433957,2.090659816783242,,17684.75686355433,0.0,0.0,93.25939417074956,0.10855674242424243,0.14250499999999997,0.16484400000000005,0.28459999999999996,0.0,NATIVE_STACK_BENCHMARK_V1_1_AUTHORITATIVE,4c1c56282536c520ebd184479f6c038fe6c64eedf70195a4855364eda496cf27
full_lqr_048+LegacyTaskLevelAdapter,incumbent,native_development_163,smooth_trajectory,strong_transient,opposed,True,False,True,0.10611375006193463,0.19631202373264275,0.2534572374365446,0.12227667569683917,0.019840926882451093,0.03880123830817433,0.048200402974070605,1.1102230246251565e-16,16872.68589582128,0.0,0.0,4.57619176407052,0.11015041666666667,0.1495,0.17952700000000008,0.5915,0.0,NATIVE_STACK_BENCHMARK_V1_1_AUTHORITATIVE,a977aee7105238096b13df3f47951e55a87f68b7499c2dcfd49199f356510465
full_lqr_048+LegacyTaskLevelAdapter,incumbent,native_development_164,setpoint,stochastic,opposed,False,True,False,4.773445310453498,9.334711820838823,12.429395610089747,3.3200459406652136,0.26275542340819774,14.212699408145406,1.751949873953627,,17609.773909199874,0.0,0.0,102.59373433547545,0.10851564393939395,0.1502,0.17782700000000007,0.4234,0.0,NATIVE_STACK_BENCHMARK_V1_1_AUTHORITATIVE,4e304cc09b9a71cd1a8bfbc3ca55c769a675d915d65500f28393d5f89c05bfa8
full_lqr_048+LegacyTaskLevelAdapter,incumbent,native_development_165,smooth_trajectory,stochastic,opposed,True,False,True,0.059936727985388814,0.08807773929963685,0.09780874202421057,0.03553124312218001,0.007646778453917353,0.02181731229954338,0.03870909935325018,0.0,16870.639099056385,0.0,0.0,1.4935279295994384,0.11355166666666665,0.15240499999999996,0.186061,0.4351,0.0,NATIVE_STACK_BENCHMARK_V1_1_AUTHORITATIVE,049ae80d7772be6777093ee6dcb824872c5eb946de73d4f8975344cabe3ce6b6
full_lqr_048+LegacyTaskLevelAdapter,incumbent,native_development_166,setpoint,ramp,opposed,True,False,False,2.1747116981361563,4.580965175408933,4.927605077187444,1.2878700580898887,0.15466885660942556,2.562716037347508,3.6256059107990386,2.54,17179.697808755547,0.0,0.0,90.0790001105327,0.11818840909090907,0.15420499999999998,0.183361,0.42929999999999996,0.0,NATIVE_STACK_BENCHMARK_V1_1_AUTHORITATIVE,b10d0ad53d6353b98f8f144407791475efacac213b89e75783d0299ec01abdfd
full_lqr_048+LegacyTaskLevelAdapter,incumbent,native_development_167,smooth_trajectory,ramp,opposed,True,False,False,2.435057476378975,4.227573242878956,7.01851557645738,2.0508490224475744,0.13608621500164508,9.53731936463666,3.82201326245872,5.551115123125783e-17,17098.948695924988,0.0,0.0,21.84335715235688,0.1157057196969697,0.154,0.19224900000000011,0.44539999999999996,0.0,NATIVE_STACK_BENCHMARK_V1_1_AUTHORITATIVE,ebfc6550e806c550f1b48bdb6695f7870a1793634097c0959f26f12dda0f95c5
full_lqr_048+LegacyTaskLevelAdapter,incumbent,native_development_168,setpoint,calm,cross,False,True,False,5.589249924089208,11.008949357896759,11.637984082868709,4.1452690720185545,0.2517602897917207,4.751301647809184,10.352886919227274,,17974.633954882593,0.0,0.0,51.730367045340955,0.10707261363636363,0.14530999999999994,0.17266600000000007,0.2643,0.0,NATIVE_STACK_BENCHMARK_V1_1_AUTHORITATIVE,0bedabecf962745f2ddde2307d62a2cdeda9ddc1fa8568cbbb7b0b0b83b76d4b
full_lqr_048+LegacyTaskLevelAdapter,incumbent,native_development_169,smooth_trajectory,calm,cross,True,False,True,0.04071798104508697,0.05796482946192508,0.06043807915432073,0.021208152353873376,0.004062715861057408,0.023276641599756762,0.035371626904429375,0.0,16870.08777536865,0.0,0.0,0.2945420745439502,0.11730272727272728,0.14910999999999994,0.17548300000000003,0.3588,0.0,NATIVE_STACK_BENCHMARK_V1_1_AUTHORITATIVE,bea0ad6fc4d688df2b6e5ad745d1cd9606a891871293464fcad26dd79cc29bbc
full_lqr_048+LegacyTaskLevelAdapter,incumbent,native_development_170,setpoint,moderate,cross,False,True,False,4.8067504500146,9.289533083572053,9.859915767112268,4.089930921187319,0.3232592418222477,8.284008192327786,10.733983112871856,,17501.149820794653,0.0,0.0,76.19875285974948,0.11459814393939392,0.1515,0.17592200000000002,0.3141,0.0,NATIVE_STACK_BENCHMARK_V1_1_AUTHORITATIVE,a3e4a439f5fdd4b324d758ce0ce77c573509cf2cc69a48bb33d2e880aa839362
full_lqr_048+LegacyTaskLevelAdapter,incumbent,native_development_171,smooth_trajectory,moderate,cross,True,False,True,0.08156997320900727,0.12074744378764338,0.13031876610412385,0.034881612670533024,0.011024157671455674,0.10537040731375652,0.01920952910684163,0.0,16871.09938012626,0.0,0.0,0.890011593859278,0.10724037878787879,0.14770499999999998,0.17603700000000022,0.42219999999999996,0.0,NATIVE_STACK_BENCHMARK_V1_1_AUTHORITATIVE,94f6e04900e4fb381af091f5f1b65bf0178e31531421553041c9a93b44315b8b
full_lqr_048+LegacyTaskLevelAdapter,incumbent,native_development_172,setpoint,strong_sustained,cross,True,False,False,0.5968365052228903,0.7857839705349724,0.8710813134740107,0.7006108152832539,0.146954891702417,0.5898877781277077,0.1321179896434017,,16968.175106577233,0.0,0.0,94.82919070621507,0.1156317803030303,0.1472,0.17838300000000004,0.39699999999999996,0.0,NATIVE_STACK_BENCHMARK_V1_1_AUTHORITATIVE,4cc3d03d6d939a92a7e7319e59b06e99423d903defdcbd766450aef92735599c
full_lqr_048+LegacyTaskLevelAdapter,incumbent,native_development_173,smooth_trajectory,strong_sustained,cross,True,False,False,0.4223651561909588,0.6015984675451257,0.6147447447619354,0.3030886594657905,0.06694431856277798,0.5482568445104367,0.4705909064653867,0.0,16890.5925951627,0.0,0.0,7.320444410895172,0.10903492424242425,0.1484,0.18128300000000003,0.4662,0.0,NATIVE_STACK_BENCHMARK_V1_1_AUTHORITATIVE,b5692164724ea9afcf8962208cc891593ae100252b7c533afa9db2b5f775596e
full_lqr_048+LegacyTaskLevelAdapter,incumbent,native_development_174,setpoint,strong_transient,cross,False,True,False,5.159210360514892,11.28579048703273,12.589640069802012,3.1217593429177843,0.355491359828467,12.449261723831107,2.172241745879795,,17782.987456894945,0.0,0.0,59.2022333565761,0.11167556818181817,0.14550499999999997,0.1801370000000002,0.42429999999999995,0.0,NATIVE_STACK_BENCHMARK_V1_1_AUTHORITATIVE,2e33fb83fe72324890b2c9930369707a5d81b5d603d7bdeb58d8e64a415b2360
full_lqr_048+LegacyTaskLevelAdapter,incumbent,native_development_175,smooth_trajectory,strong_transient,cross,True,False,True,0.0864883471330338,0.1764150212029749,0.2258200297841323,0.10435751615571714,0.016491594515678644,0.023302696158675706,0.06283023774365998,0.0,16871.79640029015,0.0,0.0,4.153907988149612,0.1109276893939394,0.14590999999999996,0.17710500000000004,0.5499999999999999,0.0,NATIVE_STACK_BENCHMARK_V1_1_AUTHORITATIVE,7505d3bcbe647a16aa1a9d704fcf41f60b3f533c6930e0d5d58ea43e0d2b290a
full_lqr_048+LegacyTaskLevelAdapter,incumbent,native_development_176,setpoint,stochastic,cross,True,False,True,0.3515428241298747,0.5676358573063153,0.651523025962279,0.5353514483293791,0.11937514904387352,0.19832475753882003,0.2891110379103893,4.21,16935.227695004236,0.0,0.0,90.40558055429486,0.11887359848484849,0.1456,0.18202500000000033,0.4487,0.0,NATIVE_STACK_BENCHMARK_V1_1_AUTHORITATIVE,458892dc75b33d3ce44e265dce0a58cf32155a60ec5af2ba1e9101f040360240
full_lqr_048+LegacyTaskLevelAdapter,incumbent,native_development_177,smooth_trajectory,stochastic,cross,True,False,True,0.051455958076880165,0.09479875936028098,0.10895852847052985,0.04042527510900868,0.007505473635222842,0.05040362584138373,0.03339641122033922,0.0,16870.68201469218,0.0,0.0,2.002522374902295,0.11575446969696969,0.14279999999999998,0.1747,9.8509,0.0003787878787878788,NATIVE_STACK_BENCHMARK_V1_1_AUTHORITATIVE,15ecca92dc0816c8acbd3f28ba5fc13c1ffbad592e84f2afd30fb4b2d88eac9d
full_lqr_048+LegacyTaskLevelAdapter,incumbent,native_development_178,setpoint,ramp,cross,True,False,False,0.5545734847372095,0.8123733471645844,0.8993659381476412,0.6854427601182249,0.14438040324391305,0.6018046806356858,0.11741979387787853,6.040000000000001,16963.504676866043,0.0,0.0,96.2929005031083,0.11671337121212122,0.14202499999999985,0.17322000000000023,9.375399999999999,0.0003787878787878788,NATIVE_STACK_BENCHMARK_V1_1_AUTHORITATIVE,e770be93fa26378ac0c735461ffd5411bc3723a74b0bbbb47df31968e29d5385
full_lqr_048+LegacyTaskLevelAdapter,incumbent,native_development_179,smooth_trajectory,ramp,cross,True,False,False,0.4099220026332227,0.6658793751668844,0.7059079152521591,0.4928703024939314,0.093952366627947,0.5767760210737088,0.8491453444050244,0.0,16898.41005251167,0.0,0.0,8.0897365659001,0.11038473484848485,0.1475,0.1722,0.3139,0.0,NATIVE_STACK_BENCHMARK_V1_1_AUTHORITATIVE,4be32069295602a4176d6f14e10eab5deec950622bc5c605c58fa85eded8e2ec
full_lqr_048+LegacyTaskLevelAdapter,incumbent,native_development_180,setpoint,calm,aligned,True,False,False,2.5000470520873086,4.926653879110027,5.211001648708986,2.882168026880418,0.2088541798779648,7.254975120805683,7.855919090319771,,17462.755664742443,0.0,0.0,86.59214188905426,0.1141921590909091,0.14470999999999995,0.17984400000000003,9.5471,0.0003787878787878788,NATIVE_STACK_BENCHMARK_V1_1_AUTHORITATIVE,57438b73a16ae5dda6e002c5d0344c339a47081d74912be06c1c65b31609b932
full_lqr_048+LegacyTaskLevelAdapter,incumbent,native_development_181,smooth_trajectory,calm,aligned,True,False,True,0.06217876079102364,0.08829353243724253,0.09234610282074004,0.032674087468497655,0.006419869471176118,0.0353725498537953,0.05450364522936585,0.0,16870.371357192565,0.0,0.0,0.4622496387911187,0.11096981060606059,0.15010499999999996,0.1772,0.423,0.0,NATIVE_STACK_BENCHMARK_V1_1_AUTHORITATIVE,a8540809524c5d3e6b3e3928082ee7fe171915d2dd7aaffedfbe7d8b00429488
full_lqr_048+LegacyTaskLevelAdapter,incumbent,native_development_182,setpoint,moderate,aligned,False,True,False,3.295880996999829,5.538757004704925,7.055385955047988,2.9686112566212146,1.6912060106041187,7.324342124659299,0.3066892438333221,,14932.390731849988,0.10708333333333334,0.051666666666666666,105.08993752130627,0.10766905303030304,0.14350499999999997,0.17255400000000018,0.5634,0.0,NATIVE_STACK_BENCHMARK_V1_1_AUTHORITATIVE,001bd8b485a1d8bf47ab6f1bedf92f3aacb139b9e8e010a5865b847e7601a44a
full_lqr_048+LegacyTaskLevelAdapter,incumbent,native_development_183,smooth_trajectory,moderate,aligned,True,False,True,0.07467089675328284,0.12326374263490027,0.13045598785753196,0.03885977975818998,0.012369069779165198,0.06310232793713065,0.02211086731536806,0.0,16871.418762422956,0.0,0.0,0.8978564872367283,0.10761272727272725,0.14351499999999992,0.172,0.5726,0.0,NATIVE_STACK_BENCHMARK_V1_1_AUTHORITATIVE,b311acfb6acb0419c1034027fb46032f7aa618d4f0dcbc3a178df963f494042b
full_lqr_048+LegacyTaskLevelAdapter,incumbent,native_development_184,setpoint,strong_sustained,aligned,True,False,True,0.5212406802894188,0.921518343874392,0.9757088875584321,0.6943632874652972,0.14365555010187164,0.14393086480500725,0.06475641186768945,4.319999999999999,16945.254560170015,0.0,0.0,94.5520203237536,0.10610799242424242,0.1415,0.1743880000000001,0.4588,0.0,NATIVE_STACK_BENCHMARK_V1_1_AUTHORITATIVE,742d0436ceadf30a8bd7530d71327a69c7114bfef3bdedacbbc1c6645db1bed6
full_lqr_048+LegacyTaskLevelAdapter,incumbent,native_development_185,smooth_trajectory,strong_sustained,aligned,True,False,False,0.3900403058079975,0.6234607088832562,0.648941529434006,0.2211755290057422,0.04789474506956199,0.6201629488740573,0.24980633629434568,1.1102230246251565e-16,16890.41083870741,0.0,0.0,10.425076834765049,0.11466598484848484,0.15380999999999995,0.19666600000000006,0.6677,0.0,NATIVE_STACK_BENCHMARK_V1_1_AUTHORITATIVE,d0557183d4691e0b7b0f7604bf5f557e6410df7aad59739cc7af5af94e10520f
full_lqr_048+LegacyTaskLevelAdapter,incumbent,native_development_186,setpoint,strong_transient,aligned,False,True,False,5.5168888641440095,11.20773283485647,14.981472620254747,3.6615041693746675,0.24398898481252257,17.562745805425912,3.244587610844427,,17653.659300184183,0.0,0.0,132.17575639789968,0.11303094696969697,0.1497,0.18038300000000004,0.4578,0.0,NATIVE_STACK_BENCHMARK_V1_1_AUTHORITATIVE,95814da90c50388ee986d0c095f2bd953f9c87a82f02bf5917b8f2c3f815c1c2
full_lqr_048+LegacyTaskLevelAdapter,incumbent,native_development_187,smooth_trajectory,strong_transient,aligned,True,False,True,0.09332021613281472,0.15899065704640258,0.19878621940391983,0.08567835293440028,0.013426588972379002,0.04669990277639854,0.0827933921059263,0.0,16871.73259562364,0.0,0.0,3.493890420898839,0.11487787878787879,0.15300499999999997,0.18599300000000016,0.4085,0.0,NATIVE_STACK_BENCHMARK_V1_1_AUTHORITATIVE,7c99e2df1283981c90279a9c092d1371054a97bb85220f342c318e84fec89d40
full_lqr_048+LegacyTaskLevelAdapter,incumbent,native_development_188,setpoint,stochastic,aligned,True,False,True,0.8765107739891486,1.5211763621624361,1.5519656903445198,1.245433015360076,0.23269329854422668,0.4550096576522287,0.3362042384533176,,16995.62356509087,0.0,0.0,51.86476981957068,0.11390924242424241,0.14390499999999998,0.17368300000000003,0.41409999999999997,0.0,NATIVE_STACK_BENCHMARK_V1_1_AUTHORITATIVE,61f7a19b039c23f3b987cd30fc0697243ea4cb0a3ab8c3ec7b1491ffef9503f2
full_lqr_048+LegacyTaskLevelAdapter,incumbent,native_development_189,smooth_trajectory,stochastic,aligned,True,False,True,0.031695008442328663,0.05939985651095003,0.061775201305719556,0.02718934179674347,0.004353508539316724,0.04008602505467285,0.023043721752664215,5.551115123125783e-17,16870.08144142445,0.0,0.0,1.5140062131489178,0.10958678030303028,0.14709999999999998,0.17904400000000004,0.3686,0.0,NATIVE_STACK_BENCHMARK_V1_1_AUTHORITATIVE,28f804b3615ba57b92a118220422a3e9afd0acb297002786beb8c2ccafe367cd
full_lqr_048+LegacyTaskLevelAdapter,incumbent,native_development_190,setpoint,ramp,aligned,False,True,False,4.948348263154002,11.346461503776482,11.485404051777532,3.2351860390290046,2.470851575490817,11.278148152425961,2.0832454052225957,,14505.774496479646,0.10875,0.13708333333333333,304.3835135331781,0.1112998106060606,0.14730999999999994,0.18318300000000004,0.5441,0.0,NATIVE_STACK_BENCHMARK_V1_1_AUTHORITATIVE,d0d897babd2768e24eadc2c1801f571111e217a723c2542619314f9264c2e0ef
full_lqr_048+LegacyTaskLevelAdapter,incumbent,native_development_191,smooth_trajectory,ramp,aligned,True,False,False,0.3584307255956399,0.643893970556727,0.6609923209739885,0.3016516812920578,0.048282697912687085,0.6297325376599168,0.2392800942627724,0.0,16893.323237307646,0.0,0.0,9.473074171265013,0.11826223484848486,0.1523,0.18206600000000006,0.34209999999999996,0.0,NATIVE_STACK_BENCHMARK_V1_1_AUTHORITATIVE,d9fcf603edb20ac7eeafb2e89eb15a8b745f0fd901ea16b219991209fcd0a63b
full_lqr_048+LegacyTaskLevelAdapter,incumbent,native_development_192,setpoint,calm,opposed,False,True,False,5.826561438834212,12.948258057472234,14.426504757444308,3.1256031599552387,0.2964163016066905,14.339973189456924,1.9024981632276594,,17739.493338047647,0.0,0.0,63.02687193984255,0.11377098484848484,0.15180499999999997,0.18918300000000005,0.46449999999999997,0.0,NATIVE_STACK_BENCHMARK_V1_1_AUTHORITATIVE,4b6d2822bc2689a766f06ec4657c0a84a661c2865fb8fc6833938faaadfbb546
full_lqr_048+LegacyTaskLevelAdapter,incumbent,native_development_193,smooth_trajectory,calm,opposed,True,False,True,0.03634256728102306,0.05107570417799875,0.05437891584223044,0.019693355720129393,0.004333182718694017,0.019350950811827028,0.03300289853884598,0.0,16870.073974203224,0.0,0.0,0.3209354110397878,0.11213522727272725,0.14650999999999995,0.17958300000000005,0.32839999999999997,0.0,NATIVE_STACK_BENCHMARK_V1_1_AUTHORITATIVE,5dd1730d6a0dbdef5ebb6e896cc2afb1d5e856e611a02440596328f4591ab934
full_lqr_048+LegacyTaskLevelAdapter,incumbent,native_development_194,setpoint,moderate,opposed,False,True,False,2.6105802871915875,3.2070580095188603,6.636767683285332,2.73158670049878,0.2581711349465483,9.86292173479004,5.116341502647243,,17332.459837833572,0.0,0.0,102.98381759584706,0.11370401515151514,0.1462,0.17754900000000012,0.4024,0.0,NATIVE_STACK_BENCHMARK_V1_1_AUTHORITATIVE,b05fa472fe94b8d9624e5edfb9eff7ff8e88202a125504fdf140016da7c3d633
full_lqr_048+LegacyTaskLevelAdapter,incumbent,native_development_195,smooth_trajectory,moderate,opposed,True,False,True,0.10407638252046325,0.1809597042356943,0.19383125344782443,0.043972551010574075,0.010245718379248283,0.12045007114961115,0.01735374615340237,0.0,16871.25257345203,0.0,0.0,1.2457927537984206,0.1148421590909091,0.1459,0.17779999999999999,0.4745,0.0,NATIVE_STACK_BENCHMARK_V1_1_AUTHORITATIVE,dc37069756f448170a261d08db168abff3a271646e445e75d4e6f596aacf8da3
full_lqr_048+LegacyTaskLevelAdapter,incumbent,native_development_196,setpoint,strong_sustained,opposed,True,False,True,0.5797529462370099,0.9851514050945911,1.0449116502838944,0.8123287856568313,0.15996434793679262,0.34904101305347174,0.26379864505873046,6.2299999999999995,16965.409050939128,0.0,0.0,93.6290676425348,0.11565363636363636,0.15060999999999994,0.18177100000000013,0.4203,0.0,NATIVE_STACK_BENCHMARK_V1_1_AUTHORITATIVE,116d81a871c612166882b61dc2616fbbf3711d82e0298cfe03446e2c20e6e723
full_lqr_048+LegacyTaskLevelAdapter,incumbent,native_development_197,smooth_trajectory,strong_sustained,opposed,True,False,False,0.33470510076918564,0.6177142446324808,0.6545478521604863,0.5069347033680663,0.09362452327717333,0.07737014919335901,0.678703770833221,0.0,16895.09403615015,0.0,0.0,7.830485542917557,0.11023352272727271,0.15170499999999998,0.19210500000000005,0.3882,0.0,NATIVE_STACK_BENCHMARK_V1_1_AUTHORITATIVE,1d9ea893ef4be2840d87e7d582a44ce2dcef390660e5e48724fb4f1cfdd96e91
full_lqr_048+LegacyTaskLevelAdapter,incumbent,native_development_198,setpoint,strong_transient,opposed,False,True,False,5.889950279518427,12.488831231997032,15.271418707072273,3.4803538066879187,0.27882660269316584,16.388142777416284,0.34589666353945314,,17777.799162394946,0.0,0.0,113.3253520565182,0.11451049242424242,0.15030499999999997,0.19162200000000001,0.6468999999999999,0.0,NATIVE_STACK_BENCHMARK_V1_1_AUTHORITATIVE,e653a63241efe6da941f59faf0982773507d727ea90976e8eca5b328c474e1db
full_lqr_048+LegacyTaskLevelAdapter,incumbent,native_development_199,smooth_trajectory,strong_transient,opposed,True,False,True,0.080871136679556,0.15300602846379843,0.1643226645988849,0.11291311035532814,0.02412539424492415,0.06357826536362107,0.07446877758079076,0.0,16872.05847474685,0.0,0.0,2.1850630188695304,0.11093950757575759,0.14400499999999997,0.172761,0.4299,0.0,NATIVE_STACK_BENCHMARK_V1_1_AUTHORITATIVE,abe1e1427f34598d16b7876fe413f89293a48b69f9e2d1b550ceab73d70a651a
